time,open,high,low,close,volume
2025-04-16 11:00:00,0.328,0.43,0.28763,0.3796,133122914.0
2025-04-16 11:30:00,0.3796,0.4287,0.34738,0.38935,106640527.0
2025-04-16 12:00:00,0.38936,0.395,0.342,0.34983,86318860.0
2025-04-16 12:30:00,0.34983,0.35758,0.26103,0.27206,97822714.0
2025-04-16 13:00:00,0.27185,0.28056,0.22162,0.2283,135413561.0
2025-04-16 13:30:00,0.22813,0.26527,0.21258,0.2362,210328941.0
2025-04-16 14:00:00,0.23634,0.2499,0.23,0.23741,69682358.0
2025-04-16 14:30:00,0.23741,0.24477,0.22906,0.2361,56760426.0
2025-04-16 15:00:00,0.2361,0.248,0.22559,0.24646,58247382.0
2025-04-16 15:30:00,0.24655,0.24864,0.22843,0.23019,53888258.0
2025-04-16 16:00:00,0.23019,0.25147,0.16854,0.1734,329208852.0
2025-04-16 16:30:00,0.17352,0.1876,0.16842,0.18474,108446264.0
2025-04-16 17:00:00,0.18474,0.19,0.17733,0.18115,70052358.0
2025-04-16 17:30:00,0.18117,0.18447,0.17009,0.17616,50551035.0
2025-04-16 18:00:00,0.17616,0.17725,0.16408,0.16632,83964833.0
2025-04-16 18:30:00,0.1664,0.17777,0.16513,0.17594,48351664.0
2025-04-16 19:00:00,0.17592,0.18,0.168,0.16979,36852357.0
2025-04-16 19:30:00,0.16975,0.17605,0.15871,0.16653,71250703.0
2025-04-16 20:00:00,0.16656,0.16754,0.1503,0.15681,80249504.0
2025-04-16 20:30:00,0.15678,0.16524,0.15344,0.15972,52513280.0
2025-04-16 21:00:00,0.1597,0.16165,0.15563,0.16125,27756461.0
2025-04-16 21:30:00,0.16121,0.16386,0.14541,0.1478,89252944.0
2025-04-16 22:00:00,0.14777,0.15062,0.14265,0.14477,85198835.0
2025-04-16 22:30:00,0.14483,0.14948,0.13953,0.14096,72613173.0
2025-04-16 23:00:00,0.14088,0.14217,0.12965,0.13302,104622560.0
2025-04-16 23:30:00,0.13307,0.14333,0.13234,0.13771,82576523.0
2025-04-17 00:00:00,0.13769,0.14142,0.11573,0.1174,186982008.0
2025-04-17 00:30:00,0.11749,0.1325,0.11678,0.13244,121808482.0
2025-04-17 01:00:00,0.13236,0.14349,0.12706,0.13732,157355517.0
2025-04-17 01:30:00,0.13734,0.14833,0.13725,0.14091,214872587.0
2025-04-17 02:00:00,0.14091,0.14482,0.1336,0.14047,155273376.0
2025-04-17 02:30:00,0.14053,0.14318,0.13694,0.1424,66555888.0
2025-04-17 03:00:00,0.14239,0.14823,0.1415,0.14507,66270969.0
2025-04-17 03:30:00,0.14502,0.14659,0.1253,0.14052,90070452.0
2025-04-17 04:00:00,0.14052,0.14133,0.13056,0.13479,110405624.0
2025-04-17 04:30:00,0.13472,0.13955,0.13437,0.13758,61580648.0
2025-04-17 05:00:00,0.13744,0.14943,0.13566,0.14369,81723905.0
2025-04-17 05:30:00,0.14365,0.16096,0.14342,0.14744,124600938.0
2025-04-17 06:00:00,0.14744,0.1484,0.14242,0.14576,73703250.0
2025-04-17 06:30:00,0.1458,0.15195,0.14412,0.15089,49434826.0
2025-04-17 07:00:00,0.1508,0.15964,0.14843,0.15488,88683086.0
2025-04-17 07:30:00,0.15486,0.15555,0.15024,0.15399,56690019.0
2025-04-17 08:00:00,0.15399,0.154,0.1494,0.15157,64844414.0
2025-04-17 08:30:00,0.15157,0.15176,0.13825,0.14626,95039874.0
2025-04-17 09:00:00,0.14625,0.15787,0.14622,0.15507,107312749.0
2025-04-17 09:30:00,0.15511,0.1612,0.15489,0.15597,82890895.0
2025-04-17 10:00:00,0.15597,0.171,0.15222,0.16945,184058385.0
2025-04-17 10:30:00,0.1695,0.191,0.1692,0.1887,273942379.0
2025-04-17 11:00:00,0.18866,0.19221,0.1737,0.18099,196689000.0
2025-04-17 11:30:00,0.18099,0.18678,0.1782,0.18349,129556026.0
2025-04-17 12:00:00,0.18337,0.18343,0.1612,0.16341,242704159.0
2025-04-17 12:30:00,0.16344,0.17172,0.1626,0.16585,123425853.0
2025-04-17 13:00:00,0.16587,0.16729,0.15632,0.16408,120195486.0
2025-04-17 13:30:00,0.16407,0.16717,0.1618,0.16317,84290099.0
2025-04-17 14:00:00,0.1631,0.16454,0.1554,0.15906,114772972.0
2025-04-17 14:30:00,0.15908,0.16465,0.15716,0.16274,82257061.0
2025-04-17 15:00:00,0.16274,0.16777,0.16087,0.16655,64326371.0
2025-04-17 15:30:00,0.1666,0.16673,0.1591,0.16235,85920070.0
2025-04-17 16:00:00,0.16242,0.17183,0.15474,0.16497,145020761.0
2025-04-17 16:30:00,0.16506,0.16862,0.1608,0.16236,53066624.0
2025-04-17 17:00:00,0.16241,0.16528,0.15962,0.16327,31498084.0
2025-04-17 17:30:00,0.16322,0.16692,0.16281,0.16618,39643909.0
2025-04-17 18:00:00,0.16611,0.16615,0.16013,0.16194,30049832.0
2025-04-17 18:30:00,0.16198,0.16436,0.16119,0.16379,14987473.0
2025-04-17 19:00:00,0.16377,0.16414,0.16083,0.16297,21196552.0
2025-04-17 19:30:00,0.16297,0.1664,0.16262,0.16534,25425953.0
2025-04-17 20:00:00,0.16535,0.17766,0.16238,0.16833,84955597.0
2025-04-17 20:30:00,0.16834,0.17249,0.16684,0.17024,27401100.0
2025-04-17 21:00:00,0.17029,0.17618,0.16825,0.17401,31916030.0
2025-04-17 21:30:00,0.17403,0.17699,0.17264,0.17651,32313471.0
2025-04-17 22:00:00,0.17651,0.1825,0.17274,0.17708,62948653.0
2025-04-17 22:30:00,0.17705,0.18877,0.17642,0.18679,64686824.0
2025-04-17 23:00:00,0.18672,0.20484,0.18432,0.20115,159956310.0
2025-04-17 23:30:00,0.20114,0.21425,0.20105,0.21227,137420521.0
2025-04-18 00:00:00,0.21229,0.22693,0.20006,0.20982,360715575.0
2025-04-18 00:30:00,0.2097,0.227,0.20575,0.21802,161377045.0
2025-04-18 01:00:00,0.2181,0.2316,0.215,0.22118,161923063.0
2025-04-18 01:30:00,0.22108,0.23,0.21914,0.23,134423792.0
2025-04-18 02:00:00,0.23,0.23781,0.20706,0.2213,274111754.0
2025-04-18 02:30:00,0.22131,0.24198,0.21966,0.23256,132597916.0
2025-04-18 03:00:00,0.23253,0.23948,0.22909,0.23467,82734522.0
2025-04-18 03:30:00,0.23475,0.2388,0.2288,0.23863,80909420.0
2025-04-18 04:00:00,0.23863,0.23927,0.22605,0.23112,103631049.0
2025-04-18 04:30:00,0.23112,0.23129,0.21845,0.2286,144708437.0
2025-04-18 05:00:00,0.22857,0.233,0.22564,0.2316,74411282.0
2025-04-18 05:30:00,0.2316,0.23233,0.22301,0.22557,105719956.0
2025-04-18 06:00:00,0.22552,0.226,0.21112,0.2193,158910550.0
2025-04-18 06:30:00,0.21928,0.22205,0.2155,0.22076,50671969.0
2025-04-18 07:00:00,0.22075,0.23189,0.21929,0.22936,103501895.0
2025-04-18 07:30:00,0.22933,0.2367,0.2273,0.2349,86808965.0
2025-04-18 08:00:00,0.23491,0.2415,0.22896,0.23589,132071413.0
2025-04-18 08:30:00,0.23588,0.24604,0.23529,0.23769,114393303.0
2025-04-18 09:00:00,0.23762,0.24104,0.233,0.23849,87113430.0
2025-04-18 09:30:00,0.23849,0.2432,0.23711,0.238,80040070.0
2025-04-18 10:00:00,0.23801,0.23926,0.2273,0.23177,113894292.0
2025-04-18 10:30:00,0.23174,0.23958,0.23166,0.23546,74367816.0
2025-04-18 11:00:00,0.2355,0.23676,0.22028,0.2255,87697760.0
2025-04-18 11:30:00,0.2255,0.23419,0.22117,0.2317,100735063.0
2025-04-18 12:00:00,0.23161,0.23168,0.22185,0.22355,80178007.0
2025-04-18 12:30:00,0.22356,0.226,0.2175,0.22169,73668068.0
2025-04-18 13:00:00,0.22166,0.22289,0.20823,0.21979,106628727.0
2025-04-18 13:30:00,0.2198,0.23461,0.21746,0.23077,144891483.0
2025-04-18 14:00:00,0.23078,0.23127,0.22202,0.22479,94296257.0
2025-04-18 14:30:00,0.22477,0.23026,0.22133,0.22563,60022968.0
2025-04-18 15:00:00,0.22565,0.2375,0.22532,0.23152,98801227.0
2025-04-18 15:30:00,0.23156,0.236,0.229,0.23014,63242341.0
2025-04-18 16:00:00,0.23014,0.2305,0.22545,0.22917,58269935.0
2025-04-18 16:30:00,0.22916,0.23043,0.2252,0.22722,38979724.0
2025-04-18 17:00:00,0.22715,0.2286,0.223,0.22604,36388362.0
2025-04-18 17:30:00,0.22603,0.2289,0.22527,0.22657,21768884.0
2025-04-18 18:00:00,0.22657,0.22657,0.22122,0.2246,32309606.0
2025-04-18 18:30:00,0.22455,0.231,0.22414,0.2284,30960535.0
2025-04-18 19:00:00,0.22835,0.235,0.22789,0.23393,37793798.0
2025-04-18 19:30:00,0.23393,0.23462,0.23073,0.23367,23892838.0
2025-04-18 20:00:00,0.23367,0.23367,0.22831,0.23181,29503786.0
2025-04-18 20:30:00,0.23181,0.24425,0.23176,0.24266,65242201.0
2025-04-18 21:00:00,0.24259,0.25799,0.24128,0.25593,111597173.0
2025-04-18 21:30:00,0.25582,0.26,0.246,0.25347,82432929.0
2025-04-18 22:00:00,0.25347,0.26154,0.24905,0.25647,76045553.0
2025-04-18 22:30:00,0.25648,0.27376,0.25619,0.2686,104278767.0
2025-04-18 23:00:00,0.26866,0.28833,0.26759,0.28274,129936667.0
2025-04-18 23:30:00,0.2827,0.29749,0.28,0.29282,132459171.0
2025-04-19 00:00:00,0.29274,0.29297,0.272,0.27803,218455322.0
2025-04-19 00:30:00,0.27803,0.28835,0.27769,0.28011,87742998.0
2025-04-19 01:00:00,0.28005,0.285,0.24655,0.25054,173704200.0
2025-04-19 01:30:00,0.25054,0.26666,0.24942,0.26454,134116397.0
2025-04-19 02:00:00,0.26454,0.26996,0.25811,0.26156,92569230.0
2025-04-19 02:30:00,0.26169,0.27,0.2588,0.26937,61447345.0
2025-04-19 03:00:00,0.26942,0.27495,0.2652,0.2674,57936761.0
2025-04-19 03:30:00,0.2674,0.2775,0.26734,0.27701,59982299.0
2025-04-19 04:00:00,0.27701,0.28,0.2705,0.27595,62377905.0
2025-04-19 04:30:00,0.27584,0.2832,0.2726,0.27787,47701718.0
2025-04-19 05:00:00,0.27792,0.27903,0.2683,0.27487,44083802.0
2025-04-19 05:30:00,0.27481,0.28438,0.27441,0.27985,56696479.0
2025-04-19 06:00:00,0.27986,0.28,0.27325,0.27594,44975617.0
2025-04-19 06:30:00,0.27598,0.2785,0.27152,0.27495,26232129.0
2025-04-19 07:00:00,0.27495,0.2764,0.26692,0.27224,50567801.0
2025-04-19 07:30:00,0.27218,0.27712,0.26985,0.272,38992025.0
2025-04-19 08:00:00,0.27192,0.27198,0.2612,0.26591,64302070.0
2025-04-19 08:30:00,0.2659,0.27042,0.26112,0.27007,54045302.0
2025-04-19 09:00:00,0.27007,0.275,0.26735,0.27293,46940104.0
2025-04-19 09:30:00,0.27298,0.27771,0.27243,0.27418,36384504.0
2025-04-19 10:00:00,0.27418,0.27685,0.27137,0.27386,32710933.0
2025-04-19 10:30:00,0.27387,0.2742,0.26964,0.27298,29475757.0
2025-04-19 11:00:00,0.27298,0.28486,0.27243,0.28353,69633020.0
2025-04-19 11:30:00,0.28353,0.29493,0.27927,0.28913,93950646.0
2025-04-19 12:00:00,0.28901,0.30237,0.28413,0.29736,129913562.0
2025-04-19 12:30:00,0.29734,0.32,0.29714,0.31008,191578385.0
2025-04-19 13:00:00,0.31012,0.31617,0.30606,0.31294,88954079.0
2025-04-19 13:30:00,0.31285,0.31799,0.30806,0.30957,87837344.0
2025-04-19 14:00:00,0.30957,0.30957,0.29133,0.30296,135121549.0
2025-04-19 14:30:00,0.30298,0.30333,0.29486,0.29586,50525503.0
2025-04-19 15:00:00,0.29586,0.30382,0.29304,0.30381,47252694.0
2025-04-19 15:30:00,0.30384,0.30458,0.29173,0.29585,54168892.0
2025-04-19 16:00:00,0.29583,0.31123,0.29412,0.30864,68385413.0
2025-04-19 16:30:00,0.30868,0.31246,0.30525,0.30676,47936870.0
2025-04-19 17:00:00,0.30676,0.31163,0.3014,0.30424,38352360.0
2025-04-19 17:30:00,0.30426,0.3124,0.30236,0.31176,35882701.0
2025-04-19 18:00:00,0.31176,0.31176,0.29111,0.29551,61379107.0
2025-04-19 18:30:00,0.29548,0.3026,0.29333,0.30084,34295578.0
2025-04-19 19:00:00,0.30077,0.307,0.30004,0.30048,29163620.0
2025-04-19 19:30:00,0.30047,0.314,0.30022,0.30815,33557940.0
2025-04-19 20:00:00,0.30808,0.33,0.30393,0.32383,77733837.0
2025-04-19 20:30:00,0.32385,0.32903,0.30715,0.31471,76327729.0
2025-04-19 21:00:00,0.31457,0.32125,0.30971,0.31796,32713597.0
2025-04-19 21:30:00,0.31797,0.323,0.31446,0.32222,19201991.0
2025-04-19 22:00:00,0.32219,0.33518,0.3153,0.32653,43344971.0
2025-04-19 22:30:00,0.32653,0.32687,0.31344,0.3196,43365937.0
2025-04-19 23:00:00,0.31954,0.32123,0.30692,0.31523,47213620.0
2025-04-19 23:30:00,0.31523,0.31617,0.3,0.30274,45282260.0
2025-04-20 00:00:00,0.30264,0.30998,0.2746,0.29602,134469468.0
2025-04-20 00:30:00,0.29609,0.29898,0.29,0.29035,41269248.0
2025-04-20 01:00:00,0.2903,0.33345,0.29,0.30045,69138555.0
2025-04-20 01:30:00,0.30047,0.30257,0.2905,0.30135,36830910.0
2025-04-20 02:00:00,0.30127,0.31389,0.29311,0.30546,45760280.0
2025-04-20 02:30:00,0.30548,0.30756,0.29776,0.29891,27235561.0
2025-04-20 03:00:00,0.29889,0.30349,0.2974,0.30214,21282810.0
2025-04-20 03:30:00,0.30211,0.30246,0.29644,0.29849,17011120.0
2025-04-20 04:00:00,0.29843,0.30034,0.29374,0.29735,24816391.0
2025-04-20 04:30:00,0.29733,0.3039,0.29342,0.30211,23654894.0
2025-04-20 05:00:00,0.3021,0.30305,0.29552,0.2981,16114754.0
2025-04-20 05:30:00,0.29805,0.30838,0.29747,0.30485,28970845.0
2025-04-20 06:00:00,0.30475,0.30475,0.29725,0.29821,21022104.0
2025-04-20 06:30:00,0.29815,0.2998,0.29212,0.29618,22210412.0
2025-04-20 07:00:00,0.29617,0.30406,0.29573,0.30259,18694995.0
2025-04-20 07:30:00,0.30251,0.30717,0.30165,0.30422,16858277.0
2025-04-20 08:00:00,0.30418,0.30595,0.30081,0.30305,18527962.0
2025-04-20 08:30:00,0.30305,0.31115,0.302,0.30729,29950105.0
2025-04-20 09:00:00,0.30729,0.30742,0.302,0.30352,14913557.0
2025-04-20 09:30:00,0.30352,0.30434,0.29277,0.29574,33704995.0
2025-04-20 10:00:00,0.29573,0.30168,0.29312,0.29965,21319017.0
2025-04-20 10:30:00,0.29973,0.30012,0.2887,0.29229,19676429.0
2025-04-20 11:00:00,0.29226,0.29451,0.251,0.27306,98876274.0
2025-04-20 11:30:00,0.27295,0.295,0.27062,0.28961,71782477.0
2025-04-20 12:00:00,0.28956,0.28957,0.2778,0.28077,36198174.0
2025-04-20 12:30:00,0.28083,0.28365,0.26747,0.2727,36258162.0
2025-04-20 13:00:00,0.2727,0.28571,0.27033,0.28377,37589436.0
2025-04-20 13:30:00,0.28384,0.2888,0.28131,0.28623,28644334.0
2025-04-20 14:00:00,0.28623,0.28623,0.27001,0.27753,34278944.0
2025-04-20 14:30:00,0.27763,0.28177,0.27554,0.27723,20228388.0
2025-04-20 15:00:00,0.27721,0.28072,0.26478,0.27169,33891739.0
2025-04-20 15:30:00,0.27169,0.27464,0.25873,0.26637,41770828.0
2025-04-20 16:00:00,0.26629,0.26629,0.24514,0.25564,102127135.0
2025-04-20 16:30:00,0.25569,0.25904,0.24584,0.25262,48824338.0
2025-04-20 17:00:00,0.2526,0.25383,0.23167,0.23637,74406411.0
2025-04-20 17:30:00,0.23635,0.2541,0.23602,0.25373,67028868.0
2025-04-20 18:00:00,0.25369,0.27176,0.25061,0.2708,79234877.0
2025-04-20 18:30:00,0.27075,0.27799,0.26014,0.27001,56998558.0
2025-04-20 19:00:00,0.27003,0.27075,0.25829,0.25964,53532713.0
2025-04-20 19:30:00,0.25971,0.26888,0.25901,0.26569,37958313.0
2025-04-20 20:00:00,0.26567,0.27712,0.25965,0.27363,41159488.0
2025-04-20 20:30:00,0.2736,0.27878,0.27286,0.27747,25286739.0
2025-04-20 21:00:00,0.27744,0.287,0.27,0.278,49678489.0
2025-04-20 21:30:00,0.27809,0.28494,0.276,0.2834,24361798.0
2025-04-20 22:00:00,0.2834,0.29183,0.27605,0.28898,44061454.0
2025-04-20 22:30:00,0.28901,0.29899,0.2872,0.29181,35265075.0
2025-04-20 23:00:00,0.29182,0.29763,0.28667,0.28932,33953157.0
2025-04-20 23:30:00,0.28935,0.2925,0.2836,0.28701,31657939.0
2025-04-21 00:00:00,0.28702,0.28834,0.27327,0.27827,62355455.0
2025-04-21 00:30:00,0.27827,0.27885,0.26299,0.27171,49488977.0
2025-04-21 01:00:00,0.27179,0.27698,0.27095,0.27379,29064673.0
2025-04-21 01:30:00,0.27379,0.28,0.27129,0.27877,26773478.0
2025-04-21 02:00:00,0.27876,0.27876,0.268,0.27165,24317095.0
2025-04-21 02:30:00,0.27165,0.27543,0.27058,0.27089,13498140.0
2025-04-21 03:00:00,0.27096,0.27685,0.26749,0.27578,22517858.0
2025-04-21 03:30:00,0.27574,0.279,0.27376,0.27803,21903532.0
2025-04-21 04:00:00,0.27805,0.27805,0.27104,0.27245,14327119.0
2025-04-21 04:30:00,0.27239,0.27368,0.27018,0.272,8823219.0
2025-04-21 05:00:00,0.27199,0.27464,0.26877,0.27297,15145928.0
2025-04-21 05:30:00,0.273,0.27329,0.2689,0.27026,12539092.0
2025-04-21 06:00:00,0.27025,0.2722,0.26462,0.27017,24607893.0
2025-04-21 06:30:00,0.27017,0.27017,0.26545,0.26876,10326996.0
2025-04-21 07:00:00,0.26877,0.27122,0.26841,0.27099,10413427.0
2025-04-21 07:30:00,0.27101,0.27332,0.2691,0.27219,12693692.0
2025-04-21 08:00:00,0.27218,0.27328,0.26856,0.26918,11138963.0
2025-04-21 08:30:00,0.26917,0.26927,0.26181,0.26366,17963093.0
2025-04-21 09:00:00,0.2637,0.26693,0.25984,0.26418,29078673.0
2025-04-21 09:30:00,0.26421,0.26561,0.26029,0.26449,15665320.0
2025-04-21 10:00:00,0.26449,0.26787,0.26104,0.26567,17482067.0
2025-04-21 10:30:00,0.26567,0.26798,0.26313,0.26754,12585962.0
2025-04-21 11:00:00,0.2675,0.27882,0.26709,0.27481,36037093.0
2025-04-21 11:30:00,0.2748,0.27816,0.2722,0.27658,36342479.0
2025-04-21 12:00:00,0.27658,0.27658,0.26833,0.27149,27240209.0
2025-04-21 12:30:00,0.2715,0.27186,0.26537,0.26872,17806717.0
2025-04-21 13:00:00,0.26884,0.27186,0.2663,0.26738,13946862.0
2025-04-21 13:30:00,0.26726,0.272,0.26615,0.27107,13325874.0
2025-04-21 14:00:00,0.27107,0.27112,0.26656,0.27003,14879494.0
2025-04-21 14:30:00,0.27003,0.27019,0.26125,0.26471,20971498.0
2025-04-21 15:00:00,0.26462,0.26648,0.26292,0.26474,9400530.0
2025-04-21 15:30:00,0.26476,0.27061,0.26419,0.27038,13564402.0
2025-04-21 16:00:00,0.27036,0.27065,0.26544,0.26951,12907232.0
2025-04-21 16:30:00,0.26952,0.27602,0.26776,0.27501,13837609.0
2025-04-21 17:00:00,0.27499,0.27751,0.26825,0.2742,20040871.0
2025-04-21 17:30:00,0.27425,0.27967,0.27279,0.27839,19865107.0
2025-04-21 18:00:00,0.2784,0.2784,0.26709,0.27119,17071391.0
2025-04-21 18:30:00,0.2711,0.27227,0.26798,0.26996,9534616.0
2025-04-21 19:00:00,0.26998,0.28529,0.26981,0.2847,25398053.0
2025-04-21 19:30:00,0.28466,0.28554,0.27371,0.27492,28005904.0
2025-04-21 20:00:00,0.27496,0.27496,0.26963,0.27062,16375409.0
2025-04-21 20:30:00,0.27071,0.27274,0.27,0.27021,7020322.0
2025-04-21 21:00:00,0.27021,0.27446,0.27014,0.27116,7375257.0
2025-04-21 21:30:00,0.27105,0.27522,0.27021,0.27448,7028472.0
2025-04-21 22:00:00,0.27449,0.27451,0.26752,0.27012,12550470.0
2025-04-21 22:30:00,0.27012,0.27234,0.26611,0.26707,8039068.0
2025-04-21 23:00:00,0.26703,0.26864,0.26287,0.26564,9218928.0
2025-04-21 23:30:00,0.26565,0.26651,0.26172,0.26444,12262078.0
2025-04-22 00:00:00,0.26449,0.26449,0.24881,0.25053,49652729.0
2025-04-22 00:30:00,0.25044,0.2561,0.25037,0.25281,24156441.0
2025-04-22 01:00:00,0.25293,0.25359,0.24949,0.25232,16862863.0
2025-04-22 01:30:00,0.25228,0.25489,0.25013,0.25244,15693985.0
2025-04-22 02:00:00,0.25256,0.25494,0.25028,0.25208,11917597.0
2025-04-22 02:30:00,0.25214,0.25435,0.25,0.25103,7401133.0
2025-04-22 03:00:00,0.251,0.25187,0.24777,0.24897,14829829.0
2025-04-22 03:30:00,0.24898,0.24913,0.24374,0.245,20819203.0
2025-04-22 04:00:00,0.24497,0.24672,0.2402,0.24063,19959728.0
2025-04-22 04:30:00,0.24063,0.24175,0.23609,0.2373,17474580.0
2025-04-22 05:00:00,0.23733,0.23999,0.23037,0.23563,43161495.0
2025-04-22 05:30:00,0.23564,0.24475,0.23268,0.23946,34879840.0
2025-04-22 06:00:00,0.23947,0.24239,0.23704,0.23924,17025305.0
2025-04-22 06:30:00,0.23926,0.25086,0.23914,0.24489,36887968.0
2025-04-22 07:00:00,0.24479,0.2482,0.2438,0.24678,17864010.0
2025-04-22 07:30:00,0.24678,0.25573,0.24599,0.25293,31743025.0
2025-04-22 08:00:00,0.25293,0.25463,0.2456,0.24737,25237042.0
2025-04-22 08:30:00,0.24738,0.25234,0.24701,0.24766,17776336.0
2025-04-22 09:00:00,0.24766,0.24954,0.24531,0.24582,10035546.0
2025-04-22 09:30:00,0.24591,0.24605,0.24129,0.24443,15527876.0
2025-04-22 10:00:00,0.24443,0.2466,0.24257,0.24304,12617819.0
2025-04-22 10:30:00,0.24305,0.24627,0.24265,0.2438,7861316.0
2025-04-22 11:00:00,0.24381,0.24381,0.23878,0.24076,13381339.0
2025-04-22 11:30:00,0.24077,0.24235,0.23911,0.24106,9647974.0
2025-04-22 12:00:00,0.2411,0.24202,0.23736,0.23916,16360084.0
2025-04-22 12:30:00,0.23913,0.23921,0.23277,0.23872,20107848.0
2025-04-22 13:00:00,0.23869,0.24045,0.23724,0.23737,9849413.0
2025-04-22 13:30:00,0.23737,0.23944,0.23445,0.23883,11447724.0
2025-04-22 14:00:00,0.2388,0.23953,0.23546,0.23598,6492899.0
2025-04-22 14:30:00,0.23598,0.24176,0.23542,0.23964,14711649.0
2025-04-22 15:00:00,0.23958,0.24214,0.2305,0.23335,25012611.0
2025-04-22 15:30:00,0.23332,0.23527,0.23186,0.2334,9620692.0
2025-04-22 16:00:00,0.23336,0.23751,0.23233,0.23614,8045438.0
2025-04-22 16:30:00,0.23615,0.23872,0.23522,0.23825,5493348.0
2025-04-22 17:00:00,0.23827,0.23832,0.23328,0.2334,5741052.0
2025-04-22 17:30:00,0.2334,0.23371,0.22897,0.2311,10365494.0
2025-04-22 18:00:00,0.2311,0.23729,0.23079,0.23612,7495108.0
2025-04-22 18:30:00,0.23612,0.23944,0.23527,0.23735,7802484.0
2025-04-22 19:00:00,0.23738,0.23828,0.23573,0.23658,5272904.0
2025-04-22 19:30:00,0.23658,0.23828,0.23529,0.23592,4455155.0
2025-04-22 20:00:00,0.23584,0.23716,0.23261,0.23372,5574438.0
2025-04-22 20:30:00,0.2338,0.23583,0.23293,0.23315,3786451.0
2025-04-22 21:00:00,0.23316,0.23478,0.23206,0.23219,5494288.0
2025-04-22 21:30:00,0.23215,0.23252,0.2238,0.2252,16967581.0
2025-04-22 22:00:00,0.22528,0.23429,0.22504,0.23137,17157243.0
2025-04-22 22:30:00,0.23137,0.23203,0.22341,0.22387,13628214.0
2025-04-22 23:00:00,0.22387,0.22635,0.22001,0.22528,23737643.0
2025-04-22 23:30:00,0.22529,0.22918,0.22399,0.22741,12877943.0
2025-04-23 00:00:00,0.22736,0.2421,0.22667,0.23148,70388764.0
2025-04-23 00:30:00,0.23147,0.23242,0.22221,0.2234,21257930.0
2025-04-23 01:00:00,0.22341,0.2245,0.2087,0.21119,49640947.0
2025-04-23 01:30:00,0.2112,0.21191,0.207,0.21104,27151113.0
2025-04-23 02:00:00,0.21104,0.21289,0.20886,0.21139,19238106.0
2025-04-23 02:30:00,0.21139,0.21419,0.21002,0.21253,11156042.0
2025-04-23 03:00:00,0.21253,0.21611,0.21158,0.21522,15238490.0
2025-04-23 03:30:00,0.21522,0.21529,0.21062,0.21141,12307295.0
2025-04-23 04:00:00,0.21141,0.21192,0.20775,0.20899,16328706.0
2025-04-23 04:30:00,0.20897,0.21076,0.20804,0.20958,8278935.0
2025-04-23 05:00:00,0.20969,0.20982,0.20493,0.20608,14900717.0
2025-04-23 05:30:00,0.20609,0.20787,0.20554,0.20709,8189059.0
2025-04-23 06:00:00,0.20705,0.20746,0.20504,0.20586,7605685.0
2025-04-23 06:30:00,0.20586,0.20926,0.20527,0.20845,9784209.0
2025-04-23 07:00:00,0.20851,0.21092,0.20572,0.2065,17093594.0
2025-04-23 07:30:00,0.2065,0.20895,0.20621,0.20843,7861343.0
2025-04-23 08:00:00,0.20843,0.20859,0.20553,0.20666,6607748.0
2025-04-23 08:30:00,0.20665,0.20829,0.20609,0.20701,5949825.0
2025-04-23 09:00:00,0.20698,0.20856,0.2056,0.20846,6407137.0
2025-04-23 09:30:00,0.20842,0.2123,0.20784,0.20822,14368742.0
2025-04-23 10:00:00,0.20816,0.21336,0.20778,0.21014,12378451.0
2025-04-23 10:30:00,0.21011,0.2169,0.21,0.21263,23137889.0
2025-04-23 11:00:00,0.21263,0.21353,0.20851,0.21112,9762063.0
2025-04-23 11:30:00,0.21111,0.21418,0.21066,0.21093,7607359.0
2025-04-23 12:00:00,0.21084,0.21224,0.20835,0.20847,7325689.0
2025-04-23 12:30:00,0.20848,0.21035,0.20823,0.20951,6103501.0
2025-04-23 13:00:00,0.20951,0.21084,0.20663,0.21019,10281269.0
2025-04-23 13:30:00,0.21023,0.2124,0.20923,0.21027,12225870.0
2025-04-23 14:00:00,0.2103,0.21191,0.20761,0.209,7280112.0
2025-04-23 14:30:00,0.20902,0.21285,0.20858,0.21068,7639967.0
2025-04-23 15:00:00,0.21066,0.21069,0.20506,0.2064,13365971.0
2025-04-23 15:30:00,0.20641,0.20723,0.205,0.20599,5262641.0
2025-04-23 16:00:00,0.20599,0.20613,0.19611,0.19693,27584981.0
2025-04-23 16:30:00,0.1969,0.2012,0.19462,0.19884,19424724.0
2025-04-23 17:00:00,0.19882,0.20224,0.1932,0.19598,15011292.0
2025-04-23 17:30:00,0.19595,0.19806,0.19453,0.19771,9262669.0
2025-04-23 18:00:00,0.19771,0.2029,0.19663,0.20153,14677402.0
2025-04-23 18:30:00,0.20155,0.20186,0.1992,0.19955,5542971.0
2025-04-23 19:00:00,0.19952,0.20352,0.19916,0.20308,7556449.0
2025-04-23 19:30:00,0.20303,0.20349,0.20056,0.20156,6152601.0
2025-04-23 20:00:00,0.20155,0.20172,0.19782,0.19814,7184076.0
2025-04-23 20:30:00,0.19815,0.20109,0.19608,0.20073,8558879.0
2025-04-23 21:00:00,0.20075,0.20133,0.19717,0.19876,7178683.0
2025-04-23 21:30:00,0.19877,0.19887,0.19516,0.19651,4513437.0
2025-04-23 22:00:00,0.19651,0.19749,0.19484,0.19669,5245114.0
2025-04-23 22:30:00,0.19669,0.19886,0.19522,0.19838,3461849.0
2025-04-23 23:00:00,0.19839,0.20103,0.19712,0.19988,6134795.0
2025-04-23 23:30:00,0.19985,0.20634,0.19862,0.20465,13286658.0
2025-04-24 00:00:00,0.20465,0.20789,0.19473,0.19634,57894475.0
2025-04-24 00:30:00,0.19645,0.20806,0.19369,0.20778,32207260.0
2025-04-24 01:00:00,0.20779,0.21696,0.20569,0.2152,64264277.0
2025-04-24 01:30:00,0.21525,0.21606,0.20796,0.21076,27235804.0
2025-04-24 02:00:00,0.21077,0.21252,0.20592,0.2074,16320872.0
2025-04-24 02:30:00,0.20738,0.21277,0.20657,0.20998,15940533.0
2025-04-24 03:00:00,0.20997,0.21242,0.20708,0.20822,10505513.0
2025-04-24 03:30:00,0.20824,0.21013,0.19947,0.20135,22250704.0
2025-04-24 04:00:00,0.20133,0.20257,0.19863,0.20151,12350675.0
2025-04-24 04:30:00,0.2015,0.20153,0.1994,0.20021,5990704.0
2025-04-24 05:00:00,0.2002,0.20187,0.19571,0.19805,14511848.0
2025-04-24 05:30:00,0.19807,0.19938,0.1973,0.19831,5985296.0
2025-04-24 06:00:00,0.19833,0.20118,0.19776,0.19945,6941743.0
2025-04-24 06:30:00,0.19944,0.20088,0.19849,0.1985,4710138.0
2025-04-24 07:00:00,0.19851,0.20043,0.19706,0.2002,7819858.0
2025-04-24 07:30:00,0.2001,0.20012,0.19736,0.19952,6509497.0
2025-04-24 08:00:00,0.1995,0.21125,0.19866,0.2101,18120560.0
2025-04-24 08:30:00,0.21011,0.2304,0.2099,0.22238,80974170.0
2025-04-24 09:00:00,0.2224,0.22621,0.21297,0.22308,55061900.0
2025-04-24 09:30:00,0.22312,0.2232,0.21418,0.21723,31913213.0
2025-04-24 10:00:00,0.21723,0.21818,0.20613,0.20923,33152450.0
2025-04-24 10:30:00,0.20924,0.212,0.20787,0.21106,20582317.0
2025-04-24 11:00:00,0.21106,0.21782,0.21006,0.21705,25087514.0
2025-04-24 11:30:00,0.21702,0.22158,0.21678,0.21827,24466837.0
2025-04-24 12:00:00,0.21825,0.22028,0.21407,0.21579,25857484.0
2025-04-24 12:30:00,0.21566,0.2162,0.21382,0.21425,10463923.0
2025-04-24 13:00:00,0.21425,0.21637,0.21186,0.21509,11089619.0
2025-04-24 13:30:00,0.21507,0.21964,0.21402,0.21703,12598660.0
2025-04-24 14:00:00,0.217,0.21827,0.21154,0.21266,13891405.0
2025-04-24 14:30:00,0.21269,0.21539,0.2123,0.21429,6876584.0
2025-04-24 15:00:00,0.2143,0.22011,0.2143,0.21686,16601905.0
2025-04-24 15:30:00,0.21688,0.21907,0.21514,0.21822,9021254.0
2025-04-24 16:00:00,0.21821,0.21978,0.21642,0.2192,8402738.0
2025-04-24 16:30:00,0.21922,0.2201,0.21435,0.21669,11272494.0
2025-04-24 17:00:00,0.21669,0.22216,0.21655,0.21829,14339043.0
2025-04-24 17:30:00,0.2183,0.21932,0.21397,0.21558,9812964.0
2025-04-24 18:00:00,0.21551,0.21794,0.2137,0.21382,7532008.0
2025-04-24 18:30:00,0.21382,0.21461,0.21106,0.21299,6577850.0
2025-04-24 19:00:00,0.21299,0.21614,0.21294,0.21561,5592295.0
2025-04-24 19:30:00,0.21558,0.22034,0.2155,0.21862,10330103.0
2025-04-24 20:00:00,0.21862,0.21991,0.21724,0.21811,5369851.0
2025-04-24 20:30:00,0.21813,0.22083,0.215,0.21697,16012234.0
2025-04-24 21:00:00,0.21699,0.21715,0.21473,0.21523,8001526.0
2025-04-24 21:30:00,0.21522,0.2205,0.215,0.21949,6470958.0
2025-04-24 22:00:00,0.21946,0.22276,0.21818,0.21846,10543654.0
2025-04-24 22:30:00,0.21847,0.22233,0.21735,0.2206,9420757.0
2025-04-24 23:00:00,0.22063,0.22231,0.219,0.22115,6175682.0
2025-04-24 23:30:00,0.22125,0.22819,0.22058,0.22736,17290192.0
2025-04-25 00:00:00,0.22733,0.23098,0.21978,0.22333,42939924.0
2025-04-25 00:30:00,0.22332,0.2283,0.22136,0.22323,18266314.0
2025-04-25 01:00:00,0.22317,0.22478,0.21694,0.21763,16175529.0
2025-04-25 01:30:00,0.21763,0.21936,0.21623,0.21737,8506549.0
2025-04-25 02:00:00,0.21735,0.21897,0.2165,0.21797,6160430.0
2025-04-25 02:30:00,0.21799,0.21885,0.21505,0.2153,8066125.0
2025-04-25 03:00:00,0.21525,0.21623,0.21358,0.21432,8447814.0
2025-04-25 03:30:00,0.2143,0.216,0.21382,0.21421,5966398.0
2025-04-25 04:00:00,0.21422,0.21585,0.21307,0.21525,7274639.0
2025-04-25 04:30:00,0.21525,0.21616,0.21296,0.21399,6952334.0
2025-04-25 05:00:00,0.21402,0.21556,0.2137,0.21496,5030966.0
2025-04-25 05:30:00,0.21496,0.21669,0.21419,0.21645,6382951.0
2025-04-25 06:00:00,0.21644,0.21731,0.21409,0.21465,8199732.0
2025-04-25 06:30:00,0.21465,0.21524,0.21424,0.21463,4017361.0
2025-04-25 07:00:00,0.21465,0.21821,0.21411,0.2159,9086164.0
2025-04-25 07:30:00,0.21591,0.21614,0.2145,0.21536,5045664.0
2025-04-25 08:00:00,0.21535,0.21831,0.21456,0.21712,9420693.0
2025-04-25 08:30:00,0.21715,0.21756,0.21553,0.21728,4849954.0
2025-04-25 09:00:00,0.21722,0.21786,0.21434,0.21524,5807712.0
2025-04-25 09:30:00,0.21524,0.21789,0.21518,0.217,6987955.0
2025-04-25 10:00:00,0.21703,0.21729,0.21367,0.21549,7483046.0
2025-04-25 10:30:00,0.21554,0.216,0.2145,0.21499,3542181.0
2025-04-25 11:00:00,0.21501,0.21642,0.20955,0.21625,10762860.0
2025-04-25 11:30:00,0.21626,0.21823,0.21587,0.21738,7774766.0
2025-04-25 12:00:00,0.21737,0.21791,0.21461,0.2147,6501456.0
2025-04-25 12:30:00,0.21472,0.21534,0.21417,0.21471,5205075.0
2025-04-25 13:00:00,0.2147,0.2152,0.21385,0.21414,2980425.0
2025-04-25 13:30:00,0.21415,0.2145,0.2127,0.21372,5423719.0
2025-04-25 14:00:00,0.21371,0.2159,0.21357,0.21372,4169358.0
2025-04-25 14:30:00,0.21371,0.21583,0.21354,0.21512,4112087.0
2025-04-25 15:00:00,0.21515,0.21527,0.21312,0.21336,5208512.0
2025-04-25 15:30:00,0.21334,0.21376,0.2115,0.21268,4365941.0
2025-04-25 16:00:00,0.21268,0.21348,0.21152,0.21265,3565719.0
2025-04-25 16:30:00,0.21265,0.21376,0.21204,0.21305,2962595.0
2025-04-25 17:00:00,0.21307,0.2141,0.21182,0.21217,3039279.0
2025-04-25 17:30:00,0.21217,0.21221,0.20934,0.20977,6503936.0
2025-04-25 18:00:00,0.20979,0.21034,0.207,0.21021,7605269.0
2025-04-25 18:30:00,0.21022,0.2104,0.2095,0.21017,2308007.0
2025-04-25 19:00:00,0.21018,0.21076,0.21,0.21062,1912325.0
2025-04-25 19:30:00,0.2107,0.21211,0.21063,0.2115,2243832.0
2025-04-25 20:00:00,0.21155,0.2135,0.21133,0.21262,3444832.0
2025-04-25 20:30:00,0.2126,0.2137,0.21249,0.21278,1776846.0
2025-04-25 21:00:00,0.21278,0.21319,0.21157,0.21266,2927183.0
2025-04-25 21:30:00,0.21266,0.21298,0.21119,0.21127,1665251.0
2025-04-25 22:00:00,0.21127,0.2129,0.2107,0.2129,2880776.0
2025-04-25 22:30:00,0.21289,0.2129,0.21171,0.21231,1628886.0
2025-04-25 23:00:00,0.21233,0.2132,0.21186,0.21266,1802416.0
2025-04-25 23:30:00,0.21266,0.2145,0.21266,0.21377,3912673.0
2025-04-26 00:00:00,0.21381,0.21498,0.20723,0.20774,13070709.0
2025-04-26 00:30:00,0.20775,0.20914,0.20752,0.20817,4959049.0
2025-04-26 01:00:00,0.20818,0.21241,0.20783,0.21146,9283714.0
2025-04-26 01:30:00,0.21146,0.21151,0.20863,0.20867,5719780.0
2025-04-26 02:00:00,0.20864,0.2095,0.20794,0.2093,3636870.0
2025-04-26 02:30:00,0.20927,0.21038,0.20837,0.20919,3225883.0
2025-04-26 03:00:00,0.20919,0.20969,0.20752,0.20816,2818404.0
2025-04-26 03:30:00,0.20816,0.20886,0.2076,0.2085,2607608.0
2025-04-26 04:00:00,0.20857,0.20888,0.20556,0.20623,6549578.0
2025-04-26 04:30:00,0.20621,0.20625,0.20335,0.20569,8272428.0
2025-04-26 05:00:00,0.20569,0.20658,0.205,0.20541,2790472.0
2025-04-26 05:30:00,0.20546,0.207,0.20504,0.20662,1678521.0
2025-04-26 06:00:00,0.20662,0.20756,0.2062,0.20706,1725199.0
2025-04-26 06:30:00,0.20708,0.20792,0.20692,0.20706,1565109.0
2025-04-26 07:00:00,0.20712,0.20781,0.2055,0.20576,3050473.0
2025-04-26 07:30:00,0.20577,0.20597,0.20333,0.20346,5011132.0
2025-04-26 08:00:00,0.20348,0.20699,0.2018,0.20491,6664939.0
2025-04-26 08:30:00,0.2049,0.2049,0.20304,0.20371,2788005.0
2025-04-26 09:00:00,0.20371,0.2055,0.2028,0.20452,3810699.0
2025-04-26 09:30:00,0.20448,0.20472,0.20325,0.20367,2193538.0
2025-04-26 10:00:00,0.20367,0.2039,0.20247,0.20291,2438139.0
2025-04-26 10:30:00,0.20291,0.20419,0.2022,0.20398,2024252.0
2025-04-26 11:00:00,0.20401,0.20429,0.20161,0.20178,2474081.0
2025-04-26 11:30:00,0.20185,0.20193,0.19861,0.2003,6569836.0
2025-04-26 12:00:00,0.20034,0.20172,0.20005,0.20086,3435212.0
2025-04-26 12:30:00,0.20086,0.20122,0.19963,0.20036,2772649.0
2025-04-26 13:00:00,0.20037,0.20106,0.19761,0.19853,8124614.0
2025-04-26 13:30:00,0.19853,0.1995,0.19769,0.19906,3017827.0
2025-04-26 14:00:00,0.19909,0.1993,0.198,0.19872,2335642.0
2025-04-26 14:30:00,0.19874,0.20038,0.19827,0.20009,2521552.0
2025-04-26 15:00:00,0.20009,0.20041,0.198,0.19871,2890630.0
2025-04-26 15:30:00,0.19869,0.19996,0.19855,0.19978,2550945.0
2025-04-26 16:00:00,0.1998,0.19982,0.19759,0.19802,3098296.0
2025-04-26 16:30:00,0.19799,0.19882,0.1971,0.19807,3531114.0
2025-04-26 17:00:00,0.19807,0.19966,0.19768,0.19954,1988043.0
2025-04-26 17:30:00,0.19954,0.20039,0.19827,0.19863,1477715.0
2025-04-26 18:00:00,0.19863,0.19895,0.19792,0.1981,1441728.0
2025-04-26 18:30:00,0.1981,0.19867,0.19676,0.19684,2207855.0
2025-04-26 19:00:00,0.19685,0.19754,0.19588,0.19732,4207036.0
2025-04-26 19:30:00,0.19732,0.19933,0.19732,0.1992,2572448.0
2025-04-26 20:00:00,0.19918,0.19926,0.1975,0.19829,2626647.0
2025-04-26 20:30:00,0.19829,0.19848,0.19698,0.19709,2131618.0
2025-04-26 21:00:00,0.1971,0.19824,0.19686,0.19817,1643330.0
2025-04-26 21:30:00,0.19817,0.19882,0.19767,0.19871,1410360.0
2025-04-26 22:00:00,0.19873,0.20112,0.19856,0.20058,4121872.0
2025-04-26 22:30:00,0.20055,0.20066,0.19934,0.19978,2784016.0
2025-04-26 23:00:00,0.19974,0.20049,0.19945,0.20042,1659924.0
2025-04-26 23:30:00,0.20042,0.20158,0.20024,0.20066,3897393.0
2025-04-27 00:00:00,0.20065,0.2008,0.19623,0.19638,9251625.0
2025-04-27 00:30:00,0.19635,0.1973,0.19305,0.19598,9293361.0
2025-04-27 01:00:00,0.19598,0.1968,0.19374,0.19519,4715878.0
2025-04-27 01:30:00,0.1952,0.19541,0.19132,0.19162,7777956.0
2025-04-27 02:00:00,0.19159,0.19249,0.18757,0.19056,9971701.0
2025-04-27 02:30:00,0.1906,0.19148,0.19004,0.19044,3484876.0
2025-04-27 03:00:00,0.1904,0.19144,0.1897,0.18994,2650862.0
2025-04-27 03:30:00,0.18999,0.19208,0.18966,0.19185,3002127.0
2025-04-27 04:00:00,0.19183,0.19233,0.19108,0.19138,2496047.0
2025-04-27 04:30:00,0.19134,0.19205,0.19053,0.19141,2389215.0
2025-04-27 05:00:00,0.1914,0.19488,0.19119,0.19296,3826830.0
2025-04-27 05:30:00,0.19291,0.19444,0.19175,0.19361,2934953.0
2025-04-27 06:00:00,0.19362,0.19436,0.19302,0.19316,1699146.0
2025-04-27 06:30:00,0.19317,0.19442,0.19244,0.193,2703756.0
2025-04-27 07:00:00,0.19301,0.1938,0.19212,0.19314,1673094.0
2025-04-27 07:30:00,0.19315,0.1939,0.19231,0.19308,1506683.0
2025-04-27 08:00:00,0.19306,0.19378,0.19235,0.19348,1379653.0
2025-04-27 08:30:00,0.19347,0.19399,0.19307,0.19375,1503807.0
2025-04-27 09:00:00,0.19377,0.19405,0.19207,0.19392,2311919.0
2025-04-27 09:30:00,0.19392,0.19454,0.19286,0.19367,2301352.0
2025-04-27 10:00:00,0.19365,0.1938,0.1928,0.19345,1343851.0
2025-04-27 10:30:00,0.19345,0.1938,0.19287,0.19324,1652730.0
2025-04-27 11:00:00,0.19324,0.19339,0.19025,0.19078,5724222.0
2025-04-27 11:30:00,0.19077,0.19137,0.1901,0.19118,2726870.0
2025-04-27 12:00:00,0.19118,0.19192,0.1904,0.19041,1944877.0
2025-04-27 12:30:00,0.1904,0.19046,0.1842,0.18565,11934533.0
2025-04-27 13:00:00,0.18564,0.18643,0.18432,0.18557,3920969.0
2025-04-27 13:30:00,0.18557,0.18944,0.18557,0.18829,4135788.0
2025-04-27 14:00:00,0.1883,0.18929,0.18784,0.18861,2065839.0
2025-04-27 14:30:00,0.18861,0.18902,0.18661,0.18726,3849665.0
2025-04-27 15:00:00,0.18721,0.18841,0.18602,0.18793,2885267.0
2025-04-27 15:30:00,0.18793,0.189,0.18719,0.18857,1845071.0
2025-04-27 16:00:00,0.18857,0.18907,0.18725,0.18895,2687441.0
2025-04-27 16:30:00,0.18893,0.1895,0.18789,0.18803,1806164.0
2025-04-27 17:00:00,0.18803,0.18859,0.1872,0.18807,1714510.0
2025-04-27 17:30:00,0.18806,0.18814,0.18671,0.18691,1202664.0
2025-04-27 18:00:00,0.18697,0.18735,0.18562,0.1872,1686048.0
2025-04-27 18:30:00,0.18716,0.18795,0.18665,0.18769,1127265.0
2025-04-27 19:00:00,0.18765,0.18765,0.18424,0.18442,3578233.0
2025-04-27 19:30:00,0.18443,0.1889,0.18348,0.1877,5290166.0
2025-04-27 20:00:00,0.18773,0.18876,0.18707,0.18786,1807739.0
2025-04-27 20:30:00,0.18785,0.18853,0.18747,0.18772,1121065.0
2025-04-27 21:00:00,0.1877,0.1877,0.18611,0.18711,1590315.0
2025-04-27 21:30:00,0.18712,0.18716,0.18531,0.18557,1633640.0
2025-04-27 22:00:00,0.18557,0.18569,0.18309,0.18421,4426178.0
2025-04-27 22:30:00,0.18421,0.18757,0.18408,0.18621,3304238.0
2025-04-27 23:00:00,0.1862,0.18634,0.18407,0.18475,2565979.0
2025-04-27 23:30:00,0.18476,0.18627,0.18476,0.18567,1556714.0
2025-04-28 00:00:00,0.18569,0.1985,0.18551,0.19313,44698438.0
2025-04-28 00:30:00,0.19313,0.2013,0.19105,0.19524,28565818.0
2025-04-28 01:00:00,0.1952,0.19676,0.19093,0.19499,18256236.0
2025-04-28 01:30:00,0.19495,0.20414,0.19395,0.20344,27275216.0
2025-04-28 02:00:00,0.20336,0.20343,0.19688,0.19943,25536118.0
2025-04-28 02:30:00,0.19943,0.20265,0.19748,0.20247,11412185.0
2025-04-28 03:00:00,0.20246,0.20867,0.19917,0.20813,15204227.0
2025-04-28 03:30:00,0.20807,0.20854,0.20197,0.20451,18002482.0
2025-04-28 04:00:00,0.20451,0.20466,0.19855,0.19895,16257507.0
2025-04-28 04:30:00,0.19892,0.19892,0.19342,0.19571,20712512.0
2025-04-28 05:00:00,0.19572,0.19704,0.19507,0.19591,6077679.0
2025-04-28 05:30:00,0.19592,0.19647,0.19324,0.19446,6688055.0
2025-04-28 06:00:00,0.19447,0.19599,0.19209,0.19419,8411704.0
2025-04-28 06:30:00,0.19416,0.19532,0.19375,0.1943,3655728.0
2025-04-28 07:00:00,0.1943,0.19459,0.1929,0.19397,4602056.0
2025-04-28 07:30:00,0.19394,0.19397,0.1926,0.19349,3842564.0
2025-04-28 08:00:00,0.19349,0.19479,0.19285,0.19475,4098142.0
2025-04-28 08:30:00,0.19475,0.19524,0.19363,0.19452,4380229.0
2025-04-28 09:00:00,0.19452,0.19663,0.19395,0.19644,6885072.0
2025-04-28 09:30:00,0.19651,0.1975,0.1956,0.1973,4966028.0
2025-04-28 10:00:00,0.19729,0.19795,0.19413,0.19526,6631774.0
2025-04-28 10:30:00,0.19524,0.19713,0.19472,0.19552,4628343.0
2025-04-28 11:00:00,0.19543,0.19553,0.19303,0.1943,4792819.0
2025-04-28 11:30:00,0.1943,0.19475,0.19326,0.19351,2866244.0
2025-04-28 12:00:00,0.19351,0.19401,0.19303,0.19366,2733386.0
2025-04-28 12:30:00,0.19363,0.19385,0.19251,0.19262,2635344.0
2025-04-28 13:00:00,0.19263,0.19446,0.19207,0.19339,4124636.0
2025-04-28 13:30:00,0.19341,0.19609,0.19236,0.19301,6349471.0
2025-04-28 14:00:00,0.19305,0.19417,0.19225,0.19291,3044945.0
2025-04-28 14:30:00,0.19292,0.19311,0.19021,0.19216,4806194.0
2025-04-28 15:00:00,0.19216,0.19458,0.19186,0.1929,4948689.0
2025-04-28 15:30:00,0.19287,0.19396,0.19234,0.1937,3774961.0
2025-04-28 16:00:00,0.19372,0.19465,0.1922,0.19233,2689901.0
2025-04-28 16:30:00,0.19231,0.1939,0.19179,0.19385,1654750.0
2025-04-28 17:00:00,0.19386,0.19415,0.19272,0.19302,2094001.0
2025-04-28 17:30:00,0.19303,0.1942,0.193,0.19338,1486304.0
2025-04-28 18:00:00,0.19338,0.19473,0.19091,0.19462,5409895.0
2025-04-28 18:30:00,0.19465,0.19786,0.19458,0.19569,5636167.0
2025-04-28 19:00:00,0.19569,0.19668,0.19374,0.19432,2649671.0
2025-04-28 19:30:00,0.19426,0.19529,0.1936,0.19529,1807098.0
2025-04-28 20:00:00,0.19528,0.19626,0.19503,0.19616,1121806.0
2025-04-28 20:30:00,0.19616,0.19667,0.19549,0.19598,1058165.0
2025-04-28 21:00:00,0.19596,0.19606,0.19456,0.19481,2222233.0
2025-04-28 21:30:00,0.19481,0.19505,0.19342,0.19357,1354390.0
2025-04-28 22:00:00,0.19355,0.1942,0.19223,0.19275,1915690.0
2025-04-28 22:30:00,0.19271,0.19503,0.19246,0.1941,2798726.0
2025-04-28 23:00:00,0.19402,0.19634,0.19389,0.19548,5083667.0
2025-04-28 23:30:00,0.19549,0.19706,0.19494,0.19554,2612061.0
2025-04-29 00:00:00,0.19559,0.2037,0.19166,0.1925,24413547.0
2025-04-29 00:30:00,0.19246,0.19719,0.19219,0.1932,9245254.0
2025-04-29 01:00:00,0.19324,0.19396,0.19177,0.19284,6398891.0
2025-04-29 01:30:00,0.19277,0.19326,0.18806,0.19096,6135832.0
2025-04-29 02:00:00,0.19101,0.19153,0.18822,0.19008,6833476.0
2025-04-29 02:30:00,0.1901,0.19109,0.18956,0.19053,2745011.0
2025-04-29 03:00:00,0.19054,0.19176,0.19041,0.19095,2217852.0
2025-04-29 03:30:00,0.19093,0.19125,0.18988,0.19045,2282903.0
2025-04-29 04:00:00,0.19044,0.1907,0.18969,0.18995,2110840.0
2025-04-29 04:30:00,0.19001,0.19008,0.18765,0.1881,3836817.0
2025-04-29 05:00:00,0.18815,0.18885,0.18797,0.18858,1933768.0
2025-04-29 05:30:00,0.1886,0.18869,0.18676,0.18724,3287298.0
2025-04-29 06:00:00,0.18725,0.1882,0.18725,0.18793,1701273.0
2025-04-29 06:30:00,0.18792,0.18822,0.18633,0.187,3017992.0
2025-04-29 07:00:00,0.18701,0.18744,0.18636,0.1869,1961386.0
2025-04-29 07:30:00,0.1869,0.18718,0.18636,0.18712,1538425.0
2025-04-29 08:00:00,0.18711,0.18842,0.18706,0.18734,2804195.0
2025-04-29 08:30:00,0.18735,0.18739,0.18628,0.18641,2528271.0
2025-04-29 09:00:00,0.18642,0.18651,0.18177,0.18232,7620311.0
2025-04-29 09:30:00,0.18232,0.184,0.18232,0.18361,3827439.0
2025-04-29 10:00:00,0.18363,0.18386,0.18223,0.18235,2808730.0
2025-04-29 10:30:00,0.18235,0.1828,0.18075,0.18215,3460290.0
2025-04-29 11:00:00,0.18215,0.18337,0.1817,0.18304,2388143.0
2025-04-29 11:30:00,0.18297,0.18327,0.18201,0.18313,1393834.0
2025-04-29 12:00:00,0.18312,0.18312,0.18128,0.18154,1665978.0
2025-04-29 12:30:00,0.18156,0.18169,0.1797,0.18034,6978569.0
2025-04-29 13:00:00,0.18034,0.18098,0.17938,0.18073,3593139.0
2025-04-29 13:30:00,0.18071,0.18071,0.17906,0.1797,3374990.0
2025-04-29 14:00:00,0.17969,0.18248,0.17932,0.18127,4340058.0
2025-04-29 14:30:00,0.18127,0.18217,0.18114,0.1815,1399025.0
2025-04-29 15:00:00,0.18148,0.1824,0.18099,0.1817,1871050.0
2025-04-29 15:30:00,0.18166,0.18459,0.18166,0.18283,6348614.0
2025-04-29 16:00:00,0.18278,0.18467,0.18278,0.18425,2473494.0
2025-04-29 16:30:00,0.18427,0.18466,0.18372,0.18419,1661818.0
2025-04-29 17:00:00,0.18412,0.18552,0.1836,0.1842,3191187.0
2025-04-29 17:30:00,0.18412,0.18497,0.18378,0.1839,864562.0
2025-04-29 18:00:00,0.1839,0.18399,0.1824,0.18342,1054533.0
2025-04-29 18:30:00,0.18341,0.185,0.18325,0.18447,1125825.0
2025-04-29 19:00:00,0.18447,0.18456,0.18352,0.18362,694680.0
2025-04-29 19:30:00,0.18362,0.18473,0.18288,0.18391,1391324.0
2025-04-29 20:00:00,0.18392,0.1848,0.1829,0.18478,1286730.0
2025-04-29 20:30:00,0.18479,0.18485,0.18309,0.1832,1002771.0
2025-04-29 21:00:00,0.1832,0.18325,0.18111,0.1827,5256084.0
2025-04-29 21:30:00,0.18274,0.18345,0.1803,0.18048,3098860.0
2025-04-29 22:00:00,0.18047,0.18087,0.17932,0.1807,3637803.0
2025-04-29 22:30:00,0.18067,0.1818,0.18,0.1802,1700801.0
2025-04-29 23:00:00,0.18024,0.18247,0.1793,0.18247,4400516.0
2025-04-29 23:30:00,0.18247,0.18351,0.18164,0.18224,2267316.0
2025-04-30 00:00:00,0.18223,0.18512,0.16653,0.17219,41465750.0
2025-04-30 00:30:00,0.17225,0.17661,0.17044,0.17381,7092195.0
2025-04-30 01:00:00,0.17385,0.17574,0.17076,0.17122,7371051.0
2025-04-30 01:30:00,0.17123,0.17171,0.17035,0.17127,2084780.0
2025-04-30 02:00:00,0.17125,0.17155,0.17006,0.1713,2407338.0
2025-04-30 02:30:00,0.1713,0.17149,0.17015,0.17122,1390637.0
2025-04-30 03:00:00,0.17122,0.17176,0.16975,0.17054,3045141.0
2025-04-30 03:30:00,0.17054,0.17127,0.17039,0.17079,1398170.0
2025-04-30 04:00:00,0.1708,0.1722,0.17077,0.17193,2263441.0
2025-04-30 04:30:00,0.17193,0.17339,0.17189,0.17305,2606040.0
2025-04-30 05:00:00,0.17306,0.17325,0.16957,0.1701,4803907.0
2025-04-30 05:30:00,0.17011,0.17132,0.16964,0.17087,2815791.0
2025-04-30 06:00:00,0.17088,0.17117,0.17042,0.17115,1263048.0
2025-04-30 06:30:00,0.17115,0.17128,0.17034,0.17062,1395463.0
2025-04-30 07:00:00,0.17064,0.17115,0.16963,0.16986,4419092.0
2025-04-30 07:30:00,0.16985,0.16991,0.16759,0.16839,5965610.0
2025-04-30 08:00:00,0.16838,0.16954,0.16822,0.16863,1109323.0
2025-04-30 08:30:00,0.16869,0.16952,0.168,0.16823,1764047.0
2025-04-30 09:00:00,0.16822,0.16944,0.1682,0.1689,2035468.0
2025-04-30 09:30:00,0.16894,0.16911,0.16739,0.16888,3695949.0
2025-04-30 10:00:00,0.16886,0.16896,0.1679,0.16801,1423319.0
2025-04-30 10:30:00,0.16801,0.16923,0.16791,0.16899,1790810.0
2025-04-30 11:00:00,0.16897,0.16927,0.16846,0.16922,1451556.0
2025-04-30 11:30:00,0.1692,0.17004,0.16916,0.16927,1469449.0
2025-04-30 12:00:00,0.16929,0.1694,0.16815,0.16824,1474616.0
2025-04-30 12:30:00,0.16824,0.16836,0.1628,0.16396,10244035.0
2025-04-30 13:00:00,0.16396,0.16484,0.16138,0.16312,6287618.0
2025-04-30 13:30:00,0.16306,0.16309,0.15936,0.15979,7079244.0
2025-04-30 14:00:00,0.15979,0.1631,0.15978,0.16304,4264819.0
2025-04-30 14:30:00,0.16303,0.16374,0.16051,0.16169,4783876.0
2025-04-30 15:00:00,0.16169,0.16579,0.16153,0.16513,4587893.0
2025-04-30 15:30:00,0.16505,0.16604,0.16351,0.16375,4829617.0
2025-04-30 16:00:00,0.16374,0.16656,0.16352,0.16447,4320970.0
2025-04-30 16:30:00,0.16447,0.16589,0.16386,0.16428,1497786.0
2025-04-30 17:00:00,0.16428,0.16639,0.16422,0.16627,2915743.0
2025-04-30 17:30:00,0.16624,0.16798,0.16603,0.16765,2251028.0
2025-04-30 18:00:00,0.16767,0.17015,0.16694,0.16935,6439567.0
2025-04-30 18:30:00,0.16933,0.16968,0.16725,0.16735,2110631.0
2025-04-30 19:00:00,0.16734,0.16778,0.16493,0.16614,3207750.0
2025-04-30 19:30:00,0.16614,0.16866,0.16562,0.16834,1441324.0
2025-04-30 20:00:00,0.16828,0.16943,0.16768,0.16876,2310154.0
2025-04-30 20:30:00,0.16875,0.17089,0.16776,0.16969,4034176.0
2025-04-30 21:00:00,0.16967,0.1702,0.16894,0.16957,972506.0
2025-04-30 21:30:00,0.16961,0.16963,0.168,0.16837,924335.0
2025-04-30 22:00:00,0.16841,0.16925,0.16783,0.16818,1463259.0
2025-04-30 22:30:00,0.16817,0.1692,0.16752,0.1684,1497913.0
2025-04-30 23:00:00,0.1684,0.1694,0.1684,0.16928,1351012.0
2025-04-30 23:30:00,0.16929,0.17122,0.16929,0.17097,2440309.0
2025-05-01 00:00:00,0.17091,0.17119,0.16475,0.16523,9237361.0
2025-05-01 00:30:00,0.16521,0.16647,0.16401,0.16581,3285655.0
2025-05-01 01:00:00,0.16578,0.16776,0.16571,0.16713,1957228.0
2025-05-01 01:30:00,0.16711,0.16758,0.16613,0.1668,1949839.0
2025-05-01 02:00:00,0.1668,0.16737,0.16547,0.16698,2671407.0
2025-05-01 02:30:00,0.16696,0.16715,0.16634,0.16681,1525416.0
2025-05-01 03:00:00,0.16681,0.16743,0.16576,0.16585,1751745.0
2025-05-01 03:30:00,0.16589,0.16625,0.16456,0.1647,1526138.0
2025-05-01 04:00:00,0.16474,0.16581,0.16466,0.16493,1929488.0
2025-05-01 04:30:00,0.16492,0.1656,0.16469,0.16551,783815.0
2025-05-01 05:00:00,0.16551,0.16579,0.16482,0.16502,1095056.0
2025-05-01 05:30:00,0.16501,0.16601,0.165,0.16552,968379.0
2025-05-01 06:00:00,0.16551,0.1665,0.1651,0.16583,1361703.0
2025-05-01 06:30:00,0.1658,0.16616,0.16561,0.16591,1331718.0
2025-05-01 07:00:00,0.16586,0.16593,0.16479,0.16482,1176144.0
2025-05-01 07:30:00,0.16483,0.16578,0.1647,0.16499,1434768.0
2025-05-01 08:00:00,0.16498,0.16522,0.16369,0.16429,2845375.0
2025-05-01 08:30:00,0.16428,0.1652,0.1642,0.16449,1419421.0
2025-05-01 09:00:00,0.16449,0.16571,0.16449,0.16528,1377270.0
2025-05-01 09:30:00,0.16527,0.16627,0.16508,0.16548,2418292.0
2025-05-01 10:00:00,0.16547,0.16658,0.16534,0.16604,1689386.0
2025-05-01 10:30:00,0.16604,0.16633,0.16461,0.16545,2552382.0
2025-05-01 11:00:00,0.16544,0.16573,0.16419,0.16442,1356926.0
2025-05-01 11:30:00,0.16443,0.1653,0.16443,0.16497,1222338.0
2025-05-01 12:00:00,0.16498,0.16563,0.16442,0.16469,1893362.0
2025-05-01 12:30:00,0.1647,0.1651,0.16419,0.16462,1477802.0
2025-05-01 13:00:00,0.16456,0.16536,0.1645,0.16517,912539.0
2025-05-01 13:30:00,0.16517,0.16532,0.16407,0.16419,1439862.0
2025-05-01 14:00:00,0.1642,0.16448,0.16261,0.1638,4050625.0
2025-05-01 14:30:00,0.1638,0.16494,0.16362,0.1645,2566627.0
2025-05-01 15:00:00,0.16451,0.16493,0.1641,0.16475,1373944.0
2025-05-01 15:30:00,0.16474,0.16507,0.16403,0.16416,1251160.0
2025-05-01 16:00:00,0.16415,0.16464,0.16336,0.1641,2166703.0
2025-05-01 16:30:00,0.16411,0.16412,0.16145,0.16182,4347701.0
2025-05-01 17:00:00,0.16182,0.16226,0.16072,0.16093,1844418.0
2025-05-01 17:30:00,0.16096,0.16164,0.16089,0.16154,1507400.0
2025-05-01 18:00:00,0.16154,0.16302,0.16154,0.16229,2016792.0
2025-05-01 18:30:00,0.16226,0.1643,0.16196,0.16362,3225531.0
2025-05-01 19:00:00,0.16362,0.164,0.16177,0.16194,2454985.0
2025-05-01 19:30:00,0.16191,0.16268,0.16143,0.16251,1292485.0
2025-05-01 20:00:00,0.16252,0.1658,0.1625,0.16552,3433669.0
2025-05-01 20:30:00,0.16553,0.16568,0.16385,0.16425,2112188.0
2025-05-01 21:00:00,0.16425,0.16587,0.16382,0.1657,1250777.0
2025-05-01 21:30:00,0.1657,0.16594,0.16421,0.16421,810794.0
2025-05-01 22:00:00,0.16423,0.16488,0.16341,0.16341,1586085.0
2025-05-01 22:30:00,0.16342,0.1635,0.16088,0.16252,5199856.0
2025-05-01 23:00:00,0.16252,0.16286,0.16135,0.162,2020368.0
2025-05-01 23:30:00,0.16202,0.16225,0.16001,0.16208,3786372.0
2025-05-02 00:00:00,0.16208,0.167,0.15552,0.1563,26818329.0
2025-05-02 00:30:00,0.15633,0.15897,0.15626,0.15755,6091342.0
2025-05-02 01:00:00,0.15756,0.15855,0.15706,0.15811,2531037.0
2025-05-02 01:30:00,0.15813,0.15833,0.15675,0.15782,2779224.0
2025-05-02 02:00:00,0.15783,0.15809,0.15688,0.15758,2303286.0
2025-05-02 02:30:00,0.15747,0.15989,0.15715,0.15935,4844559.0
2025-05-02 03:00:00,0.15935,0.16007,0.15771,0.15875,3430221.0
2025-05-02 03:30:00,0.15876,0.15972,0.158,0.15934,3057757.0
2025-05-02 04:00:00,0.15944,0.16306,0.15888,0.16306,6630809.0
2025-05-02 04:30:00,0.16306,0.17204,0.16185,0.16831,40840142.0
2025-05-02 05:00:00,0.16834,0.17026,0.16398,0.1652,16347898.0
2025-05-02 05:30:00,0.1652,0.16525,0.16154,0.16175,7889209.0
2025-05-02 06:00:00,0.16176,0.16283,0.16101,0.16272,4284389.0
2025-05-02 06:30:00,0.16267,0.16397,0.15996,0.16057,6704573.0
2025-05-02 07:00:00,0.1606,0.1623,0.16023,0.16139,2865685.0
2025-05-02 07:30:00,0.16139,0.16153,0.16006,0.16087,2495365.0
2025-05-02 08:00:00,0.1609,0.1611,0.15937,0.16032,3695028.0
2025-05-02 08:30:00,0.16031,0.16056,0.15972,0.16001,3541714.0
2025-05-02 09:00:00,0.16,0.1607,0.15977,0.15992,2072621.0
2025-05-02 09:30:00,0.1599,0.1606,0.15821,0.15888,5509851.0
2025-05-02 10:00:00,0.15883,0.16029,0.15857,0.16029,1821275.0
2025-05-02 10:30:00,0.16026,0.16141,0.16007,0.16118,2711307.0
2025-05-02 11:00:00,0.16118,0.16131,0.15942,0.16064,2651580.0
2025-05-02 11:30:00,0.16062,0.16194,0.16022,0.16134,2102059.0
2025-05-02 12:00:00,0.16133,0.16193,0.1599,0.16066,2389932.0
2025-05-02 12:30:00,0.16068,0.16173,0.15975,0.16157,3428186.0
2025-05-02 13:00:00,0.16153,0.16195,0.16068,0.16096,2528438.0
2025-05-02 13:30:00,0.161,0.16148,0.16008,0.16025,1656134.0
2025-05-02 14:00:00,0.1602,0.16231,0.16015,0.16204,2626929.0
2025-05-02 14:30:00,0.16206,0.1627,0.16145,0.16175,1622442.0
2025-05-02 15:00:00,0.16177,0.16223,0.15913,0.15941,4189737.0
2025-05-02 15:30:00,0.15937,0.1606,0.15912,0.16027,1781906.0
2025-05-02 16:00:00,0.16027,0.16146,0.16027,0.16081,2169196.0
2025-05-02 16:30:00,0.16082,0.16106,0.16051,0.16072,1269953.0
2025-05-02 17:00:00,0.16072,0.16272,0.16008,0.1625,3422854.0
2025-05-02 17:30:00,0.1625,0.16543,0.16248,0.16369,7067607.0
2025-05-02 18:00:00,0.16371,0.16746,0.16336,0.16574,6280667.0
2025-05-02 18:30:00,0.16574,0.16743,0.16516,0.16645,3466831.0
2025-05-02 19:00:00,0.16644,0.16872,0.16476,0.16544,5425089.0
2025-05-02 19:30:00,0.16544,0.16737,0.16498,0.16557,2953782.0
2025-05-02 20:00:00,0.16558,0.16767,0.1646,0.16476,3420934.0
2025-05-02 20:30:00,0.16479,0.16736,0.16394,0.16705,2857903.0
2025-05-02 21:00:00,0.16717,0.16793,0.16511,0.16611,4009694.0
2025-05-02 21:30:00,0.16615,0.16686,0.16153,0.16218,4940878.0
2025-05-02 22:00:00,0.16213,0.16277,0.16057,0.16193,3376233.0
2025-05-02 22:30:00,0.16193,0.16577,0.16192,0.16548,4891167.0
2025-05-02 23:00:00,0.16548,0.16634,0.16488,0.16549,2129548.0
2025-05-02 23:30:00,0.16545,0.16607,0.16465,0.16525,2275166.0
2025-05-03 00:00:00,0.1653,0.1876,0.16258,0.18628,88139224.0
2025-05-03 00:30:00,0.1863,0.195,0.181,0.19108,98908750.0
2025-05-03 01:00:00,0.19107,0.19261,0.1865,0.1898,58359411.0
2025-05-03 01:30:00,0.18981,0.19304,0.18801,0.19144,41239838.0
2025-05-03 02:00:00,0.19146,0.19695,0.18923,0.19101,49059760.0
2025-05-03 02:30:00,0.19102,0.19112,0.1872,0.18918,28549102.0
2025-05-03 03:00:00,0.18914,0.19133,0.18723,0.1893,25920455.0
2025-05-03 03:30:00,0.18928,0.19582,0.18871,0.1947,30532759.0
2025-05-03 04:00:00,0.1947,0.195,0.19002,0.191,26241486.0
2025-05-03 04:30:00,0.191,0.19433,0.19,0.19378,16354089.0
2025-05-03 05:00:00,0.19377,0.19885,0.19055,0.19584,44918923.0
2025-05-03 05:30:00,0.1958,0.19873,0.19531,0.19649,29094419.0
2025-05-03 06:00:00,0.19649,0.20087,0.196,0.19772,37477173.0
2025-05-03 06:30:00,0.19772,0.20988,0.19595,0.20802,55194719.0
2025-05-03 07:00:00,0.20801,0.21598,0.20655,0.20855,116186478.0
2025-05-03 07:30:00,0.20851,0.20851,0.20038,0.20295,65839729.0
2025-05-03 08:00:00,0.20288,0.20577,0.19757,0.20522,64763635.0
2025-05-03 08:30:00,0.20518,0.20984,0.20413,0.2059,42471904.0
2025-05-03 09:00:00,0.20589,0.20722,0.203,0.20512,33846473.0
2025-05-03 09:30:00,0.2051,0.20695,0.20322,0.20621,17528959.0
2025-05-03 10:00:00,0.20625,0.20913,0.20387,0.20766,29844322.0
2025-05-03 10:30:00,0.20763,0.20941,0.20567,0.20665,24778840.0
2025-05-03 11:00:00,0.20665,0.21199,0.20663,0.20899,38824488.0
2025-05-03 11:30:00,0.20899,0.2174,0.20843,0.21368,75382733.0
2025-05-03 12:00:00,0.21365,0.21365,0.2004,0.20345,105954675.0
2025-05-03 12:30:00,0.20345,0.20716,0.20105,0.20682,35681282.0
2025-05-03 13:00:00,0.20682,0.20768,0.2022,0.2027,30946202.0
2025-05-03 13:30:00,0.20272,0.20829,0.20251,0.2057,27869792.0
2025-05-03 14:00:00,0.20567,0.20778,0.20375,0.20498,25930679.0
2025-05-03 14:30:00,0.20499,0.20899,0.20381,0.20745,27637758.0
2025-05-03 15:00:00,0.2075,0.20995,0.20434,0.20895,39554290.0
2025-05-03 15:30:00,0.20891,0.21077,0.20655,0.20719,23210001.0
2025-05-03 16:00:00,0.20719,0.21363,0.20536,0.21077,61884586.0
2025-05-03 16:30:00,0.21076,0.215,0.20813,0.21347,56963832.0
2025-05-03 17:00:00,0.21341,0.21416,0.20652,0.20924,51622062.0
2025-05-03 17:30:00,0.20922,0.21157,0.20674,0.20735,23064161.0
2025-05-03 18:00:00,0.20741,0.20883,0.20403,0.20483,31609980.0
2025-05-03 18:30:00,0.2048,0.21459,0.2048,0.21187,45642597.0
2025-05-03 19:00:00,0.21186,0.21357,0.20605,0.20805,37518913.0
2025-05-03 19:30:00,0.20802,0.2132,0.20769,0.21136,19155730.0
2025-05-03 20:00:00,0.21133,0.21133,0.20532,0.20581,28386381.0
2025-05-03 20:30:00,0.20587,0.21146,0.20583,0.20968,23753540.0
2025-05-03 21:00:00,0.20965,0.21185,0.2089,0.21148,23788175.0
2025-05-03 21:30:00,0.21143,0.21161,0.20781,0.20875,17738396.0
2025-05-03 22:00:00,0.20873,0.20996,0.20594,0.20821,19419740.0
2025-05-03 22:30:00,0.20823,0.2088,0.19107,0.19702,77463872.0
2025-05-03 23:00:00,0.19698,0.19959,0.19271,0.19782,41640781.0
2025-05-03 23:30:00,0.19793,0.20118,0.19581,0.19936,29424724.0
2025-05-04 00:00:00,0.1994,0.20356,0.19133,0.19322,71985454.0
2025-05-04 00:30:00,0.1932,0.195,0.18628,0.18876,49644410.0
2025-05-04 01:00:00,0.1887,0.19006,0.18529,0.18796,31975820.0
2025-05-04 01:30:00,0.18789,0.1898,0.18621,0.18855,19142289.0
2025-05-04 02:00:00,0.18852,0.18947,0.18608,0.18784,14516340.0
2025-05-04 02:30:00,0.18788,0.18904,0.18206,0.18438,24683487.0
2025-05-04 03:00:00,0.18439,0.18699,0.18309,0.18603,13925736.0
2025-05-04 03:30:00,0.18603,0.18606,0.18368,0.1839,10213089.0
2025-05-04 04:00:00,0.18384,0.18642,0.18305,0.18578,11317475.0
2025-05-04 04:30:00,0.18571,0.18844,0.18395,0.18462,13650285.0
2025-05-04 05:00:00,0.18462,0.18479,0.18303,0.18445,9511999.0
2025-05-04 05:30:00,0.18446,0.18497,0.1824,0.18271,9980811.0
2025-05-04 06:00:00,0.1827,0.18315,0.18002,0.18083,16545713.0
2025-05-04 06:30:00,0.18089,0.18312,0.18036,0.18264,10432683.0
2025-05-04 07:00:00,0.18266,0.18314,0.18038,0.18116,9284363.0
2025-05-04 07:30:00,0.18122,0.18261,0.18047,0.18196,8176688.0
2025-05-04 08:00:00,0.18196,0.1825,0.1781,0.17852,18952460.0
2025-05-04 08:30:00,0.17852,0.17918,0.17651,0.17726,12653867.0
2025-05-04 09:00:00,0.17726,0.17889,0.17658,0.17686,13364982.0
2025-05-04 09:30:00,0.1769,0.17744,0.1752,0.17633,10898265.0
2025-05-04 10:00:00,0.17634,0.17745,0.17588,0.17731,6278359.0
2025-05-04 10:30:00,0.1773,0.1778,0.1765,0.17769,6610191.0
2025-05-04 11:00:00,0.17767,0.17886,0.17703,0.17821,9644528.0
2025-05-04 11:30:00,0.17818,0.17904,0.17727,0.1774,11685467.0
2025-05-04 12:00:00,0.17742,0.17787,0.17598,0.17645,12672979.0
2025-05-04 12:30:00,0.1765,0.17819,0.17624,0.17754,7761510.0
2025-05-04 13:00:00,0.17753,0.1807,0.1725,0.17431,32209995.0
2025-05-04 13:30:00,0.1744,0.17709,0.17365,0.17554,13430226.0
2025-05-04 14:00:00,0.17558,0.17754,0.17557,0.17685,4738998.0
2025-05-04 14:30:00,0.17699,0.17744,0.17673,0.17716,5060741.0
2025-05-04 15:00:00,0.17721,0.17745,0.17544,0.17638,6723818.0
2025-05-04 15:30:00,0.17638,0.1805,0.17613,0.17841,10623265.0
2025-05-04 16:00:00,0.17837,0.1789,0.17628,0.17706,4997814.0
2025-05-04 16:30:00,0.17706,0.17819,0.17642,0.17769,3786448.0
2025-05-04 17:00:00,0.17766,0.17988,0.17617,0.17952,6726539.0
2025-05-04 17:30:00,0.1795,0.18041,0.17894,0.18039,5452678.0
2025-05-04 18:00:00,0.18038,0.184,0.17857,0.18193,14725982.0
2025-05-04 18:30:00,0.18193,0.18209,0.17811,0.17882,9334871.0
2025-05-04 19:00:00,0.17883,0.17946,0.17749,0.17935,4220682.0
2025-05-04 19:30:00,0.17932,0.18092,0.17834,0.1808,4598605.0
2025-05-04 20:00:00,0.18078,0.18216,0.17971,0.18035,7203156.0
2025-05-04 20:30:00,0.1804,0.1809,0.18009,0.18032,2710843.0
2025-05-04 21:00:00,0.18034,0.18138,0.17925,0.18094,3656325.0
2025-05-04 21:30:00,0.18093,0.18182,0.17954,0.18027,4073973.0
2025-05-04 22:00:00,0.18022,0.18085,0.17826,0.17986,6611753.0
2025-05-04 22:30:00,0.17986,0.18013,0.1766,0.17865,6927619.0
2025-05-04 23:00:00,0.17866,0.17877,0.17681,0.17712,5465305.0
2025-05-04 23:30:00,0.17712,0.17764,0.1739,0.17747,11203170.0
2025-05-05 00:00:00,0.17747,0.17747,0.16884,0.17325,43848203.0
2025-05-05 00:30:00,0.17323,0.17374,0.16793,0.16888,16688990.0
2025-05-05 01:00:00,0.16898,0.17028,0.1677,0.16799,10322312.0
2025-05-05 01:30:00,0.16794,0.16874,0.16661,0.16781,9667764.0
2025-05-05 02:00:00,0.16778,0.1701,0.16753,0.16915,7051570.0
2025-05-05 02:30:00,0.1692,0.17537,0.16866,0.17163,11215522.0
2025-05-05 03:00:00,0.17166,0.1722,0.16964,0.16992,5963444.0
2025-05-05 03:30:00,0.16993,0.16999,0.16842,0.16906,5031973.0
2025-05-05 04:00:00,0.16905,0.17085,0.16837,0.17043,5715717.0
2025-05-05 04:30:00,0.17042,0.17184,0.17022,0.17065,4272557.0
2025-05-05 05:00:00,0.17064,0.17213,0.17055,0.1715,4746227.0
2025-05-05 05:30:00,0.17151,0.17186,0.17048,0.17089,4283649.0
2025-05-05 06:00:00,0.17089,0.17109,0.16945,0.16997,4642258.0
2025-05-05 06:30:00,0.16995,0.17084,0.16963,0.1697,3303845.0
2025-05-05 07:00:00,0.16971,0.17053,0.1695,0.17008,2315149.0
2025-05-05 07:30:00,0.17009,0.17031,0.16933,0.16959,3489888.0
2025-05-05 08:00:00,0.16958,0.17037,0.16917,0.16944,3369765.0
2025-05-05 08:30:00,0.16944,0.16976,0.16881,0.16928,2287833.0
2025-05-05 09:00:00,0.16929,0.16983,0.16795,0.16851,5501925.0
2025-05-05 09:30:00,0.16857,0.16957,0.16674,0.16752,8956836.0
2025-05-05 10:00:00,0.16756,0.16769,0.16609,0.16649,7201537.0
2025-05-05 10:30:00,0.1665,0.1677,0.16568,0.16746,4823054.0
2025-05-05 11:00:00,0.16746,0.16852,0.1673,0.16734,3793181.0
2025-05-05 11:30:00,0.16739,0.16784,0.16659,0.16724,2802439.0
2025-05-05 12:00:00,0.16723,0.16796,0.16683,0.16769,2662513.0
2025-05-05 12:30:00,0.16765,0.16806,0.16648,0.16683,2120548.0
2025-05-05 13:00:00,0.1668,0.16774,0.16654,0.16734,2372681.0
2025-05-05 13:30:00,0.16733,0.16775,0.16635,0.16767,3732043.0
2025-05-05 14:00:00,0.16769,0.16849,0.16618,0.16681,4298745.0
2025-05-05 14:30:00,0.16683,0.16802,0.16601,0.16726,3152216.0
2025-05-05 15:00:00,0.16727,0.16757,0.16621,0.16678,2955146.0
2025-05-05 15:30:00,0.16678,0.167,0.16589,0.16623,2263419.0
2025-05-05 16:00:00,0.16622,0.16847,0.16605,0.16771,3549408.0
2025-05-05 16:30:00,0.1678,0.16834,0.16741,0.1678,1819629.0
2025-05-05 17:00:00,0.1678,0.16806,0.16689,0.16796,1892224.0
2025-05-05 17:30:00,0.16798,0.16866,0.16798,0.16821,2227032.0
2025-05-05 18:00:00,0.16821,0.1689,0.16804,0.1685,2249808.0
2025-05-05 18:30:00,0.16842,0.16918,0.16828,0.16902,2336518.0
2025-05-05 19:00:00,0.16899,0.16927,0.16872,0.16884,1268574.0
2025-05-05 19:30:00,0.16883,0.17033,0.16863,0.1698,2906555.0
2025-05-05 20:00:00,0.16981,0.16982,0.16743,0.16755,3173345.0
2025-05-05 20:30:00,0.16757,0.1691,0.16628,0.16906,4788423.0
2025-05-05 21:00:00,0.16903,0.16978,0.16888,0.16914,2405469.0
2025-05-05 21:30:00,0.16914,0.16923,0.16779,0.16853,2265169.0
2025-05-05 22:00:00,0.16852,0.16911,0.16738,0.16777,2022837.0
2025-05-05 22:30:00,0.16775,0.16806,0.16708,0.16791,1588402.0
2025-05-05 23:00:00,0.16793,0.1691,0.16779,0.16887,2655439.0
2025-05-05 23:30:00,0.16888,0.16938,0.1685,0.16916,2107270.0
2025-05-06 00:00:00,0.16916,0.16927,0.16353,0.16614,9727126.0
2025-05-06 00:30:00,0.16614,0.16691,0.1647,0.16549,4960885.0
2025-05-06 01:00:00,0.16549,0.16642,0.16487,0.16573,4520770.0
2025-05-06 01:30:00,0.16572,0.1658,0.16318,0.16419,6504566.0
2025-05-06 02:00:00,0.16419,0.16461,0.16332,0.16351,2876344.0
2025-05-06 02:30:00,0.16352,0.16545,0.1627,0.16507,3775491.0
2025-05-06 03:00:00,0.16505,0.16687,0.16499,0.16603,3932162.0
2025-05-06 03:30:00,0.16602,0.16639,0.16526,0.16556,2067373.0
2025-05-06 04:00:00,0.16558,0.16686,0.16529,0.1657,4416702.0
2025-05-06 04:30:00,0.16568,0.1658,0.16452,0.1652,1984568.0
2025-05-06 05:00:00,0.16515,0.16526,0.16409,0.16433,2670455.0
2025-05-06 05:30:00,0.16433,0.1648,0.16323,0.16349,3956177.0
2025-05-06 06:00:00,0.16344,0.164,0.16327,0.16331,2361937.0
2025-05-06 06:30:00,0.16334,0.16344,0.16199,0.16221,4282888.0
2025-05-06 07:00:00,0.16221,0.16343,0.16208,0.16225,3682923.0
2025-05-06 07:30:00,0.16224,0.16272,0.1609,0.16139,4034220.0
2025-05-06 08:00:00,0.16139,0.16141,0.15825,0.15909,9420713.0
2025-05-06 08:30:00,0.15908,0.1602,0.15863,0.159,4344841.0
2025-05-06 09:00:00,0.15901,0.15927,0.1563,0.15715,7374540.0
2025-05-06 09:30:00,0.15718,0.15739,0.15421,0.15535,9628079.0
2025-05-06 10:00:00,0.15539,0.15565,0.15329,0.15344,5728558.0
2025-05-06 10:30:00,0.15343,0.15446,0.15139,0.15265,10237750.0
2025-05-06 11:00:00,0.15267,0.15413,0.15267,0.15361,3772885.0
2025-05-06 11:30:00,0.15364,0.15542,0.15352,0.1554,4617401.0
2025-05-06 12:00:00,0.15539,0.15657,0.15439,0.15508,4727590.0
2025-05-06 12:30:00,0.1551,0.1567,0.15504,0.15647,2636153.0
2025-05-06 13:00:00,0.15643,0.15758,0.15611,0.15632,4422617.0
2025-05-06 13:30:00,0.15631,0.15821,0.15631,0.15714,3958605.0
2025-05-06 14:00:00,0.15716,0.1583,0.1567,0.15672,3834706.0
2025-05-06 14:30:00,0.15666,0.15737,0.1558,0.15625,3040776.0
2025-05-06 15:00:00,0.1563,0.15676,0.15577,0.15618,1903764.0
2025-05-06 15:30:00,0.15619,0.15619,0.15445,0.15457,3426277.0
2025-05-06 16:00:00,0.15457,0.15482,0.15321,0.1538,4212656.0
2025-05-06 16:30:00,0.1538,0.1541,0.15308,0.1536,1531959.0
2025-05-06 17:00:00,0.15361,0.15549,0.1536,0.15471,2127314.0
2025-05-06 17:30:00,0.15469,0.15486,0.15347,0.15384,1609479.0
2025-05-06 18:00:00,0.15383,0.15473,0.15371,0.15461,1535645.0
2025-05-06 18:30:00,0.15461,0.15461,0.15354,0.15425,1220040.0
2025-05-06 19:00:00,0.15426,0.1546,0.1538,0.15404,1698589.0
2025-05-06 19:30:00,0.15402,0.15409,0.15322,0.15332,1638553.0
2025-05-06 20:00:00,0.15331,0.15339,0.15262,0.15264,1863942.0
2025-05-06 20:30:00,0.15265,0.15404,0.15179,0.15395,3692567.0
2025-05-06 21:00:00,0.15397,0.15414,0.15123,0.15152,2376682.0
2025-05-06 21:30:00,0.15152,0.152,0.15027,0.15159,3565894.0
2025-05-06 22:00:00,0.15158,0.15491,0.1514,0.15439,6004430.0
2025-05-06 22:30:00,0.15447,0.15612,0.15395,0.15553,3694807.0
2025-05-06 23:00:00,0.15548,0.15784,0.15514,0.15765,5048211.0
2025-05-06 23:30:00,0.15761,0.15961,0.15555,0.15609,7521447.0
2025-05-07 00:00:00,0.15609,0.15678,0.15374,0.15584,7036244.0
2025-05-07 00:30:00,0.15591,0.15598,0.15449,0.15473,2438447.0
2025-05-07 01:00:00,0.15474,0.15504,0.1541,0.15488,3876604.0
2025-05-07 01:30:00,0.15492,0.1577,0.1548,0.1573,5770679.0
2025-05-07 02:00:00,0.15724,0.15791,0.15504,0.1569,4749817.0
2025-05-07 02:30:00,0.15691,0.15698,0.15513,0.15569,1878920.0
2025-05-07 03:00:00,0.15568,0.15575,0.15211,0.15417,6504499.0
2025-05-07 03:30:00,0.15422,0.15441,0.15334,0.15365,2486386.0
2025-05-07 04:00:00,0.15364,0.15466,0.15338,0.15427,2249250.0
2025-05-07 04:30:00,0.15425,0.15455,0.15355,0.15372,2008175.0
2025-05-07 05:00:00,0.15371,0.15465,0.15333,0.15403,1270918.0
2025-05-07 05:30:00,0.15402,0.15418,0.15211,0.1523,2734583.0
2025-05-07 06:00:00,0.15226,0.15312,0.15093,0.15273,3552668.0
2025-05-07 06:30:00,0.15271,0.15313,0.15158,0.15288,2677856.0
2025-05-07 07:00:00,0.15284,0.15433,0.15275,0.15408,1617699.0
2025-05-07 07:30:00,0.15409,0.1546,0.15383,0.15416,1919368.0
2025-05-07 08:00:00,0.15415,0.1543,0.15283,0.15379,2311415.0
2025-05-07 08:30:00,0.15376,0.15521,0.1537,0.15428,3002143.0
2025-05-07 09:00:00,0.15429,0.15471,0.15301,0.15319,2288189.0
2025-05-07 09:30:00,0.15324,0.15324,0.15252,0.15285,1719368.0
2025-05-07 10:00:00,0.15284,0.15295,0.15128,0.15144,5711709.0
2025-05-07 10:30:00,0.15145,0.15289,0.15099,0.15199,4232925.0
2025-05-07 11:00:00,0.15202,0.15252,0.15136,0.15202,2432317.0
2025-05-07 11:30:00,0.15207,0.15397,0.1519,0.15383,3002196.0
2025-05-07 12:00:00,0.15381,0.15384,0.15294,0.15315,1980042.0
2025-05-07 12:30:00,0.15318,0.15357,0.15257,0.15302,2263051.0
2025-05-07 13:00:00,0.15304,0.1533,0.15193,0.15221,3209235.0
2025-05-07 13:30:00,0.15221,0.15665,0.15219,0.1549,9787843.0
2025-05-07 14:00:00,0.15491,0.15511,0.15256,0.15302,4811344.0
2025-05-07 14:30:00,0.15304,0.15325,0.15133,0.15205,5017484.0
2025-05-07 15:00:00,0.15206,0.1525,0.15036,0.15062,3044098.0
2025-05-07 15:30:00,0.15068,0.151,0.14952,0.15021,4263214.0
2025-05-07 16:00:00,0.15024,0.15053,0.14934,0.14938,3161643.0
2025-05-07 16:30:00,0.1494,0.15058,0.14922,0.15014,2169323.0
2025-05-07 17:00:00,0.15014,0.15547,0.1489,0.1536,20516603.0
2025-05-07 17:30:00,0.15361,0.15425,0.15185,0.15253,5866679.0
2025-05-07 18:00:00,0.15252,0.15394,0.15082,0.15344,5283898.0
2025-05-07 18:30:00,0.15344,0.15387,0.15115,0.1528,4099831.0
2025-05-07 19:00:00,0.15282,0.15282,0.15093,0.15117,2572801.0
2025-05-07 19:30:00,0.15124,0.15224,0.15085,0.15139,2462028.0
2025-05-07 20:00:00,0.1514,0.15158,0.15022,0.15043,1884790.0
2025-05-07 20:30:00,0.15043,0.15055,0.14948,0.14999,2363310.0
2025-05-07 21:00:00,0.15,0.151,0.14992,0.151,1120706.0
2025-05-07 21:30:00,0.151,0.15121,0.14976,0.15019,1305303.0
2025-05-07 22:00:00,0.15016,0.15145,0.14985,0.15006,2976147.0
2025-05-07 22:30:00,0.15006,0.15103,0.14992,0.15059,1810063.0
2025-05-07 23:00:00,0.15058,0.1508,0.15009,0.15035,1400048.0
2025-05-07 23:30:00,0.15038,0.15052,0.14978,0.15049,1588080.0
2025-05-08 00:00:00,0.1505,0.15259,0.14956,0.15252,4347296.0
2025-05-08 00:30:00,0.15253,0.15461,0.14849,0.15123,14088392.0
2025-05-08 01:00:00,0.15116,0.15198,0.14946,0.14952,5269337.0
2025-05-08 01:30:00,0.14951,0.14992,0.14853,0.14894,13671899.0
2025-05-08 02:00:00,0.14893,0.15172,0.14884,0.15172,2575627.0
2025-05-08 02:30:00,0.15163,0.15185,0.15074,0.15162,3695609.0
2025-05-08 03:00:00,0.15165,0.15661,0.15129,0.1553,12841110.0
2025-05-08 03:30:00,0.15531,0.1559,0.15311,0.15357,8003763.0
2025-05-08 04:00:00,0.15361,0.15495,0.15307,0.15477,4972633.0
2025-05-08 04:30:00,0.15476,0.15551,0.15436,0.15502,2595562.0
2025-05-08 05:00:00,0.15502,0.15591,0.15387,0.15422,3873567.0
2025-05-08 05:30:00,0.15424,0.15458,0.15346,0.15395,2013619.0
2025-05-08 06:00:00,0.15393,0.15516,0.15383,0.15448,2251131.0
2025-05-08 06:30:00,0.15452,0.15505,0.15407,0.15487,1230001.0
2025-05-08 07:00:00,0.15488,0.15599,0.15481,0.15566,2207576.0
2025-05-08 07:30:00,0.15565,0.15591,0.15501,0.15529,2609147.0
2025-05-08 08:00:00,0.15526,0.1561,0.15457,0.15521,3598058.0
2025-05-08 08:30:00,0.15523,0.15628,0.15485,0.1557,2866672.0
2025-05-08 09:00:00,0.1557,0.15596,0.15382,0.15429,2664944.0
2025-05-08 09:30:00,0.15431,0.1549,0.15359,0.15383,1823478.0
2025-05-08 10:00:00,0.15383,0.15417,0.15276,0.15385,3739896.0
2025-05-08 10:30:00,0.15388,0.15459,0.15341,0.15438,1447713.0
2025-05-08 11:00:00,0.15431,0.15432,0.15386,0.15397,1313243.0
2025-05-08 11:30:00,0.15396,0.15534,0.15372,0.15498,2494213.0
2025-05-08 12:00:00,0.15499,0.15499,0.15393,0.15447,2496839.0
2025-05-08 12:30:00,0.15444,0.15507,0.15382,0.15412,1645911.0
2025-05-08 13:00:00,0.15411,0.15538,0.15411,0.15504,1846360.0
2025-05-08 13:30:00,0.15504,0.15526,0.15382,0.15409,2038683.0
2025-05-08 14:00:00,0.15411,0.15525,0.15377,0.15519,1867012.0
2025-05-08 14:30:00,0.15517,0.15656,0.15496,0.15557,3799351.0
2025-05-08 15:00:00,0.15549,0.15793,0.15503,0.15753,5441195.0
2025-05-08 15:30:00,0.15758,0.1584,0.15625,0.1581,6564427.0
2025-05-08 16:00:00,0.15811,0.15862,0.15709,0.15757,3964762.0
2025-05-08 16:30:00,0.15756,0.15969,0.1571,0.158,3636195.0
2025-05-08 17:00:00,0.15799,0.15943,0.15764,0.15881,3151273.0
2025-05-08 17:30:00,0.15876,0.15942,0.15768,0.15822,2430344.0
2025-05-08 18:00:00,0.1582,0.15844,0.15729,0.15736,2564591.0
2025-05-08 18:30:00,0.15743,0.15775,0.15514,0.15539,4113758.0
2025-05-08 19:00:00,0.15541,0.15545,0.15115,0.15394,11721066.0
2025-05-08 19:30:00,0.15399,0.15565,0.15373,0.15515,3561117.0
2025-05-08 20:00:00,0.15521,0.15582,0.15475,0.15544,2144959.0
2025-05-08 20:30:00,0.15541,0.1562,0.15462,0.15604,3013860.0
2025-05-08 21:00:00,0.15606,0.15707,0.15515,0.15688,3471566.0
2025-05-08 21:30:00,0.15687,0.15768,0.15567,0.15654,2849178.0
2025-05-08 22:00:00,0.15655,0.15715,0.15545,0.15614,3456030.0
2025-05-08 22:30:00,0.15615,0.15739,0.15578,0.15719,3949875.0
2025-05-08 23:00:00,0.15723,0.15972,0.15667,0.15912,6916832.0
2025-05-08 23:30:00,0.15908,0.15954,0.15779,0.15874,3620185.0
2025-05-09 00:00:00,0.15876,0.159,0.15614,0.15829,4842072.0
2025-05-09 00:30:00,0.15831,0.1586,0.15671,0.15741,2821461.0
2025-05-09 01:00:00,0.15741,0.15884,0.15717,0.1584,3429597.0
2025-05-09 01:30:00,0.15839,0.15859,0.15723,0.15857,1808503.0
2025-05-09 02:00:00,0.15855,0.15905,0.15712,0.15716,1941752.0
2025-05-09 02:30:00,0.15714,0.15804,0.15712,0.15789,1164318.0
2025-05-09 03:00:00,0.15789,0.1588,0.15726,0.15853,1741503.0
2025-05-09 03:30:00,0.15854,0.15876,0.15604,0.15637,3152901.0
2025-05-09 04:00:00,0.15633,0.15864,0.15632,0.15842,2304165.0
2025-05-09 04:30:00,0.15836,0.15902,0.1571,0.15879,1746623.0
2025-05-09 05:00:00,0.15879,0.15968,0.15842,0.1587,2684491.0
2025-05-09 05:30:00,0.15869,0.15902,0.15755,0.15775,3496091.0
2025-05-09 06:00:00,0.15775,0.15902,0.15684,0.15873,3309806.0
2025-05-09 06:30:00,0.15871,0.16047,0.15839,0.15961,6053537.0
2025-05-09 07:00:00,0.15961,0.1598,0.1583,0.15921,4225051.0
2025-05-09 07:30:00,0.15922,0.16015,0.15819,0.15819,5568403.0
2025-05-09 08:00:00,0.1582,0.16014,0.15815,0.15993,4220931.0
2025-05-09 08:30:00,0.15989,0.16012,0.15658,0.15738,10314639.0
2025-05-09 09:00:00,0.15741,0.15878,0.15572,0.15634,7439301.0
2025-05-09 09:30:00,0.15625,0.15814,0.15624,0.15729,3008351.0
2025-05-09 10:00:00,0.15732,0.15825,0.15658,0.15819,2208044.0
2025-05-09 10:30:00,0.15824,0.15925,0.15789,0.15893,2743578.0
2025-05-09 11:00:00,0.15893,0.16041,0.15763,0.15843,4349182.0
2025-05-09 11:30:00,0.15838,0.15938,0.15789,0.15822,2698008.0
2025-05-09 12:00:00,0.15822,0.15853,0.1568,0.15814,3285675.0
2025-05-09 12:30:00,0.15814,0.15864,0.1578,0.15828,1839696.0
2025-05-09 13:00:00,0.15829,0.15932,0.1576,0.15814,2329295.0
2025-05-09 13:30:00,0.15814,0.15977,0.15793,0.15941,2480197.0
2025-05-09 14:00:00,0.15941,0.15941,0.15702,0.15705,3289647.0
2025-05-09 14:30:00,0.15702,0.15788,0.15602,0.15702,5105921.0
2025-05-09 15:00:00,0.15703,0.15737,0.15613,0.15664,3965431.0
2025-05-09 15:30:00,0.15665,0.15732,0.15617,0.15702,1882015.0
2025-05-09 16:00:00,0.15706,0.15712,0.15604,0.15647,2688687.0
2025-05-09 16:30:00,0.15648,0.15791,0.1556,0.1559,2931379.0
2025-05-09 17:00:00,0.15591,0.15834,0.15565,0.15834,3432828.0
2025-05-09 17:30:00,0.15835,0.15938,0.1581,0.15925,1918129.0
2025-05-09 18:00:00,0.15923,0.15982,0.15853,0.15873,2320244.0
2025-05-09 18:30:00,0.15873,0.15888,0.15801,0.15807,1246917.0
2025-05-09 19:00:00,0.15812,0.15897,0.15804,0.15832,1696434.0
2025-05-09 19:30:00,0.1583,0.15843,0.15725,0.15747,1884142.0
2025-05-09 20:00:00,0.15745,0.15861,0.1574,0.15779,4158569.0
2025-05-09 20:30:00,0.1578,0.15849,0.15756,0.15832,1203513.0
2025-05-09 21:00:00,0.15835,0.15906,0.15824,0.15903,946490.0
2025-05-09 21:30:00,0.15903,0.15947,0.15846,0.15866,1234779.0
2025-05-09 22:00:00,0.15867,0.15911,0.15821,0.1591,1391089.0
2025-05-09 22:30:00,0.15912,0.15966,0.15845,0.15865,1319555.0
2025-05-09 23:00:00,0.15861,0.16062,0.15853,0.16042,1723226.0
2025-05-09 23:30:00,0.16045,0.16376,0.1602,0.16327,7967206.0
2025-05-10 00:00:00,0.16323,0.16722,0.16176,0.16458,16796948.0
2025-05-10 00:30:00,0.16461,0.16503,0.15966,0.16067,6998413.0
2025-05-10 01:00:00,0.16067,0.1623,0.16031,0.1616,2813365.0
2025-05-10 01:30:00,0.16159,0.16196,0.15956,0.16035,2829542.0
2025-05-10 02:00:00,0.16035,0.1625,0.16026,0.16152,2461078.0
2025-05-10 02:30:00,0.16156,0.16198,0.16112,0.16133,1229928.0
2025-05-10 03:00:00,0.16132,0.16143,0.16028,0.1608,2198645.0
2025-05-10 03:30:00,0.1608,0.16138,0.16059,0.1612,1799114.0
2025-05-10 04:00:00,0.16117,0.16117,0.15966,0.16046,2647402.0
2025-05-10 04:30:00,0.1604,0.16107,0.16018,0.16038,1951261.0
2025-05-10 05:00:00,0.16034,0.16095,0.15994,0.1608,3405486.0
2025-05-10 05:30:00,0.1608,0.16153,0.16058,0.16152,2064751.0
2025-05-10 06:00:00,0.16151,0.1618,0.1611,0.16162,1973007.0
2025-05-10 06:30:00,0.16161,0.16164,0.16029,0.16091,2765101.0
2025-05-10 07:00:00,0.16087,0.16098,0.15992,0.16031,2206270.0
2025-05-10 07:30:00,0.16022,0.16104,0.16014,0.16064,2908685.0
2025-05-10 08:00:00,0.16063,0.16158,0.16061,0.16145,2140813.0
2025-05-10 08:30:00,0.16146,0.16146,0.15886,0.15977,5976517.0
2025-05-10 09:00:00,0.15978,0.15988,0.15886,0.15946,2835440.0
2025-05-10 09:30:00,0.15946,0.1604,0.15902,0.16012,3253892.0
2025-05-10 10:00:00,0.16015,0.16075,0.15977,0.16028,1880979.0
2025-05-10 10:30:00,0.16028,0.16074,0.15903,0.15909,2266596.0
2025-05-10 11:00:00,0.15906,0.16103,0.1586,0.16088,3713575.0
2025-05-10 11:30:00,0.16092,0.16149,0.15965,0.16019,4552093.0
2025-05-10 12:00:00,0.16018,0.16149,0.16018,0.16037,2222290.0
2025-05-10 12:30:00,0.16035,0.16075,0.15926,0.15942,2283673.0
2025-05-10 13:00:00,0.15943,0.16028,0.15943,0.16006,1467124.0
2025-05-10 13:30:00,0.15998,0.16093,0.15955,0.16087,1666610.0
2025-05-10 14:00:00,0.16087,0.16118,0.15972,0.16022,2536895.0
2025-05-10 14:30:00,0.16022,0.16094,0.16007,0.16093,1050660.0
2025-05-10 15:00:00,0.16093,0.16093,0.16005,0.16064,2335173.0
2025-05-10 15:30:00,0.16065,0.16089,0.16,0.16023,2137315.0
2025-05-10 16:00:00,0.16022,0.16152,0.15973,0.16117,3658683.0
2025-05-10 16:30:00,0.16117,0.16169,0.16087,0.16154,1643220.0
2025-05-10 17:00:00,0.16154,0.16209,0.16073,0.16182,3273262.0
2025-05-10 17:30:00,0.16182,0.16297,0.16148,0.16275,3463980.0
2025-05-10 18:00:00,0.16276,0.16348,0.16188,0.16225,2486282.0
2025-05-10 18:30:00,0.16225,0.16287,0.16164,0.16168,1448335.0
2025-05-10 19:00:00,0.16167,0.16212,0.16128,0.16201,1262811.0
2025-05-10 19:30:00,0.162,0.1628,0.16181,0.16215,1291245.0
2025-05-10 20:00:00,0.16218,0.16248,0.16159,0.16234,1429318.0
2025-05-10 20:30:00,0.16234,0.16288,0.16189,0.16192,1676232.0
2025-05-10 21:00:00,0.16193,0.16251,0.16163,0.16251,1871538.0
2025-05-10 21:30:00,0.16251,0.16302,0.16236,0.16259,1145633.0
2025-05-10 22:00:00,0.16257,0.16266,0.16173,0.1622,2127544.0
2025-05-10 22:30:00,0.1622,0.16375,0.16207,0.16342,2365454.0
2025-05-10 23:00:00,0.16341,0.16542,0.16341,0.16474,4335098.0
2025-05-10 23:30:00,0.16477,0.16531,0.16437,0.16512,1875758.0
2025-05-11 00:00:00,0.16512,0.16512,0.16032,0.16043,8099729.0
2025-05-11 00:30:00,0.16043,0.1627,0.16012,0.16222,4517477.0
2025-05-11 01:00:00,0.16226,0.16311,0.16149,0.16185,2577197.0
2025-05-11 01:30:00,0.16187,0.16219,0.15982,0.16044,2806944.0
2025-05-11 02:00:00,0.16045,0.1609,0.16013,0.16066,1572044.0
2025-05-11 02:30:00,0.16065,0.1612,0.15925,0.15986,2782110.0
2025-05-11 03:00:00,0.15987,0.16119,0.15956,0.1611,1282146.0
2025-05-11 03:30:00,0.1611,0.16196,0.16095,0.1617,1646954.0
2025-05-11 04:00:00,0.16173,0.16217,0.16107,0.16114,1833599.0
2025-05-11 04:30:00,0.16115,0.1629,0.16077,0.1627,2942105.0
2025-05-11 05:00:00,0.16269,0.16288,0.16229,0.16232,1863164.0
2025-05-11 05:30:00,0.16229,0.16229,0.161,0.161,1703112.0
2025-05-11 06:00:00,0.16099,0.16163,0.16008,0.16156,2179848.0
2025-05-11 06:30:00,0.16155,0.16177,0.1599,0.16034,2545739.0
2025-05-11 07:00:00,0.16033,0.16045,0.15861,0.15902,4622776.0
2025-05-11 07:30:00,0.15898,0.15941,0.15714,0.15769,4536111.0
2025-05-11 08:00:00,0.15772,0.15923,0.15769,0.15881,1728258.0
2025-05-11 08:30:00,0.15883,0.15883,0.15744,0.1578,3182166.0
2025-05-11 09:00:00,0.1578,0.15915,0.15768,0.15891,2032291.0
2025-05-11 09:30:00,0.15894,0.15942,0.15874,0.1589,1004143.0
2025-05-11 10:00:00,0.15888,0.15958,0.15872,0.15935,1307133.0
2025-05-11 10:30:00,0.15937,0.16,0.15928,0.1599,2313364.0
2025-05-11 11:00:00,0.15987,0.16044,0.15973,0.16021,1918643.0
2025-05-11 11:30:00,0.16018,0.16057,0.15997,0.16026,1323033.0
2025-05-11 12:00:00,0.16026,0.16057,0.15952,0.15984,1121796.0
2025-05-11 12:30:00,0.15985,0.16053,0.15971,0.16013,1595380.0
2025-05-11 13:00:00,0.16015,0.16056,0.15867,0.15899,1941767.0
2025-05-11 13:30:00,0.15899,0.15905,0.15676,0.15706,4862703.0
2025-05-11 14:00:00,0.157,0.15803,0.1569,0.15767,2270989.0
2025-05-11 14:30:00,0.15766,0.1584,0.15753,0.15821,1263327.0
2025-05-11 15:00:00,0.15822,0.15889,0.15759,0.15778,2119266.0
2025-05-11 15:30:00,0.15779,0.15796,0.156,0.15691,3228588.0
2025-05-11 16:00:00,0.15692,0.15722,0.15443,0.15615,5692398.0
2025-05-11 16:30:00,0.15615,0.15657,0.1555,0.15631,1554105.0
2025-05-11 17:00:00,0.15633,0.15776,0.1562,0.15684,2995242.0
2025-05-11 17:30:00,0.15683,0.15761,0.15683,0.15729,1177525.0
2025-05-11 18:00:00,0.15729,0.15762,0.15668,0.15676,1340930.0
2025-05-11 18:30:00,0.15673,0.15813,0.15624,0.1577,1777518.0
2025-05-11 19:00:00,0.15767,0.15769,0.15696,0.15742,1400292.0
2025-05-11 19:30:00,0.15742,0.15759,0.15651,0.15697,2085363.0
2025-05-11 20:00:00,0.15698,0.15753,0.15662,0.15723,1336947.0
2025-05-11 20:30:00,0.15722,0.15742,0.15701,0.15728,789098.0
2025-05-11 21:00:00,0.15731,0.15741,0.15674,0.15707,1363260.0
2025-05-11 21:30:00,0.15707,0.15755,0.15693,0.15751,714702.0
2025-05-11 22:00:00,0.15751,0.15833,0.15627,0.15688,3691166.0
2025-05-11 22:30:00,0.15686,0.15732,0.15608,0.15677,1847023.0
2025-05-11 23:00:00,0.15677,0.15745,0.15667,0.15711,1354331.0
2025-05-11 23:30:00,0.15712,0.15754,0.15644,0.15719,1624814.0
2025-05-12 00:00:00,0.15715,0.16678,0.15697,0.16017,30887358.0
2025-05-12 00:30:00,0.16026,0.16347,0.15895,0.16252,14734112.0
2025-05-12 01:00:00,0.16251,0.16269,0.15886,0.15928,7061147.0
2025-05-12 01:30:00,0.15933,0.1597,0.15793,0.15927,4508527.0
2025-05-12 02:00:00,0.15929,0.16149,0.1592,0.15996,7174359.0
2025-05-12 02:30:00,0.15999,0.1605,0.15936,0.1597,2261732.0
2025-05-12 03:00:00,0.1597,0.16176,0.15949,0.16103,3743963.0
2025-05-12 03:30:00,0.16096,0.16161,0.16066,0.1614,2822103.0
2025-05-12 04:00:00,0.1614,0.16166,0.15963,0.15999,3834397.0
2025-05-12 04:30:00,0.15998,0.16072,0.15995,0.16057,3118102.0
2025-05-12 05:00:00,0.16054,0.16082,0.15965,0.15981,3036348.0
2025-05-12 05:30:00,0.15985,0.16062,0.15951,0.15987,2066498.0
2025-05-12 06:00:00,0.15987,0.16062,0.15949,0.16056,2027712.0
2025-05-12 06:30:00,0.16055,0.16104,0.16022,0.1607,1886053.0
2025-05-12 07:00:00,0.16068,0.16257,0.16068,0.16232,5064055.0
2025-05-12 07:30:00,0.16233,0.16258,0.15983,0.1615,5018069.0
2025-05-12 08:00:00,0.16152,0.16162,0.16012,0.16109,3631511.0
2025-05-12 08:30:00,0.16109,0.16226,0.16099,0.16218,2593174.0
2025-05-12 09:00:00,0.16217,0.1625,0.16133,0.16234,2978536.0
2025-05-12 09:30:00,0.16234,0.163,0.16168,0.16182,2306829.0
2025-05-12 10:00:00,0.16185,0.16195,0.16097,0.16135,2125835.0
2025-05-12 10:30:00,0.16136,0.16176,0.16114,0.16159,1062008.0
2025-05-12 11:00:00,0.16158,0.16211,0.16095,0.16135,2863446.0
2025-05-12 11:30:00,0.16139,0.16155,0.15865,0.15922,5374451.0
2025-05-12 12:00:00,0.15918,0.16004,0.1587,0.15891,4240233.0
2025-05-12 12:30:00,0.15891,0.15992,0.15791,0.1597,3107414.0
2025-05-12 13:00:00,0.1597,0.16041,0.15937,0.15979,3449776.0
2025-05-12 13:30:00,0.15977,0.16025,0.15842,0.15946,3586745.0
2025-05-12 14:00:00,0.1595,0.16022,0.15621,0.15632,4213991.0
2025-05-12 14:30:00,0.15626,0.15833,0.15538,0.15698,4907573.0
2025-05-12 15:00:00,0.15699,0.1579,0.15557,0.15771,4087569.0
2025-05-12 15:30:00,0.15771,0.15789,0.15647,0.15681,3194479.0
2025-05-12 16:00:00,0.15683,0.15796,0.1562,0.15778,2246127.0
2025-05-12 16:30:00,0.15778,0.15832,0.15736,0.15806,1694757.0
2025-05-12 17:00:00,0.15803,0.15825,0.15737,0.15774,1908633.0
2025-05-12 17:30:00,0.15776,0.15793,0.15619,0.15652,3446664.0
2025-05-12 18:00:00,0.15653,0.1572,0.15455,0.15462,4177118.0
2025-05-12 18:30:00,0.15468,0.15534,0.15036,0.1537,8894825.0
2025-05-12 19:00:00,0.15373,0.1558,0.15355,0.15525,3584106.0
2025-05-12 19:30:00,0.1553,0.15684,0.15529,0.15679,2194121.0
2025-05-12 20:00:00,0.15678,0.15749,0.15605,0.1572,1949998.0
2025-05-12 20:30:00,0.15718,0.15734,0.15658,0.15672,2636864.0
2025-05-12 21:00:00,0.15673,0.15737,0.15664,0.1569,1436816.0
2025-05-12 21:30:00,0.15691,0.15765,0.15691,0.15754,754283.0
2025-05-12 22:00:00,0.15758,0.15782,0.15712,0.15757,1407399.0
2025-05-12 22:30:00,0.15756,0.15808,0.15747,0.15789,1030075.0
2025-05-12 23:00:00,0.1579,0.15835,0.15783,0.15824,1557616.0
2025-05-12 23:30:00,0.15825,0.15834,0.15777,0.15803,1196694.0
2025-05-13 00:00:00,0.15803,0.16063,0.1572,0.15833,7164240.0
2025-05-13 00:30:00,0.15837,0.16184,0.1572,0.15748,13656346.0
2025-05-13 01:00:00,0.15748,0.15873,0.15716,0.15806,3623733.0
2025-05-13 01:30:00,0.15806,0.15988,0.15783,0.15942,4348014.0
2025-05-13 02:00:00,0.15941,0.16116,0.15855,0.16007,5854206.0
2025-05-13 02:30:00,0.16009,0.16044,0.15884,0.1601,4225679.0
2025-05-13 03:00:00,0.16011,0.16179,0.15868,0.15918,8247034.0
2025-05-13 03:30:00,0.15923,0.16088,0.15738,0.15778,6051086.0
2025-05-13 04:00:00,0.1578,0.15925,0.15768,0.15824,2685865.0
2025-05-13 04:30:00,0.1582,0.15829,0.15712,0.15811,2320265.0
2025-05-13 05:00:00,0.1581,0.1594,0.15803,0.1594,2017375.0
2025-05-13 05:30:00,0.15941,0.16045,0.15872,0.15992,3376277.0
2025-05-13 06:00:00,0.15997,0.16007,0.15807,0.15883,2644166.0
2025-05-13 06:30:00,0.15886,0.15897,0.15826,0.15857,1086529.0
2025-05-13 07:00:00,0.15859,0.15917,0.15788,0.15835,1724874.0
2025-05-13 07:30:00,0.15835,0.1584,0.1575,0.15814,1825989.0
2025-05-13 08:00:00,0.15815,0.15861,0.15742,0.15816,2687706.0
2025-05-13 08:30:00,0.15815,0.15856,0.15748,0.15759,1274929.0
2025-05-13 09:00:00,0.1576,0.15852,0.1576,0.15808,1267819.0
2025-05-13 09:30:00,0.15808,0.15818,0.15742,0.15766,2352062.0
2025-05-13 10:00:00,0.15766,0.15777,0.1562,0.1568,3784865.0
2025-05-13 10:30:00,0.1568,0.15736,0.15658,0.15668,1766524.0
2025-05-13 11:00:00,0.15668,0.15772,0.15661,0.15756,1855854.0
2025-05-13 11:30:00,0.15756,0.15811,0.1573,0.15751,1638755.0
2025-05-13 12:00:00,0.15749,0.15755,0.15662,0.15662,2159161.0
2025-05-13 12:30:00,0.15668,0.15759,0.15655,0.15725,3508361.0
2025-05-13 13:00:00,0.15728,0.15775,0.15706,0.15722,1977892.0
2025-05-13 13:30:00,0.15721,0.15769,0.15697,0.1572,1939930.0
2025-05-13 14:00:00,0.1572,0.15729,0.15619,0.15665,2701465.0
2025-05-13 14:30:00,0.15663,0.15709,0.15614,0.15633,2173466.0
2025-05-13 15:00:00,0.15634,0.15717,0.15618,0.15689,1417739.0
2025-05-13 15:30:00,0.15691,0.15766,0.15679,0.15758,998946.0
2025-05-13 16:00:00,0.15761,0.15861,0.15741,0.15844,2586044.0
2025-05-13 16:30:00,0.15844,0.15872,0.15798,0.15801,1577756.0
2025-05-13 17:00:00,0.15801,0.15882,0.15794,0.15858,1449031.0
2025-05-13 17:30:00,0.15855,0.15924,0.15844,0.15917,1666602.0
2025-05-13 18:00:00,0.15915,0.15985,0.15912,0.15948,2207468.0
2025-05-13 18:30:00,0.15946,0.1598,0.15928,0.15966,1094571.0
2025-05-13 19:00:00,0.15965,0.16011,0.15958,0.16002,1522892.0
2025-05-13 19:30:00,0.15998,0.1608,0.15968,0.16006,1982518.0
2025-05-13 20:00:00,0.16008,0.16042,0.15905,0.16023,2571794.0
2025-05-13 20:30:00,0.16023,0.16054,0.1599,0.16006,1526098.0
2025-05-13 21:00:00,0.16007,0.16039,0.15966,0.16036,784147.0
2025-05-13 21:30:00,0.16038,0.16042,0.16006,0.16012,668863.0
2025-05-13 22:00:00,0.16011,0.16072,0.15975,0.16054,2291927.0
2025-05-13 22:30:00,0.16055,0.16155,0.16046,0.16146,2404312.0
2025-05-13 23:00:00,0.16146,0.16168,0.16011,0.16096,2338211.0
2025-05-13 23:30:00,0.16094,0.16109,0.16012,0.16048,2181248.0
2025-05-14 00:00:00,0.16049,0.16123,0.15981,0.16024,2549079.0
2025-05-14 00:30:00,0.16024,0.16068,0.15972,0.16014,1200118.0
2025-05-14 01:00:00,0.16014,0.16025,0.15951,0.15998,1994223.0
2025-05-14 01:30:00,0.15995,0.16026,0.1592,0.15931,2251079.0
2025-05-14 02:00:00,0.15931,0.15947,0.15838,0.1589,2584823.0
2025-05-14 02:30:00,0.15892,0.15963,0.15888,0.15946,1450188.0
2025-05-14 03:00:00,0.15946,0.15967,0.15888,0.1592,1522169.0
2025-05-14 03:30:00,0.15919,0.15961,0.15889,0.1596,1461999.0
2025-05-14 04:00:00,0.15959,0.16001,0.15919,0.15928,1611551.0
2025-05-14 04:30:00,0.15929,0.16014,0.15928,0.16012,2856034.0
2025-05-14 05:00:00,0.16012,0.16039,0.15977,0.1602,1626933.0
2025-05-14 05:30:00,0.16023,0.16038,0.15978,0.15994,1582966.0
2025-05-14 06:00:00,0.15993,0.16087,0.15972,0.16026,2091140.0
2025-05-14 06:30:00,0.16026,0.16032,0.15997,0.16002,851398.0
2025-05-14 07:00:00,0.16004,0.16012,0.15938,0.15956,1776421.0
2025-05-14 07:30:00,0.15957,0.16002,0.1594,0.15958,1132293.0
2025-05-14 08:00:00,0.1596,0.16001,0.15901,0.15973,2241783.0
2025-05-14 08:30:00,0.15975,0.16028,0.15803,0.15811,3185922.0
2025-05-14 09:00:00,0.15812,0.15934,0.15715,0.15932,3439305.0
2025-05-14 09:30:00,0.15933,0.16026,0.15912,0.15995,1832948.0
2025-05-14 10:00:00,0.15998,0.16071,0.15981,0.16005,1550566.0
2025-05-14 10:30:00,0.16005,0.16079,0.16005,0.16047,1382317.0
2025-05-14 11:00:00,0.16047,0.16077,0.16019,0.16032,1412007.0
2025-05-14 11:30:00,0.16032,0.16059,0.15981,0.1599,1624681.0
2025-05-14 12:00:00,0.1599,0.16031,0.15978,0.15988,1005307.0
2025-05-14 12:30:00,0.15987,0.16009,0.15936,0.15938,1427092.0
2025-05-14 13:00:00,0.15938,0.1595,0.15889,0.15928,1769930.0
2025-05-14 13:30:00,0.15926,0.15994,0.15788,0.15879,2605561.0
2025-05-14 14:00:00,0.15879,0.15886,0.15709,0.15726,2569993.0
2025-05-14 14:30:00,0.15724,0.15887,0.15721,0.15821,3225009.0
2025-05-14 15:00:00,0.15823,0.15896,0.15786,0.15819,1771457.0
2025-05-14 15:30:00,0.1582,0.15868,0.15756,0.1586,1022809.0
2025-05-14 16:00:00,0.15863,0.15879,0.15829,0.15839,811260.0
2025-05-14 16:30:00,0.15839,0.15894,0.15776,0.15806,1357532.0
2025-05-14 17:00:00,0.15809,0.15833,0.15632,0.15724,3810055.0
2025-05-14 17:30:00,0.15728,0.15822,0.15725,0.15791,1240930.0
2025-05-14 18:00:00,0.15793,0.15886,0.15793,0.15828,1564419.0
2025-05-14 18:30:00,0.1583,0.15845,0.15807,0.15845,671822.0
2025-05-14 19:00:00,0.15847,0.15847,0.15782,0.15782,794458.0
2025-05-14 19:30:00,0.15781,0.1581,0.1575,0.15794,1464517.0
2025-05-14 20:00:00,0.15794,0.15849,0.1579,0.15816,1067079.0
2025-05-14 20:30:00,0.15815,0.15819,0.15765,0.1578,1978861.0
2025-05-14 21:00:00,0.15781,0.15781,0.15672,0.15736,1882337.0
2025-05-14 21:30:00,0.15737,0.15741,0.15682,0.15727,802752.0
2025-05-14 22:00:00,0.15728,0.15756,0.15665,0.15673,1547972.0
2025-05-14 22:30:00,0.15672,0.15713,0.1559,0.15637,3556307.0
2025-05-14 23:00:00,0.1564,0.15655,0.15579,0.1564,2726560.0
2025-05-14 23:30:00,0.1564,0.15713,0.15632,0.15697,1706924.0
2025-05-15 00:00:00,0.15698,0.15722,0.15643,0.15679,2789408.0
2025-05-15 00:30:00,0.15677,0.15721,0.15657,0.15683,1185827.0
2025-05-15 01:00:00,0.15684,0.15722,0.15598,0.15598,2129575.0
2025-05-15 01:30:00,0.15602,0.15604,0.15322,0.15343,5028462.0
2025-05-15 02:00:00,0.15347,0.15408,0.15248,0.15402,3309567.0
2025-05-15 02:30:00,0.154,0.15439,0.15332,0.15376,1730961.0
2025-05-15 03:00:00,0.15378,0.15436,0.15332,0.15379,1564438.0
2025-05-15 03:30:00,0.15379,0.15423,0.15306,0.15317,1457398.0
2025-05-15 04:00:00,0.15317,0.15399,0.15314,0.15385,1092569.0
2025-05-15 04:30:00,0.15384,0.15415,0.15367,0.15401,729655.0
2025-05-15 05:00:00,0.154,0.154,0.1525,0.15315,1653850.0
2025-05-15 05:30:00,0.15316,0.15334,0.15151,0.1517,1960606.0
2025-05-15 06:00:00,0.1517,0.15251,0.1517,0.15207,1472933.0
2025-05-15 06:30:00,0.15207,0.1521,0.14838,0.15017,7587491.0
2025-05-15 07:00:00,0.15018,0.15022,0.14578,0.14665,6531128.0
2025-05-15 07:30:00,0.14662,0.14743,0.14425,0.1446,8595753.0
2025-05-15 08:00:00,0.14459,0.14676,0.14446,0.14602,3355915.0
2025-05-15 08:30:00,0.14603,0.1473,0.14584,0.14685,3144430.0
2025-05-15 09:00:00,0.14687,0.1473,0.14606,0.14663,2696531.0
2025-05-15 09:30:00,0.14662,0.14669,0.14353,0.145,3455748.0
2025-05-15 10:00:00,0.145,0.14525,0.1427,0.14449,4857741.0
2025-05-15 10:30:00,0.14449,0.14473,0.1429,0.14466,2558850.0
2025-05-15 11:00:00,0.14465,0.14571,0.14461,0.14571,2846505.0
2025-05-15 11:30:00,0.14568,0.14625,0.14551,0.14603,1767912.0
2025-05-15 12:00:00,0.14603,0.14624,0.1444,0.14458,2333960.0
2025-05-15 12:30:00,0.14454,0.14659,0.14274,0.14345,7551273.0
2025-05-15 13:00:00,0.14344,0.1446,0.14274,0.14295,2650686.0
2025-05-15 13:30:00,0.14293,0.14333,0.14054,0.14196,6670888.0
2025-05-15 14:00:00,0.14195,0.14259,0.14016,0.14189,3869729.0
2025-05-15 14:30:00,0.14187,0.14242,0.14032,0.14239,4126495.0
2025-05-15 15:00:00,0.14238,0.14374,0.14185,0.14352,4992132.0
2025-05-15 15:30:00,0.14355,0.14445,0.14343,0.14433,3681454.0
2025-05-15 16:00:00,0.14431,0.14496,0.14354,0.14458,3059353.0
2025-05-15 16:30:00,0.14457,0.14613,0.14418,0.14609,1980015.0
2025-05-15 17:00:00,0.14613,0.14654,0.14557,0.14646,2216237.0
2025-05-15 17:30:00,0.14644,0.1465,0.14583,0.14608,1567127.0
2025-05-15 18:00:00,0.14609,0.14631,0.14478,0.14482,2155797.0
2025-05-15 18:30:00,0.14478,0.14481,0.14334,0.14375,2700216.0
2025-05-15 19:00:00,0.14373,0.14487,0.14326,0.1439,2696877.0
2025-05-15 19:30:00,0.14392,0.14485,0.1439,0.14433,1458055.0
2025-05-15 20:00:00,0.14435,0.14473,0.14321,0.14435,2521054.0
2025-05-15 20:30:00,0.14436,0.14454,0.14386,0.14422,1181577.0
2025-05-15 21:00:00,0.14424,0.14426,0.14275,0.14328,1225130.0
2025-05-15 21:30:00,0.1433,0.14471,0.14296,0.14455,1360436.0
2025-05-15 22:00:00,0.14455,0.14563,0.14455,0.14509,1580137.0
2025-05-15 22:30:00,0.1451,0.14547,0.14404,0.14404,1387329.0
2025-05-15 23:00:00,0.14403,0.14416,0.14205,0.14345,3649338.0
2025-05-15 23:30:00,0.14351,0.14582,0.14345,0.14512,3337032.0
2025-05-16 00:00:00,0.14509,0.14855,0.14485,0.14685,8454626.0
2025-05-16 00:30:00,0.14684,0.148,0.14632,0.148,3244924.0
2025-05-16 01:00:00,0.14794,0.14936,0.1462,0.1483,5945888.0
2025-05-16 01:30:00,0.1483,0.14936,0.14821,0.1489,2655526.0
2025-05-16 02:00:00,0.14891,0.14967,0.14763,0.1493,2887626.0
2025-05-16 02:30:00,0.14924,0.14949,0.14884,0.14944,1062692.0
2025-05-16 03:00:00,0.14945,0.15798,0.14909,0.15605,17937295.0
2025-05-16 03:30:00,0.15594,0.15689,0.15346,0.15456,17465895.0
2025-05-16 04:00:00,0.15451,0.15519,0.15206,0.1524,8039519.0
2025-05-16 04:30:00,0.15241,0.15313,0.15119,0.1519,3643656.0
2025-05-16 05:00:00,0.15188,0.15277,0.15128,0.15185,3026751.0
2025-05-16 05:30:00,0.15187,0.1519,0.14902,0.14961,8697953.0
2025-05-16 06:00:00,0.14958,0.14972,0.14832,0.14864,3311497.0
2025-05-16 06:30:00,0.14864,0.15008,0.14861,0.14939,2925196.0
2025-05-16 07:00:00,0.14941,0.1505,0.1489,0.15026,2295140.0
2025-05-16 07:30:00,0.15017,0.15052,0.14903,0.15014,3049333.0
2025-05-16 08:00:00,0.15014,0.15066,0.14923,0.14971,1890660.0
2025-05-16 08:30:00,0.14971,0.15119,0.14901,0.15093,2858451.0
2025-05-16 09:00:00,0.15094,0.1513,0.15012,0.15086,2128826.0
2025-05-16 09:30:00,0.15084,0.15177,0.15062,0.15142,1360925.0
2025-05-16 10:00:00,0.15137,0.15167,0.1509,0.15109,1767935.0
2025-05-16 10:30:00,0.15109,0.15144,0.15071,0.15126,1609580.0
2025-05-16 11:00:00,0.15133,0.15182,0.15123,0.15155,1475378.0
2025-05-16 11:30:00,0.15155,0.15166,0.15034,0.15089,2233418.0
2025-05-16 12:00:00,0.15092,0.15212,0.15062,0.15176,4170445.0
2025-05-16 12:30:00,0.15175,0.15218,0.15003,0.15024,2472716.0
2025-05-16 13:00:00,0.15031,0.15118,0.15025,0.15049,1342743.0
2025-05-16 13:30:00,0.15052,0.15098,0.15009,0.15095,1555732.0
2025-05-16 14:00:00,0.15094,0.15094,0.14955,0.15019,2622001.0
2025-05-16 14:30:00,0.15015,0.15015,0.14876,0.14964,1540458.0
2025-05-16 15:00:00,0.14962,0.15092,0.14962,0.15001,1817992.0
2025-05-16 15:30:00,0.14998,0.15057,0.14986,0.15037,1243476.0
2025-05-16 16:00:00,0.15039,0.15119,0.15021,0.15066,2223872.0
2025-05-16 16:30:00,0.15067,0.15105,0.14942,0.1501,2875059.0
2025-05-16 17:00:00,0.15009,0.15029,0.14888,0.14919,1800395.0
2025-05-16 17:30:00,0.14921,0.14945,0.1485,0.1486,1631954.0
2025-05-16 18:00:00,0.14856,0.14983,0.14842,0.14967,1405353.0
2025-05-16 18:30:00,0.14967,0.14998,0.14903,0.14904,972766.0
2025-05-16 19:00:00,0.14905,0.14939,0.14853,0.14912,1602753.0
2025-05-16 19:30:00,0.14914,0.14924,0.14878,0.14913,987772.0
2025-05-16 20:00:00,0.14912,0.14938,0.1476,0.14778,1866059.0
2025-05-16 20:30:00,0.14778,0.14778,0.14685,0.1474,2908741.0
2025-05-16 21:00:00,0.14739,0.14813,0.14733,0.14791,1044437.0
2025-05-16 21:30:00,0.14792,0.14815,0.14755,0.14767,1145456.0
2025-05-16 22:00:00,0.14767,0.14767,0.14635,0.14653,2799803.0
2025-05-16 22:30:00,0.14658,0.14698,0.14546,0.14616,2113786.0
2025-05-16 23:00:00,0.14617,0.14776,0.14617,0.14765,1463621.0
2025-05-16 23:30:00,0.14766,0.14789,0.14671,0.14693,1554387.0
2025-05-17 00:00:00,0.14691,0.14694,0.14463,0.14469,2939433.0
2025-05-17 00:30:00,0.1447,0.14525,0.1436,0.14522,2074493.0
2025-05-17 01:00:00,0.14516,0.1452,0.14161,0.1422,4016551.0
2025-05-17 01:30:00,0.1422,0.14241,0.1399,0.14195,3668088.0
2025-05-17 02:00:00,0.14188,0.14231,0.14099,0.14195,2599279.0
2025-05-17 02:30:00,0.14197,0.14299,0.14167,0.14232,1821494.0
2025-05-17 03:00:00,0.14233,0.14256,0.14089,0.14176,1551712.0
2025-05-17 03:30:00,0.14176,0.14271,0.14154,0.14257,1034329.0
2025-05-17 04:00:00,0.14259,0.14277,0.14209,0.14273,1036971.0
2025-05-17 04:30:00,0.14271,0.14337,0.14249,0.14267,968691.0
2025-05-17 05:00:00,0.14263,0.14278,0.14129,0.14166,1319175.0
2025-05-17 05:30:00,0.14164,0.14172,0.14048,0.14066,1948357.0
2025-05-17 06:00:00,0.14067,0.14133,0.14048,0.14053,1189527.0
2025-05-17 06:30:00,0.14053,0.14098,0.14024,0.14063,1234180.0
2025-05-17 07:00:00,0.14061,0.14139,0.14033,0.14133,1070153.0
2025-05-17 07:30:00,0.14136,0.14136,0.1394,0.14,2018056.0
2025-05-17 08:00:00,0.14,0.14037,0.13921,0.13973,1384618.0
2025-05-17 08:30:00,0.13973,0.13991,0.13907,0.13924,1145594.0
2025-05-17 09:00:00,0.13922,0.13922,0.13764,0.13791,2984304.0
2025-05-17 09:30:00,0.13792,0.13931,0.13782,0.13896,1501964.0
2025-05-17 10:00:00,0.13892,0.14012,0.1387,0.13989,1345027.0
2025-05-17 10:30:00,0.13988,0.14037,0.13943,0.14031,847336.0
2025-05-17 11:00:00,0.14031,0.14049,0.13977,0.1399,758083.0
2025-05-17 11:30:00,0.13989,0.14087,0.13984,0.14017,894111.0
2025-05-17 12:00:00,0.14019,0.14049,0.13926,0.13963,1399797.0
2025-05-17 12:30:00,0.13964,0.13984,0.13874,0.13892,1181252.0
2025-05-17 13:00:00,0.13895,0.13965,0.13849,0.13863,1803915.0
2025-05-17 13:30:00,0.13849,0.13862,0.13704,0.13746,1605313.0
2025-05-17 14:00:00,0.13748,0.13982,0.13745,0.13962,1204004.0
2025-05-17 14:30:00,0.13961,0.14029,0.13941,0.13992,2250489.0
2025-05-17 15:00:00,0.13993,0.14022,0.13926,0.14003,630767.0
2025-05-17 15:30:00,0.14003,0.14023,0.13917,0.13934,678862.0
2025-05-17 16:00:00,0.13934,0.13973,0.13861,0.13862,1069604.0
2025-05-17 16:30:00,0.13862,0.13868,0.13695,0.13846,1947123.0
2025-05-17 17:00:00,0.13846,0.13964,0.13835,0.13939,1473021.0
2025-05-17 17:30:00,0.13941,0.13966,0.13815,0.13828,1089821.0
2025-05-17 18:00:00,0.13826,0.13959,0.13807,0.13939,2464334.0
2025-05-17 18:30:00,0.13942,0.13943,0.1377,0.1377,989606.0
2025-05-17 19:00:00,0.13772,0.13906,0.13752,0.13867,723052.0
2025-05-17 19:30:00,0.13864,0.13875,0.13813,0.13829,856495.0
2025-05-17 20:00:00,0.13831,0.13899,0.13768,0.13805,1353091.0
2025-05-17 20:30:00,0.13805,0.14017,0.13803,0.13974,1576187.0
2025-05-17 21:00:00,0.13974,0.13988,0.13844,0.13894,1648938.0
2025-05-17 21:30:00,0.13894,0.13958,0.13894,0.13944,553850.0
2025-05-17 22:00:00,0.13945,0.13958,0.13755,0.13757,1875363.0
2025-05-17 22:30:00,0.13758,0.13879,0.13739,0.13858,1791514.0
2025-05-17 23:00:00,0.13857,0.13967,0.13788,0.13952,1184468.0
2025-05-17 23:30:00,0.13955,0.13971,0.13873,0.13908,1069440.0
2025-05-18 00:00:00,0.1391,0.13989,0.13892,0.13969,1684359.0
2025-05-18 00:30:00,0.13966,0.14091,0.1393,0.14063,1723612.0
2025-05-18 01:00:00,0.14055,0.14135,0.14046,0.14081,1726227.0
2025-05-18 01:30:00,0.14086,0.1419,0.14066,0.1416,1166275.0
2025-05-18 02:00:00,0.14159,0.14182,0.14119,0.14123,638537.0
2025-05-18 02:30:00,0.14122,0.14139,0.14073,0.14093,642023.0
2025-05-18 03:00:00,0.14094,0.14123,0.1404,0.14049,1065029.0
2025-05-18 03:30:00,0.14045,0.14143,0.14045,0.14116,776624.0
2025-05-18 04:00:00,0.14116,0.14154,0.14104,0.14115,476982.0
2025-05-18 04:30:00,0.14117,0.14189,0.14102,0.14136,699413.0
2025-05-18 05:00:00,0.14141,0.14238,0.14139,0.14209,1129260.0
2025-05-18 05:30:00,0.14209,0.14218,0.14144,0.14207,834191.0
2025-05-18 06:00:00,0.14205,0.14212,0.14125,0.14148,1126242.0
2025-05-18 06:30:00,0.14151,0.14164,0.14129,0.14138,482511.0
2025-05-18 07:00:00,0.14137,0.14233,0.14132,0.14232,2001476.0
2025-05-18 07:30:00,0.14229,0.14254,0.1419,0.14252,639420.0
2025-05-18 08:00:00,0.14256,0.14337,0.14251,0.14295,1287050.0
2025-05-18 08:30:00,0.14298,0.14351,0.14275,0.14298,1493200.0
2025-05-18 09:00:00,0.14303,0.14327,0.1425,0.14266,547997.0
2025-05-18 09:30:00,0.14268,0.1428,0.14195,0.14218,949544.0
2025-05-18 10:00:00,0.14226,0.14246,0.14192,0.14205,615994.0
2025-05-18 10:30:00,0.14207,0.14257,0.14199,0.14257,444676.0
2025-05-18 11:00:00,0.14257,0.14317,0.14252,0.14284,616496.0
2025-05-18 11:30:00,0.14278,0.14296,0.14188,0.14199,911867.0
2025-05-18 12:00:00,0.14198,0.14214,0.14067,0.14197,2689039.0
2025-05-18 12:30:00,0.14197,0.14213,0.14181,0.14183,483860.0
2025-05-18 13:00:00,0.14183,0.14248,0.14175,0.14248,718171.0
2025-05-18 13:30:00,0.14248,0.14333,0.14237,0.14323,1152896.0
2025-05-18 14:00:00,0.14326,0.14363,0.14283,0.14312,2390293.0
2025-05-18 14:30:00,0.14313,0.144,0.14304,0.14337,1919113.0
2025-05-18 15:00:00,0.1434,0.14379,0.14304,0.14354,911388.0
2025-05-18 15:30:00,0.14353,0.14447,0.14344,0.144,675470.0
2025-05-18 16:00:00,0.14398,0.14435,0.14337,0.14377,1519667.0
2025-05-18 16:30:00,0.1437,0.14383,0.14309,0.14357,965623.0
2025-05-18 17:00:00,0.14354,0.14354,0.14156,0.14227,2633499.0
2025-05-18 17:30:00,0.14225,0.14283,0.141,0.14125,2101223.0
2025-05-18 18:00:00,0.14122,0.14126,0.13828,0.14027,9142550.0
2025-05-18 18:30:00,0.14027,0.1404,0.13952,0.14008,2401713.0
2025-05-18 19:00:00,0.1401,0.14101,0.13995,0.14035,1662142.0
2025-05-18 19:30:00,0.14036,0.14036,0.1382,0.13825,3201517.0
2025-05-18 20:00:00,0.13824,0.13833,0.13633,0.13736,5499842.0
2025-05-18 20:30:00,0.13731,0.13914,0.13705,0.13899,1949805.0
2025-05-18 21:00:00,0.139,0.13988,0.13897,0.13976,1332846.0
2025-05-18 21:30:00,0.13976,0.1404,0.13929,0.13954,1419255.0
2025-05-18 22:00:00,0.13957,0.14014,0.13855,0.14007,2616251.0
2025-05-18 22:30:00,0.14006,0.14104,0.13995,0.14101,1141564.0
2025-05-18 23:00:00,0.14103,0.14103,0.14008,0.14061,996322.0
2025-05-18 23:30:00,0.14065,0.14148,0.14036,0.14135,1770073.0
2025-05-19 00:00:00,0.14136,0.14156,0.13931,0.13956,3753124.0
2025-05-19 00:30:00,0.13957,0.13984,0.1386,0.13887,2921850.0
2025-05-19 01:00:00,0.13883,0.13943,0.13808,0.1388,1710046.0
2025-05-19 01:30:00,0.13881,0.13927,0.1386,0.1389,1266665.0
2025-05-19 02:00:00,0.13889,0.13926,0.13785,0.13881,2119320.0
2025-05-19 02:30:00,0.13881,0.13909,0.13814,0.1385,788625.0
2025-05-19 03:00:00,0.1385,0.1387,0.13802,0.13812,1130533.0
2025-05-19 03:30:00,0.13813,0.13824,0.13738,0.1377,1392910.0
2025-05-19 04:00:00,0.13769,0.13833,0.13714,0.13739,1437439.0
2025-05-19 04:30:00,0.13737,0.13741,0.13585,0.13618,2643409.0
2025-05-19 05:00:00,0.13618,0.13629,0.13554,0.13593,1777465.0
2025-05-19 05:30:00,0.13588,0.1364,0.13534,0.13564,1819494.0
2025-05-19 06:00:00,0.13565,0.13587,0.13422,0.13435,2642025.0
2025-05-19 06:30:00,0.13437,0.13437,0.13069,0.13083,5589527.0
2025-05-19 07:00:00,0.13091,0.13457,0.13086,0.13396,5255386.0
2025-05-19 07:30:00,0.13402,0.13533,0.13396,0.13432,2633756.0
2025-05-19 08:00:00,0.13439,0.13446,0.13277,0.13364,4161643.0
2025-05-19 08:30:00,0.13363,0.134,0.13278,0.13353,1460255.0
2025-05-19 09:00:00,0.1336,0.13425,0.13291,0.13406,1636766.0
2025-05-19 09:30:00,0.13409,0.13449,0.13363,0.13384,835756.0
2025-05-19 10:00:00,0.13382,0.13394,0.13281,0.13336,1157372.0
2025-05-19 10:30:00,0.13336,0.13447,0.13302,0.1338,1000676.0
2025-05-19 11:00:00,0.13382,0.13433,0.13358,0.13407,1249776.0
2025-05-19 11:30:00,0.13403,0.13669,0.13393,0.13519,4059194.0
2025-05-19 12:00:00,0.13519,0.13548,0.13425,0.13474,1408356.0
2025-05-19 12:30:00,0.13472,0.1348,0.13353,0.134,1687454.0
2025-05-19 13:00:00,0.13402,0.13444,0.13376,0.13424,698132.0
2025-05-19 13:30:00,0.13422,0.1361,0.13402,0.13569,2878445.0
2025-05-19 14:00:00,0.13576,0.13623,0.13475,0.13545,2008916.0
2025-05-19 14:30:00,0.13544,0.13641,0.13507,0.13611,1201597.0
2025-05-19 15:00:00,0.13611,0.13686,0.13552,0.13561,1229086.0
2025-05-19 15:30:00,0.1356,0.13647,0.13556,0.13617,679325.0
2025-05-19 16:00:00,0.13626,0.13632,0.13539,0.13616,810575.0
2025-05-19 16:30:00,0.13617,0.13676,0.13569,0.13668,876230.0
2025-05-19 17:00:00,0.13671,0.13709,0.13642,0.13687,1829585.0
2025-05-19 17:30:00,0.13692,0.13699,0.13605,0.13623,635247.0
2025-05-19 18:00:00,0.13622,0.13666,0.13556,0.13577,1353553.0
2025-05-19 18:30:00,0.1358,0.13589,0.13495,0.13562,1084667.0
2025-05-19 19:00:00,0.13568,0.13577,0.13509,0.13555,786508.0
2025-05-19 19:30:00,0.13563,0.13654,0.13563,0.1361,1071960.0
2025-05-19 20:00:00,0.13612,0.13663,0.13596,0.13645,952059.0
2025-05-19 20:30:00,0.13643,0.13649,0.136,0.1361,456063.0
2025-05-19 21:00:00,0.13611,0.13614,0.1356,0.13563,496019.0
2025-05-19 21:30:00,0.13567,0.13635,0.13558,0.13631,518176.0
2025-05-19 22:00:00,0.1363,0.13656,0.13575,0.13605,1161047.0
2025-05-19 22:30:00,0.13606,0.13666,0.136,0.1365,640354.0
2025-05-19 23:00:00,0.13652,0.13683,0.13638,0.13663,412901.0
2025-05-19 23:30:00,0.13662,0.13737,0.13656,0.13704,789242.0
2025-05-20 00:00:00,0.13703,0.1375,0.13656,0.13657,1528286.0
2025-05-20 00:30:00,0.13656,0.1369,0.13585,0.13607,1095218.0
2025-05-20 01:00:00,0.13608,0.13702,0.13588,0.13692,736884.0
2025-05-20 01:30:00,0.13694,0.13747,0.13678,0.13716,1004193.0
2025-05-20 02:00:00,0.13716,0.13824,0.13708,0.1376,1014843.0
2025-05-20 02:30:00,0.13759,0.13775,0.13682,0.13703,1148899.0
2025-05-20 03:00:00,0.137,0.1371,0.13632,0.13681,821457.0
2025-05-20 03:30:00,0.13676,0.13678,0.13583,0.13634,1347934.0
2025-05-20 04:00:00,0.13638,0.13646,0.136,0.13603,502551.0
2025-05-20 04:30:00,0.13607,0.13679,0.13607,0.13649,492454.0
2025-05-20 05:00:00,0.13647,0.13685,0.13645,0.13653,453691.0
2025-05-20 05:30:00,0.13658,0.13662,0.13611,0.1363,362429.0
2025-05-20 06:00:00,0.13632,0.13648,0.13563,0.13564,1093567.0
2025-05-20 06:30:00,0.13565,0.1359,0.13536,0.13575,1202755.0
2025-05-20 07:00:00,0.13579,0.13593,0.13477,0.1354,1516687.0
2025-05-20 07:30:00,0.13538,0.13547,0.13484,0.135,536578.0
2025-05-20 08:00:00,0.13503,0.13542,0.13452,0.13452,849899.0
2025-05-20 08:30:00,0.13455,0.13513,0.13452,0.13484,438145.0
2025-05-20 09:00:00,0.13483,0.13537,0.13466,0.13484,453303.0
2025-05-20 09:30:00,0.13481,0.13536,0.13469,0.13484,891589.0
2025-05-20 10:00:00,0.13484,0.13506,0.13414,0.13445,973493.0
2025-05-20 10:30:00,0.13441,0.13441,0.1337,0.13404,950629.0
2025-05-20 11:00:00,0.13404,0.13416,0.1336,0.13392,615892.0
2025-05-20 11:30:00,0.13392,0.13461,0.13391,0.13421,429427.0
2025-05-20 12:00:00,0.13419,0.13425,0.13351,0.13362,619380.0
2025-05-20 12:30:00,0.13363,0.13384,0.133,0.13374,1398759.0
2025-05-20 13:00:00,0.13377,0.13425,0.13374,0.13385,915811.0
2025-05-20 13:30:00,0.1339,0.13423,0.13341,0.13381,1199858.0
2025-05-20 14:00:00,0.13381,0.13434,0.13362,0.13363,712382.0
2025-05-20 14:30:00,0.13362,0.13417,0.13353,0.13376,426761.0
2025-05-20 15:00:00,0.13374,0.13444,0.13373,0.13441,484720.0
2025-05-20 15:30:00,0.13443,0.13465,0.13421,0.1343,515176.0
2025-05-20 16:00:00,0.13432,0.13473,0.1339,0.13408,797168.0
2025-05-20 16:30:00,0.13407,0.13432,0.13391,0.13393,432701.0
2025-05-20 17:00:00,0.13397,0.13443,0.13391,0.13431,1214769.0
2025-05-20 17:30:00,0.13434,0.13471,0.13405,0.13455,451319.0
2025-05-20 18:00:00,0.13453,0.13504,0.13395,0.13403,961395.0
2025-05-20 18:30:00,0.13403,0.13403,0.13172,0.132,3229142.0
2025-05-20 19:00:00,0.13199,0.13342,0.13188,0.13331,1621172.0
2025-05-20 19:30:00,0.13334,0.13468,0.13332,0.13437,881413.0
2025-05-20 20:00:00,0.13439,0.13498,0.13397,0.1347,1181355.0
2025-05-20 20:30:00,0.13473,0.13554,0.13463,0.13517,1326815.0
2025-05-20 21:00:00,0.13516,0.13547,0.1348,0.135,984008.0
2025-05-20 21:30:00,0.13498,0.13541,0.13479,0.13515,617848.0
2025-05-20 22:00:00,0.13516,0.13541,0.13418,0.13453,964190.0
2025-05-20 22:30:00,0.13453,0.135,0.13425,0.135,561705.0
2025-05-20 23:00:00,0.13499,0.13561,0.13474,0.13537,896154.0
2025-05-20 23:30:00,0.13538,0.13549,0.13497,0.13521,653057.0
2025-05-21 00:00:00,0.13521,0.13554,0.13489,0.135,872061.0
2025-05-21 00:30:00,0.13501,0.1352,0.13444,0.13467,820672.0
2025-05-21 01:00:00,0.13466,0.13512,0.13425,0.13453,898059.0
2025-05-21 01:30:00,0.13458,0.1348,0.13387,0.13401,559083.0
2025-05-21 02:00:00,0.13398,0.13401,0.13306,0.1335,1273072.0
2025-05-21 02:30:00,0.13352,0.13452,0.13348,0.13439,862668.0
2025-05-21 03:00:00,0.13442,0.13501,0.13426,0.13478,1471163.0
2025-05-21 03:30:00,0.13478,0.13506,0.13452,0.13473,915630.0
2025-05-21 04:00:00,0.13473,0.13504,0.13455,0.13469,557459.0
2025-05-21 04:30:00,0.13467,0.13515,0.13426,0.13469,1386332.0
2025-05-21 05:00:00,0.13466,0.13551,0.13463,0.13528,1337659.0
2025-05-21 05:30:00,0.13528,0.13556,0.13509,0.13539,876668.0
2025-05-21 06:00:00,0.13533,0.13546,0.13439,0.13514,1032934.0
2025-05-21 06:30:00,0.13517,0.13539,0.1348,0.13486,512326.0
2025-05-21 07:00:00,0.13486,0.13503,0.13317,0.1334,1496184.0
2025-05-21 07:30:00,0.13339,0.13347,0.13262,0.13287,1757280.0
2025-05-21 08:00:00,0.13292,0.13363,0.13252,0.13278,1110318.0
2025-05-21 08:30:00,0.13278,0.13317,0.13264,0.13281,1353153.0
2025-05-21 09:00:00,0.13284,0.13297,0.13121,0.13175,2932726.0
2025-05-21 09:30:00,0.13174,0.13218,0.13146,0.13187,1119761.0
2025-05-21 10:00:00,0.13182,0.13222,0.13158,0.13186,1072476.0
2025-05-21 10:30:00,0.13187,0.13247,0.13187,0.13237,576214.0
2025-05-21 11:00:00,0.13232,0.13299,0.132,0.13276,683544.0
2025-05-21 11:30:00,0.13278,0.13283,0.13204,0.13269,612945.0
2025-05-21 12:00:00,0.13266,0.13341,0.13251,0.13339,659438.0
2025-05-21 12:30:00,0.13337,0.13341,0.13293,0.13328,385578.0
2025-05-21 13:00:00,0.13329,0.13347,0.13286,0.13326,595965.0
2025-05-21 13:30:00,0.13325,0.13565,0.13322,0.13477,4119206.0
2025-05-21 14:00:00,0.13477,0.13506,0.13401,0.13422,1595563.0
2025-05-21 14:30:00,0.13415,0.13514,0.13354,0.13502,1500987.0
2025-05-21 15:00:00,0.13498,0.1351,0.13441,0.13481,2047111.0
2025-05-21 15:30:00,0.13477,0.13515,0.13426,0.13497,1143337.0
2025-05-21 16:00:00,0.13495,0.13578,0.13446,0.13571,1145814.0
2025-05-21 16:30:00,0.13571,0.13667,0.1356,0.1356,1811401.0
2025-05-21 17:00:00,0.13562,0.13593,0.13143,0.13156,9327094.0
2025-05-21 17:30:00,0.13158,0.13316,0.13078,0.13235,18299378.0
2025-05-21 18:00:00,0.13237,0.13368,0.13188,0.13278,2438203.0
2025-05-21 18:30:00,0.13276,0.13374,0.13271,0.13288,1596425.0
2025-05-21 19:00:00,0.13291,0.13377,0.13291,0.13364,1237150.0
2025-05-21 19:30:00,0.13371,0.13433,0.13358,0.13403,1080424.0
2025-05-21 20:00:00,0.13405,0.13419,0.13351,0.13373,599072.0
2025-05-21 20:30:00,0.13378,0.13419,0.13353,0.13413,523782.0
2025-05-21 21:00:00,0.13416,0.13439,0.13385,0.13415,505089.0
2025-05-21 21:30:00,0.13413,0.13424,0.1339,0.13394,261700.0
2025-05-21 22:00:00,0.13392,0.13443,0.13384,0.13437,409868.0
2025-05-21 22:30:00,0.13437,0.13454,0.13425,0.13438,625066.0
2025-05-21 23:00:00,0.13444,0.1359,0.13444,0.13539,1339768.0
2025-05-21 23:30:00,0.13541,0.1356,0.13482,0.1349,1368101.0
2025-05-22 00:00:00,0.13488,0.13553,0.13475,0.13547,1226809.0
2025-05-22 00:30:00,0.13547,0.13611,0.13514,0.13603,2039136.0
2025-05-22 01:00:00,0.13602,0.13643,0.1357,0.13642,1407211.0
2025-05-22 01:30:00,0.13642,0.13649,0.13551,0.1359,751301.0
2025-05-22 02:00:00,0.1359,0.1367,0.13571,0.13639,969001.0
2025-05-22 02:30:00,0.13639,0.13687,0.13639,0.13681,635754.0
2025-05-22 03:00:00,0.13674,0.13711,0.13642,0.13707,783037.0
2025-05-22 03:30:00,0.13708,0.13767,0.13695,0.13707,1391864.0
2025-05-22 04:00:00,0.13707,0.13711,0.13656,0.13681,994882.0
2025-05-22 04:30:00,0.13679,0.137,0.1366,0.13665,718226.0
2025-05-22 05:00:00,0.13664,0.13722,0.13627,0.13718,1135895.0
2025-05-22 05:30:00,0.13718,0.1375,0.13686,0.13697,956975.0
2025-05-22 06:00:00,0.13697,0.13713,0.13662,0.13698,973173.0
2025-05-22 06:30:00,0.13694,0.13704,0.13653,0.13654,544726.0
2025-05-22 07:00:00,0.13659,0.13701,0.13645,0.13678,566336.0
2025-05-22 07:30:00,0.13674,0.13738,0.13674,0.1371,454153.0
2025-05-22 08:00:00,0.13714,0.13832,0.137,0.13807,1796284.0
2025-05-22 08:30:00,0.13807,0.13826,0.13778,0.13786,676838.0
2025-05-22 09:00:00,0.13789,0.13857,0.13789,0.13849,783149.0
2025-05-22 09:30:00,0.13848,0.13849,0.13792,0.13836,813952.0
2025-05-22 10:00:00,0.13836,0.13866,0.13782,0.13848,749202.0
2025-05-22 10:30:00,0.1385,0.13864,0.13827,0.13841,613961.0
2025-05-22 11:00:00,0.13843,0.13847,0.13691,0.13708,2206902.0
2025-05-22 11:30:00,0.13705,0.13835,0.13705,0.13798,675580.0
2025-05-22 12:00:00,0.13798,0.13836,0.13786,0.13826,844424.0
2025-05-22 12:30:00,0.13824,0.14006,0.13817,0.1392,2007866.0
2025-05-22 13:00:00,0.13919,0.13926,0.13683,0.13836,6658822.0
2025-05-22 13:30:00,0.13841,0.13852,0.13726,0.13746,1533367.0
2025-05-22 14:00:00,0.13745,0.13873,0.13735,0.13855,1421656.0
2025-05-22 14:30:00,0.13854,0.13915,0.13787,0.13826,1463898.0
2025-05-22 15:00:00,0.13827,0.13914,0.13809,0.13902,930096.0
2025-05-22 15:30:00,0.13904,0.13983,0.13899,0.139,1106471.0
2025-05-22 16:00:00,0.13906,0.13984,0.13903,0.13908,471098.0
2025-05-22 16:30:00,0.13905,0.13945,0.13872,0.13896,945641.0
2025-05-22 17:00:00,0.13899,0.13911,0.13806,0.13892,1176833.0
2025-05-22 17:30:00,0.13893,0.13914,0.1385,0.13888,416887.0
2025-05-22 18:00:00,0.13885,0.1392,0.1384,0.13915,333256.0
2025-05-22 18:30:00,0.13918,0.13935,0.13874,0.13888,298135.0
2025-05-22 19:00:00,0.13888,0.13897,0.1385,0.13858,301938.0
2025-05-22 19:30:00,0.13858,0.13871,0.13744,0.13795,1867728.0
2025-05-22 20:00:00,0.13797,0.1386,0.13794,0.13808,444694.0
2025-05-22 20:30:00,0.13812,0.13838,0.1378,0.13791,471065.0
2025-05-22 21:00:00,0.13794,0.13794,0.13726,0.13737,486752.0
2025-05-22 21:30:00,0.13731,0.13799,0.13721,0.13765,386136.0
2025-05-22 22:00:00,0.13769,0.13819,0.13761,0.13794,1154558.0
2025-05-22 22:30:00,0.13794,0.13835,0.13752,0.13762,668343.0
2025-05-22 23:00:00,0.13762,0.13834,0.13762,0.13828,449262.0
2025-05-22 23:30:00,0.13823,0.13902,0.13801,0.1389,685877.0
2025-05-23 00:00:00,0.13888,0.13889,0.13662,0.13713,3753341.0
2025-05-23 00:30:00,0.13717,0.13733,0.13651,0.13692,1433671.0
2025-05-23 01:00:00,0.13694,0.13901,0.13676,0.13891,2869127.0
2025-05-23 01:30:00,0.13893,0.13934,0.13892,0.13902,907663.0
2025-05-23 02:00:00,0.13901,0.14043,0.139,0.13979,2499225.0
2025-05-23 02:30:00,0.13981,0.13987,0.13856,0.1392,2556377.0
2025-05-23 03:00:00,0.13921,0.14005,0.13921,0.1397,828113.0
2025-05-23 03:30:00,0.13969,0.13999,0.13951,0.13963,718477.0
2025-05-23 04:00:00,0.13967,0.1402,0.13842,0.13871,1070352.0
2025-05-23 04:30:00,0.13872,0.13878,0.1378,0.13861,1291026.0
2025-05-23 05:00:00,0.13859,0.1389,0.13819,0.13834,833003.0
2025-05-23 05:30:00,0.13834,0.13873,0.13785,0.1387,763966.0
2025-05-23 06:00:00,0.13871,0.13877,0.13733,0.13765,1012036.0
2025-05-23 06:30:00,0.13762,0.13808,0.13704,0.13729,1565992.0
2025-05-23 07:00:00,0.13728,0.13834,0.13728,0.13818,675173.0
2025-05-23 07:30:00,0.13818,0.13822,0.13709,0.13746,1358441.0
2025-05-23 08:00:00,0.13746,0.13849,0.13746,0.13846,1198275.0
2025-05-23 08:30:00,0.13847,0.13949,0.13831,0.13944,807946.0
2025-05-23 09:00:00,0.13945,0.13988,0.13889,0.13913,1311785.0
2025-05-23 09:30:00,0.13912,0.13946,0.13887,0.13941,557850.0
2025-05-23 10:00:00,0.13936,0.13936,0.13849,0.13902,725992.0
2025-05-23 10:30:00,0.13905,0.13918,0.13863,0.1391,226235.0
2025-05-23 11:00:00,0.13904,0.13923,0.13785,0.13834,866601.0
2025-05-23 11:30:00,0.13831,0.13831,0.13224,0.13346,9954071.0
2025-05-23 12:00:00,0.13349,0.13364,0.13,0.13229,11705099.0
2025-05-23 12:30:00,0.13228,0.133,0.13178,0.1322,3119723.0
2025-05-23 13:00:00,0.13221,0.13336,0.13163,0.13325,1539044.0
2025-05-23 13:30:00,0.13324,0.1356,0.13313,0.13524,4344617.0
2025-05-23 14:00:00,0.13523,0.13539,0.13431,0.13443,1487678.0
2025-05-23 14:30:00,0.13448,0.13536,0.13446,0.135,549691.0
2025-05-23 15:00:00,0.13498,0.13528,0.13435,0.13492,1199731.0
2025-05-23 15:30:00,0.13495,0.13528,0.13436,0.13439,516531.0
2025-05-23 16:00:00,0.13439,0.13487,0.13338,0.13462,1719815.0
2025-05-23 16:30:00,0.13461,0.13492,0.13404,0.13479,933842.0
2025-05-23 17:00:00,0.1348,0.13514,0.13474,0.1351,965049.0
2025-05-23 17:30:00,0.13507,0.13507,0.13459,0.13494,241214.0
2025-05-23 18:00:00,0.13494,0.13507,0.13406,0.13443,683015.0
2025-05-23 18:30:00,0.13444,0.13457,0.13356,0.13391,1399732.0
2025-05-23 19:00:00,0.13394,0.13425,0.13363,0.13383,811504.0
2025-05-23 19:30:00,0.13382,0.13395,0.13318,0.13338,1470516.0
2025-05-23 20:00:00,0.13341,0.13347,0.13291,0.1331,742499.0
2025-05-23 20:30:00,0.13309,0.13309,0.13184,0.13201,698373.0
2025-05-23 21:00:00,0.13199,0.13266,0.1316,0.13223,1187315.0
2025-05-23 21:30:00,0.13214,0.13244,0.13179,0.13207,561500.0
2025-05-23 22:00:00,0.13208,0.13292,0.13208,0.13268,1227945.0
2025-05-23 22:30:00,0.13267,0.13269,0.13169,0.13185,588506.0
2025-05-23 23:00:00,0.13184,0.13198,0.13091,0.13102,1236785.0
2025-05-23 23:30:00,0.13103,0.13132,0.1293,0.13057,2817747.0
2025-05-24 00:00:00,0.13058,0.13686,0.13052,0.13586,28324148.0
2025-05-24 00:30:00,0.13586,0.14114,0.13537,0.13764,22554936.0
2025-05-24 01:00:00,0.13758,0.14096,0.13683,0.14086,13284290.0
2025-05-24 01:30:00,0.14086,0.14379,0.14004,0.14173,19087753.0
2025-05-24 02:00:00,0.14174,0.15518,0.14158,0.15379,63619739.0
2025-05-24 02:30:00,0.15375,0.15375,0.14803,0.14882,57554436.0
2025-05-24 03:00:00,0.14885,0.14924,0.1466,0.14831,39676964.0
2025-05-24 03:30:00,0.14826,0.14831,0.14465,0.14703,22893441.0
2025-05-24 04:00:00,0.14703,0.14873,0.14528,0.14762,22012688.0
2025-05-24 04:30:00,0.14762,0.14781,0.14633,0.14696,8748992.0
2025-05-24 05:00:00,0.14698,0.14739,0.14486,0.14709,11715907.0
2025-05-24 05:30:00,0.14707,0.14784,0.14512,0.14709,11477926.0
2025-05-24 06:00:00,0.14707,0.15407,0.147,0.1502,67279602.0
2025-05-24 06:30:00,0.1502,0.15329,0.14938,0.15157,38456139.0
2025-05-24 07:00:00,0.15157,0.1545,0.14975,0.1508,41812102.0
2025-05-24 07:30:00,0.15079,0.15198,0.1495,0.15081,25167914.0
2025-05-24 08:00:00,0.1508,0.1533,0.14945,0.15073,39442075.0
2025-05-24 08:30:00,0.15069,0.15225,0.14974,0.15083,19518825.0
2025-05-24 09:00:00,0.15084,0.15282,0.14512,0.14851,45235712.0
2025-05-24 09:30:00,0.14851,0.15117,0.14833,0.15089,16983332.0
2025-05-24 10:00:00,0.15088,0.15099,0.14618,0.14637,30638946.0
2025-05-24 10:30:00,0.14637,0.14726,0.14521,0.14603,18493629.0
2025-05-24 11:00:00,0.14608,0.14827,0.1447,0.1472,20884542.0
2025-05-24 11:30:00,0.14728,0.1493,0.14588,0.14929,12740282.0
2025-05-24 12:00:00,0.14928,0.14946,0.14716,0.14859,13319253.0
2025-05-24 12:30:00,0.1486,0.15084,0.14823,0.15065,11513791.0
2025-05-24 13:00:00,0.15064,0.15129,0.14815,0.14861,13092879.0
2025-05-24 13:30:00,0.14866,0.14927,0.14806,0.14921,4948935.0
2025-05-24 14:00:00,0.14921,0.14925,0.14632,0.14655,8575896.0
2025-05-24 14:30:00,0.14658,0.14796,0.14613,0.14676,7147966.0
2025-05-24 15:00:00,0.14679,0.14845,0.1452,0.14739,11563335.0
2025-05-24 15:30:00,0.14737,0.14746,0.14514,0.14563,6648070.0
2025-05-24 16:00:00,0.14563,0.14585,0.14341,0.14399,13927473.0
2025-05-24 16:30:00,0.144,0.14563,0.14387,0.14543,5345091.0
2025-05-24 17:00:00,0.14539,0.14553,0.14392,0.14487,4675574.0
2025-05-24 17:30:00,0.14487,0.14832,0.14479,0.14748,9842274.0
2025-05-24 18:00:00,0.14745,0.14809,0.14671,0.14801,6726062.0
2025-05-24 18:30:00,0.14807,0.14892,0.14666,0.14867,7534288.0
2025-05-24 19:00:00,0.14867,0.14867,0.14571,0.14618,11197535.0
2025-05-24 19:30:00,0.14612,0.14713,0.14587,0.14622,4375398.0
2025-05-24 20:00:00,0.14622,0.14639,0.14419,0.14459,4789196.0
2025-05-24 20:30:00,0.14464,0.1455,0.14437,0.14481,3289809.0
2025-05-24 21:00:00,0.1448,0.14515,0.14361,0.14444,4313560.0
2025-05-24 21:30:00,0.14442,0.14627,0.14408,0.14604,3144716.0
2025-05-24 22:00:00,0.14605,0.1479,0.14577,0.14775,6570022.0
2025-05-24 22:30:00,0.14773,0.14776,0.14662,0.14682,4667163.0
2025-05-24 23:00:00,0.14681,0.14757,0.14554,0.14609,6868253.0
2025-05-24 23:30:00,0.14605,0.1476,0.14601,0.14698,5186533.0
2025-05-25 00:00:00,0.14697,0.15409,0.14433,0.1527,74865895.0
2025-05-25 00:30:00,0.15269,0.15787,0.15255,0.15506,54729152.0
2025-05-25 01:00:00,0.15506,0.16368,0.15412,0.16148,76814292.0
2025-05-25 01:30:00,0.16141,0.16167,0.15765,0.15835,44376291.0
2025-05-25 02:00:00,0.15835,0.16592,0.15563,0.15616,81537817.0
2025-05-25 02:30:00,0.15615,0.16175,0.15511,0.16064,33061872.0
2025-05-25 03:00:00,0.16061,0.16227,0.15969,0.16225,22247990.0
2025-05-25 03:30:00,0.16221,0.16287,0.15912,0.16033,26815350.0
2025-05-25 04:00:00,0.1603,0.16055,0.15618,0.15824,36326174.0
2025-05-25 04:30:00,0.15827,0.16018,0.15825,0.15954,8410590.0
2025-05-25 05:00:00,0.15953,0.15953,0.156,0.1577,13512812.0
2025-05-25 05:30:00,0.15773,0.15891,0.15655,0.15809,9729908.0
2025-05-25 06:00:00,0.15807,0.15952,0.15749,0.15888,8463229.0
2025-05-25 06:30:00,0.15889,0.1593,0.15715,0.15787,5200716.0
2025-05-25 07:00:00,0.15785,0.15891,0.1563,0.15848,9929031.0
2025-05-25 07:30:00,0.15846,0.16105,0.15806,0.16065,14278051.0
2025-05-25 08:00:00,0.16061,0.1607,0.1583,0.15982,17979757.0
2025-05-25 08:30:00,0.15983,0.16099,0.15654,0.15699,16336354.0
2025-05-25 09:00:00,0.15698,0.15911,0.1562,0.15856,10878185.0
2025-05-25 09:30:00,0.1586,0.15897,0.15592,0.15784,10871157.0
2025-05-25 10:00:00,0.15788,0.15995,0.15716,0.15967,11718608.0
2025-05-25 10:30:00,0.1597,0.16053,0.15883,0.16001,10576246.0
2025-05-25 11:00:00,0.15993,0.1608,0.15829,0.15886,12851387.0
2025-05-25 11:30:00,0.15883,0.15886,0.15652,0.15724,16950797.0
2025-05-25 12:00:00,0.15723,0.15971,0.15643,0.1591,20084876.0
2025-05-25 12:30:00,0.15904,0.15942,0.15805,0.15911,9845331.0
2025-05-25 13:00:00,0.15913,0.15986,0.15609,0.15903,17681532.0
2025-05-25 13:30:00,0.15903,0.16035,0.1584,0.159,16614193.0
2025-05-25 14:00:00,0.15901,0.1605,0.15836,0.1599,10456137.0
2025-05-25 14:30:00,0.15992,0.16322,0.15951,0.16249,32116671.0
2025-05-25 15:00:00,0.16249,0.16409,0.161,0.16242,46937863.0
2025-05-25 15:30:00,0.16241,0.1648,0.15701,0.15938,63803863.0
2025-05-25 16:00:00,0.15938,0.16206,0.15665,0.16158,42717400.0
2025-05-25 16:30:00,0.16158,0.16443,0.16095,0.16317,42602431.0
2025-05-25 17:00:00,0.16322,0.1688,0.16208,0.16754,79080318.0
2025-05-25 17:30:00,0.16752,0.16906,0.16514,0.16852,52147826.0
2025-05-25 18:00:00,0.16852,0.17139,0.167,0.16739,63305769.0
2025-05-25 18:30:00,0.16734,0.16938,0.16583,0.16782,33086088.0
2025-05-25 19:00:00,0.16781,0.16977,0.16711,0.16743,23681172.0
2025-05-25 19:30:00,0.1674,0.16824,0.16532,0.1676,28779962.0
2025-05-25 20:00:00,0.16756,0.16756,0.16282,0.16459,37584582.0
2025-05-25 20:30:00,0.1646,0.16526,0.16304,0.16412,14374997.0
2025-05-25 21:00:00,0.16412,0.16479,0.16232,0.16416,15602155.0
2025-05-25 21:30:00,0.16418,0.16899,0.16362,0.16838,25188989.0
2025-05-25 22:00:00,0.16838,0.17027,0.16661,0.16765,37471810.0
2025-05-25 22:30:00,0.16767,0.16768,0.1641,0.16452,20212888.0
2025-05-25 23:00:00,0.16449,0.1669,0.16422,0.16578,15329475.0
2025-05-25 23:30:00,0.16577,0.16713,0.16421,0.16663,13256084.0
2025-05-26 00:00:00,0.16659,0.17871,0.16506,0.17751,97536379.0
2025-05-26 00:30:00,0.17752,0.18043,0.1755,0.17788,64699171.0
2025-05-26 01:00:00,0.17788,0.1794,0.17548,0.17834,30389717.0
2025-05-26 01:30:00,0.17835,0.17839,0.17466,0.17553,22400771.0
2025-05-26 02:00:00,0.17548,0.17953,0.17523,0.17703,25854847.0
2025-05-26 02:30:00,0.17698,0.18249,0.17671,0.18022,26149598.0
2025-05-26 03:00:00,0.18021,0.18119,0.17811,0.17937,17875691.0
2025-05-26 03:30:00,0.17937,0.1797,0.17755,0.17823,13031427.0
2025-05-26 04:00:00,0.17819,0.17852,0.1765,0.17832,24574935.0
2025-05-26 04:30:00,0.17833,0.17841,0.17609,0.17715,10975155.0
2025-05-26 05:00:00,0.17716,0.17843,0.17655,0.1766,10580898.0
2025-05-26 05:30:00,0.1766,0.17669,0.17491,0.17537,13550315.0
2025-05-26 06:00:00,0.17539,0.1766,0.16343,0.16534,73629475.0
2025-05-26 06:30:00,0.16536,0.168,0.16483,0.16664,23212991.0
2025-05-26 07:00:00,0.16665,0.16765,0.16168,0.16217,28486411.0
2025-05-26 07:30:00,0.16226,0.16382,0.1594,0.1603,37720543.0
2025-05-26 08:00:00,0.16028,0.16448,0.15897,0.1643,32108157.0
2025-05-26 08:30:00,0.16435,0.16664,0.1629,0.1663,28302561.0
2025-05-26 09:00:00,0.16629,0.16663,0.16442,0.16469,15010833.0
2025-05-26 09:30:00,0.1647,0.16599,0.16416,0.16425,7331760.0
2025-05-26 10:00:00,0.16421,0.16799,0.16408,0.16641,20577692.0
2025-05-26 10:30:00,0.16636,0.16717,0.16232,0.16365,15821768.0
2025-05-26 11:00:00,0.16367,0.16432,0.16283,0.16421,10514344.0
2025-05-26 11:30:00,0.16425,0.16455,0.16169,0.16348,14409796.0
2025-05-26 12:00:00,0.16346,0.16346,0.16078,0.16211,16776161.0
2025-05-26 12:30:00,0.1621,0.16343,0.16149,0.1631,6010996.0
2025-05-26 13:00:00,0.16313,0.16396,0.16253,0.16358,7651028.0
2025-05-26 13:30:00,0.16358,0.1657,0.16317,0.16502,14061837.0
2025-05-26 14:00:00,0.165,0.16578,0.16288,0.16365,9785054.0
2025-05-26 14:30:00,0.16371,0.16576,0.16233,0.16496,9286467.0
2025-05-26 15:00:00,0.16496,0.16541,0.16231,0.16321,6986588.0
2025-05-26 15:30:00,0.1632,0.16444,0.16306,0.16356,9851932.0
2025-05-26 16:00:00,0.16356,0.16356,0.16148,0.16219,13086384.0
2025-05-26 16:30:00,0.16215,0.1625,0.16106,0.16247,6829200.0
2025-05-26 17:00:00,0.16242,0.16242,0.1607,0.16123,4962303.0
2025-05-26 17:30:00,0.16123,0.1623,0.16021,0.16194,6037365.0
2025-05-26 18:00:00,0.16191,0.16316,0.16063,0.16067,6142758.0
2025-05-26 18:30:00,0.16068,0.16089,0.1594,0.15965,7572101.0
2025-05-26 19:00:00,0.15967,0.16046,0.15949,0.1595,4016283.0
2025-05-26 19:30:00,0.1595,0.1607,0.15893,0.15999,4796881.0
2025-05-26 20:00:00,0.15995,0.15995,0.15813,0.15857,8043868.0
2025-05-26 20:30:00,0.15857,0.16095,0.15856,0.1607,4647118.0
2025-05-26 21:00:00,0.16072,0.16147,0.16019,0.16023,3927866.0
2025-05-26 21:30:00,0.16027,0.16185,0.1602,0.16148,3032069.0
2025-05-26 22:00:00,0.16147,0.16161,0.15984,0.16006,3807004.0
2025-05-26 22:30:00,0.16008,0.16145,0.15959,0.16104,2833227.0
2025-05-26 23:00:00,0.16104,0.16439,0.16067,0.16365,10260101.0
2025-05-26 23:30:00,0.16365,0.16464,0.16286,0.16421,6125913.0
2025-05-27 00:00:00,0.16421,0.16783,0.16111,0.16561,47319370.0
2025-05-27 00:30:00,0.16559,0.16652,0.15702,0.15948,29012417.0
2025-05-27 01:00:00,0.15948,0.16156,0.15808,0.15948,22839548.0
2025-05-27 01:30:00,0.1595,0.15975,0.15663,0.15801,12234271.0
2025-05-27 02:00:00,0.15798,0.16234,0.15763,0.15929,19364525.0
2025-05-27 02:30:00,0.15927,0.1599,0.15791,0.15857,6338687.0
2025-05-27 03:00:00,0.15857,0.1598,0.15829,0.15837,7786631.0
2025-05-27 03:30:00,0.15834,0.15885,0.15754,0.15841,6842148.0
2025-05-27 04:00:00,0.15839,0.16092,0.15713,0.15937,18742625.0
2025-05-27 04:30:00,0.15937,0.16,0.15885,0.15906,4131763.0
2025-05-27 05:00:00,0.15906,0.1599,0.15822,0.15899,5191740.0
2025-05-27 05:30:00,0.15899,0.16058,0.1588,0.1598,3853267.0
2025-05-27 06:00:00,0.15978,0.15992,0.15892,0.15973,4600633.0
2025-05-27 06:30:00,0.15972,0.16043,0.15939,0.15962,4527702.0
2025-05-27 07:00:00,0.15963,0.16047,0.15963,0.15996,2703015.0
2025-05-27 07:30:00,0.15994,0.16101,0.15929,0.16027,5873818.0
2025-05-27 08:00:00,0.16029,0.16057,0.15968,0.15991,5439994.0
2025-05-27 08:30:00,0.15998,0.16047,0.1596,0.15964,3512805.0
2025-05-27 09:00:00,0.15968,0.16005,0.1587,0.15956,4187716.0
2025-05-27 09:30:00,0.15951,0.16174,0.15934,0.16062,5712057.0
2025-05-27 10:00:00,0.16062,0.16118,0.15938,0.1601,5326603.0
2025-05-27 10:30:00,0.16009,0.16054,0.1597,0.16003,2038737.0
2025-05-27 11:00:00,0.16002,0.16028,0.15924,0.15993,2865292.0
2025-05-27 11:30:00,0.15994,0.15994,0.15904,0.15991,2649552.0
2025-05-27 12:00:00,0.15994,0.16014,0.159,0.15911,3735311.0
2025-05-27 12:30:00,0.1591,0.15943,0.1585,0.15859,3307209.0
2025-05-27 13:00:00,0.15862,0.16017,0.15847,0.15915,6071288.0
2025-05-27 13:30:00,0.15916,0.15976,0.15867,0.15894,2695357.0
2025-05-27 14:00:00,0.15894,0.15898,0.15831,0.15895,2216856.0
2025-05-27 14:30:00,0.15896,0.15953,0.15856,0.15869,4301469.0
2025-05-27 15:00:00,0.1587,0.15889,0.158,0.1588,4753873.0
2025-05-27 15:30:00,0.15884,0.15994,0.15858,0.15991,3025533.0
2025-05-27 16:00:00,0.15991,0.16124,0.15904,0.16091,3813720.0
2025-05-27 16:30:00,0.16091,0.16137,0.15962,0.15985,4982715.0
2025-05-27 17:00:00,0.15985,0.15993,0.15894,0.15976,3321785.0
2025-05-27 17:30:00,0.15976,0.16054,0.15958,0.15999,2277756.0
2025-05-27 18:00:00,0.16002,0.16138,0.15918,0.16098,2825148.0
2025-05-27 18:30:00,0.16105,0.16171,0.1602,0.16078,3405521.0
2025-05-27 19:00:00,0.16079,0.16235,0.1607,0.16161,3510622.0
2025-05-27 19:30:00,0.16162,0.1625,0.16133,0.16201,1842266.0
2025-05-27 20:00:00,0.16199,0.16239,0.16056,0.16098,2875357.0
2025-05-27 20:30:00,0.16098,0.16098,0.15993,0.1607,1760212.0
2025-05-27 21:00:00,0.1607,0.16149,0.16057,0.16105,1980142.0
2025-05-27 21:30:00,0.16106,0.16139,0.1602,0.16117,2414825.0
2025-05-27 22:00:00,0.16119,0.16174,0.16002,0.16038,3105027.0
2025-05-27 22:30:00,0.16037,0.16192,0.16012,0.16161,2533577.0
2025-05-27 23:00:00,0.16164,0.1637,0.16146,0.16195,4882332.0
2025-05-27 23:30:00,0.16195,0.16463,0.16156,0.16445,6251691.0
2025-05-28 00:00:00,0.16445,0.16445,0.15939,0.16231,20705663.0
2025-05-28 00:30:00,0.16238,0.16344,0.16021,0.1606,5362563.0
2025-05-28 01:00:00,0.1606,0.16128,0.1594,0.15994,4104153.0
2025-05-28 01:30:00,0.15994,0.16005,0.15888,0.15901,3323027.0
2025-05-28 02:00:00,0.15901,0.16021,0.15901,0.15961,2392598.0
2025-05-28 02:30:00,0.1596,0.15996,0.15906,0.1591,2138523.0
2025-05-28 03:00:00,0.15911,0.15955,0.1587,0.15931,1811039.0
2025-05-28 03:30:00,0.15932,0.15955,0.15858,0.15884,1916505.0
2025-05-28 04:00:00,0.1588,0.15936,0.15727,0.15782,4182107.0
2025-05-28 04:30:00,0.15783,0.15813,0.15621,0.1571,3553838.0
2025-05-28 05:00:00,0.15712,0.15744,0.15186,0.15587,18183882.0
2025-05-28 05:30:00,0.15585,0.15615,0.1548,0.15531,2556458.0
2025-05-28 06:00:00,0.1553,0.15576,0.15495,0.15549,1840668.0
2025-05-28 06:30:00,0.1555,0.1568,0.15533,0.15637,1647442.0
2025-05-28 07:00:00,0.15633,0.15704,0.15618,0.15658,1822325.0
2025-05-28 07:30:00,0.15658,0.15662,0.15493,0.15519,3268686.0
2025-05-28 08:00:00,0.15511,0.15516,0.15406,0.15498,2856472.0
2025-05-28 08:30:00,0.15497,0.1552,0.15413,0.15451,2369560.0
2025-05-28 09:00:00,0.15454,0.15474,0.15308,0.1535,2985060.0
2025-05-28 09:30:00,0.15349,0.15371,0.15282,0.15338,1920286.0
2025-05-28 10:00:00,0.15338,0.15435,0.15236,0.15409,3098689.0
2025-05-28 10:30:00,0.15412,0.1545,0.15372,0.15417,1487784.0
2025-05-28 11:00:00,0.15415,0.15507,0.15383,0.15488,2531377.0
2025-05-28 11:30:00,0.15486,0.15506,0.15378,0.15423,1933008.0
2025-05-28 12:00:00,0.15422,0.15446,0.15335,0.15371,2872108.0
2025-05-28 12:30:00,0.15373,0.15397,0.15324,0.15331,1330879.0
2025-05-28 13:00:00,0.1533,0.1533,0.15043,0.15132,7235885.0
2025-05-28 13:30:00,0.15133,0.15161,0.15038,0.15143,4495249.0
2025-05-28 14:00:00,0.15143,0.15272,0.1509,0.15139,3561828.0
2025-05-28 14:30:00,0.15142,0.1518,0.15088,0.15173,1731833.0
2025-05-28 15:00:00,0.15169,0.15226,0.15072,0.15097,3114051.0
2025-05-28 15:30:00,0.15095,0.15106,0.14975,0.15003,3078487.0
2025-05-28 16:00:00,0.15004,0.15049,0.14913,0.14975,3004552.0
2025-05-28 16:30:00,0.14973,0.14995,0.14939,0.14966,844919.0
2025-05-28 17:00:00,0.14968,0.14982,0.1483,0.14862,3506565.0
2025-05-28 17:30:00,0.14861,0.14911,0.14804,0.14858,1645875.0
2025-05-28 18:00:00,0.14858,0.14862,0.14799,0.14832,1752624.0
2025-05-28 18:30:00,0.14834,0.14877,0.14712,0.14757,2107064.0
2025-05-28 19:00:00,0.14758,0.148,0.14662,0.14669,2504046.0
2025-05-28 19:30:00,0.1467,0.14773,0.14632,0.14748,2275646.0
2025-05-28 20:00:00,0.14749,0.14886,0.14708,0.1474,4697772.0
2025-05-28 20:30:00,0.1474,0.14821,0.1468,0.14705,1841431.0
2025-05-28 21:00:00,0.14704,0.148,0.14611,0.14779,3572299.0
2025-05-28 21:30:00,0.14779,0.14812,0.14673,0.14736,1808736.0
2025-05-28 22:00:00,0.14732,0.14854,0.14705,0.14841,2204869.0
2025-05-28 22:30:00,0.14839,0.149,0.14776,0.14791,1696780.0
2025-05-28 23:00:00,0.14789,0.14887,0.14735,0.14878,2918242.0
2025-05-28 23:30:00,0.14879,0.14926,0.14859,0.14901,2531780.0
2025-05-29 00:00:00,0.149,0.14904,0.14302,0.1451,14357757.0
2025-05-29 00:30:00,0.14514,0.14587,0.14457,0.14509,5406948.0
2025-05-29 01:00:00,0.14511,0.14653,0.1446,0.146,3157729.0
2025-05-29 01:30:00,0.14596,0.14596,0.14452,0.14513,2467813.0
2025-05-29 02:00:00,0.14517,0.14692,0.14517,0.1462,2205376.0
2025-05-29 02:30:00,0.14622,0.14653,0.14561,0.14643,2296585.0
2025-05-29 03:00:00,0.14642,0.14749,0.14642,0.14709,3804632.0
2025-05-29 03:30:00,0.14706,0.14728,0.14573,0.14689,1723516.0
2025-05-29 04:00:00,0.14688,0.14688,0.14517,0.14605,2308933.0
2025-05-29 04:30:00,0.14605,0.14612,0.14469,0.14471,3177104.0
2025-05-29 05:00:00,0.14471,0.14514,0.14436,0.14442,1834747.0
2025-05-29 05:30:00,0.14438,0.14515,0.14416,0.14424,2824371.0
2025-05-29 06:00:00,0.14425,0.14524,0.14418,0.14501,2146649.0
2025-05-29 06:30:00,0.14505,0.14548,0.14489,0.14517,1642061.0
2025-05-29 07:00:00,0.14517,0.14532,0.14455,0.14485,1539272.0
2025-05-29 07:30:00,0.14485,0.14557,0.14482,0.14557,1138598.0
2025-05-29 08:00:00,0.14558,0.14558,0.14453,0.14483,1201725.0
2025-05-29 08:30:00,0.14482,0.14536,0.14457,0.14533,1032581.0
2025-05-29 09:00:00,0.14533,0.14536,0.14477,0.14531,1272751.0
2025-05-29 09:30:00,0.14532,0.14622,0.14514,0.14562,1534204.0
2025-05-29 10:00:00,0.14561,0.14562,0.14461,0.1447,1290162.0
2025-05-29 10:30:00,0.1447,0.14476,0.1441,0.14454,2429705.0
2025-05-29 11:00:00,0.14454,0.145,0.14444,0.14455,1573724.0
2025-05-29 11:30:00,0.14457,0.14466,0.1442,0.14454,891588.0
2025-05-29 12:00:00,0.14455,0.14486,0.1431,0.14356,3321610.0
2025-05-29 12:30:00,0.14356,0.14512,0.14258,0.14483,5986664.0
2025-05-29 13:00:00,0.14483,0.1452,0.1447,0.14481,1974057.0
2025-05-29 13:30:00,0.14481,0.14501,0.14343,0.14486,3417140.0
2025-05-29 14:00:00,0.14481,0.14517,0.14303,0.14372,3690585.0
2025-05-29 14:30:00,0.14371,0.1452,0.1435,0.14463,2638016.0
2025-05-29 15:00:00,0.14463,0.1451,0.14443,0.14456,1081919.0
2025-05-29 15:30:00,0.14451,0.14451,0.14368,0.14403,1369936.0
2025-05-29 16:00:00,0.14402,0.14433,0.14343,0.14363,1354662.0
2025-05-29 16:30:00,0.14362,0.14362,0.14303,0.14328,1618227.0
2025-05-29 17:00:00,0.14329,0.14386,0.14298,0.14376,1130738.0
2025-05-29 17:30:00,0.14375,0.14442,0.14371,0.14418,904002.0
2025-05-29 18:00:00,0.14419,0.1444,0.14343,0.14347,1216290.0
2025-05-29 18:30:00,0.14346,0.14428,0.14321,0.1438,901152.0
2025-05-29 19:00:00,0.14382,0.14394,0.14274,0.14341,1382523.0
2025-05-29 19:30:00,0.14341,0.14341,0.14236,0.14247,1093426.0
2025-05-29 20:00:00,0.14247,0.14294,0.14231,0.14236,1093234.0
2025-05-29 20:30:00,0.14235,0.14237,0.14052,0.1412,5057417.0
2025-05-29 21:00:00,0.14122,0.14215,0.14117,0.14197,985290.0
2025-05-29 21:30:00,0.14202,0.14246,0.14188,0.14209,579470.0
2025-05-29 22:00:00,0.14209,0.14239,0.14072,0.14101,1275367.0
2025-05-29 22:30:00,0.14102,0.14221,0.14101,0.14136,1142717.0
2025-05-29 23:00:00,0.14135,0.14145,0.14025,0.14055,1241658.0
2025-05-29 23:30:00,0.14054,0.14091,0.13992,0.14031,1710545.0
2025-05-30 00:00:00,0.14031,0.15394,0.14031,0.15008,56216203.0
2025-05-30 00:30:00,0.15006,0.15087,0.143,0.1452,33098662.0
2025-05-30 01:00:00,0.14523,0.14957,0.14523,0.14848,16155167.0
2025-05-30 01:30:00,0.1484,0.14959,0.14561,0.14634,6818805.0
2025-05-30 02:00:00,0.1463,0.14703,0.14401,0.14456,9744394.0
2025-05-30 02:30:00,0.14456,0.14575,0.14305,0.14377,5499616.0
2025-05-30 03:00:00,0.14376,0.14462,0.14271,0.14375,3937654.0
2025-05-30 03:30:00,0.14377,0.14505,0.14126,0.14179,8442268.0
2025-05-30 04:00:00,0.14178,0.1436,0.14081,0.14346,5333168.0
2025-05-30 04:30:00,0.14346,0.14352,0.14235,0.14277,3089682.0
2025-05-30 05:00:00,0.14279,0.14366,0.14173,0.14213,3409702.0
2025-05-30 05:30:00,0.14214,0.14268,0.141,0.14135,2797349.0
2025-05-30 06:00:00,0.14136,0.1415,0.13527,0.1363,31020395.0
2025-05-30 06:30:00,0.13632,0.13636,0.13316,0.13344,11940995.0
2025-05-30 07:00:00,0.13344,0.13499,0.13344,0.1346,3676844.0
2025-05-30 07:30:00,0.13459,0.13529,0.13386,0.13406,3588628.0
2025-05-30 08:00:00,0.13404,0.13437,0.1313,0.13182,8283884.0
2025-05-30 08:30:00,0.13183,0.13278,0.1314,0.13228,4486232.0
2025-05-30 09:00:00,0.13226,0.13299,0.13068,0.13237,3824730.0
2025-05-30 09:30:00,0.13235,0.13377,0.13118,0.13367,4759059.0
2025-05-30 10:00:00,0.13367,0.13396,0.13185,0.13224,4587933.0
2025-05-30 10:30:00,0.13227,0.13347,0.13202,0.13336,2367205.0
2025-05-30 11:00:00,0.13334,0.13414,0.13105,0.13126,4200910.0
2025-05-30 11:30:00,0.13125,0.13155,0.12786,0.12933,9429978.0
2025-05-30 12:00:00,0.12934,0.1298,0.12763,0.12963,6265802.0
2025-05-30 12:30:00,0.12955,0.13132,0.12921,0.1297,3639912.0
2025-05-30 13:00:00,0.1297,0.13024,0.12879,0.12959,2590592.0
2025-05-30 13:30:00,0.12955,0.13035,0.12871,0.12897,3312851.0
2025-05-30 14:00:00,0.12897,0.1307,0.1288,0.1293,5328144.0
2025-05-30 14:30:00,0.12927,0.1309,0.12918,0.1305,3071768.0
2025-05-30 15:00:00,0.13049,0.13125,0.13004,0.1312,3187877.0
2025-05-30 15:30:00,0.13116,0.1328,0.13091,0.1318,4432588.0
2025-05-30 16:00:00,0.1318,0.1318,0.12943,0.12961,4704720.0
2025-05-30 16:30:00,0.12962,0.12984,0.1277,0.1291,8453543.0
2025-05-30 17:00:00,0.12911,0.12995,0.12706,0.12745,5208897.0
2025-05-30 17:30:00,0.12743,0.12884,0.12719,0.12855,2477219.0
2025-05-30 18:00:00,0.12855,0.12941,0.1285,0.12894,2322618.0
2025-05-30 18:30:00,0.12895,0.12898,0.12794,0.12826,1824201.0
2025-05-30 19:00:00,0.12824,0.1289,0.12796,0.12859,1639412.0
2025-05-30 19:30:00,0.12859,0.12888,0.12796,0.12861,2130029.0
2025-05-30 20:00:00,0.12863,0.12912,0.12746,0.12757,2457322.0
2025-05-30 20:30:00,0.12758,0.12762,0.12642,0.1266,4589556.0
2025-05-30 21:00:00,0.12661,0.12804,0.12643,0.12717,1925272.0
2025-05-30 21:30:00,0.12717,0.12814,0.12715,0.12789,1817639.0
2025-05-30 22:00:00,0.1279,0.12816,0.12638,0.12662,2173722.0
2025-05-30 22:30:00,0.1266,0.12679,0.12409,0.1243,7141987.0
2025-05-30 23:00:00,0.12434,0.12541,0.12335,0.1242,5144457.0
2025-05-30 23:30:00,0.12425,0.12527,0.12379,0.12512,4432339.0
2025-05-31 00:00:00,0.12513,0.12554,0.1201,0.1209,9787328.0
2025-05-31 00:30:00,0.12093,0.12229,0.1201,0.12022,3221597.0
2025-05-31 01:00:00,0.12023,0.12249,0.12019,0.12072,4332503.0
2025-05-31 01:30:00,0.12066,0.12269,0.11988,0.1224,4167235.0
2025-05-31 02:00:00,0.12241,0.12388,0.12174,0.12288,3360697.0
2025-05-31 02:30:00,0.12288,0.1231,0.12199,0.12245,2131112.0
2025-05-31 03:00:00,0.1224,0.12345,0.12188,0.12265,2164746.0
2025-05-31 03:30:00,0.12267,0.12301,0.12195,0.12244,2304200.0
2025-05-31 04:00:00,0.12243,0.12294,0.12189,0.12228,3331895.0
2025-05-31 04:30:00,0.1223,0.12319,0.12178,0.12316,2723928.0
2025-05-31 05:00:00,0.12315,0.12319,0.12199,0.12204,1866326.0
2025-05-31 05:30:00,0.12205,0.12286,0.12168,0.12177,1453509.0
2025-05-31 06:00:00,0.1217,0.12392,0.1217,0.1233,3031801.0
2025-05-31 06:30:00,0.1233,0.12354,0.12267,0.12275,1436473.0
2025-05-31 07:00:00,0.12275,0.12286,0.12196,0.12214,1796918.0
2025-05-31 07:30:00,0.12213,0.12249,0.12172,0.12189,1340570.0
2025-05-31 08:00:00,0.1219,0.12289,0.12033,0.12089,4890671.0
2025-05-31 08:30:00,0.12091,0.12112,0.12026,0.12087,1903766.0
2025-05-31 09:00:00,0.12088,0.12132,0.12023,0.12058,1188512.0
2025-05-31 09:30:00,0.12057,0.12082,0.11989,0.12061,1698253.0
2025-05-31 10:00:00,0.1206,0.12171,0.11997,0.12069,2611941.0
2025-05-31 10:30:00,0.12069,0.12088,0.11976,0.12057,1478443.0
2025-05-31 11:00:00,0.12059,0.12066,0.11972,0.1198,1085416.0
2025-05-31 11:30:00,0.11979,0.11991,0.11909,0.11934,1533302.0
2025-05-31 12:00:00,0.11933,0.12057,0.11884,0.11966,2024100.0
2025-05-31 12:30:00,0.11965,0.1204,0.11964,0.12037,1603375.0
2025-05-31 13:00:00,0.12038,0.12142,0.11908,0.11916,2348438.0
2025-05-31 13:30:00,0.11915,0.11974,0.11846,0.11886,2000840.0
2025-05-31 14:00:00,0.11885,0.12043,0.11858,0.1196,2112593.0
2025-05-31 14:30:00,0.1196,0.11969,0.11884,0.1194,1323259.0
2025-05-31 15:00:00,0.1194,0.12096,0.11934,0.12088,2202330.0
2025-05-31 15:30:00,0.12089,0.12089,0.11874,0.11901,2551976.0
2025-05-31 16:00:00,0.11903,0.11971,0.11845,0.1195,2630569.0
2025-05-31 16:30:00,0.11947,0.11996,0.11754,0.11923,3729465.0
2025-05-31 17:00:00,0.11923,0.11931,0.1181,0.11839,2474890.0
2025-05-31 17:30:00,0.11839,0.11877,0.11781,0.11793,1162920.0
2025-05-31 18:00:00,0.11794,0.11967,0.11789,0.11911,1468046.0
2025-05-31 18:30:00,0.11915,0.12015,0.11897,0.11999,1087334.0
2025-05-31 19:00:00,0.11999,0.12057,0.11936,0.11989,1270582.0
2025-05-31 19:30:00,0.11985,0.12018,0.1197,0.1197,568696.0
2025-05-31 20:00:00,0.11973,0.11994,0.11943,0.11968,638777.0
2025-05-31 20:30:00,0.11969,0.11985,0.11914,0.11918,849377.0
2025-05-31 21:00:00,0.11919,0.12027,0.11919,0.11954,1180153.0
2025-05-31 21:30:00,0.11954,0.1203,0.11942,0.11981,1727531.0
2025-05-31 22:00:00,0.11981,0.12051,0.11979,0.11985,1535411.0
2025-05-31 22:30:00,0.11985,0.12101,0.11985,0.11994,2429050.0
2025-05-31 23:00:00,0.11994,0.12096,0.11951,0.12008,2063011.0
2025-05-31 23:30:00,0.12008,0.12064,0.11987,0.12052,1475412.0
2025-06-01 00:00:00,0.12052,0.1206,0.11693,0.11779,6657112.0
2025-06-01 00:30:00,0.11779,0.11961,0.11766,0.11782,2835766.0
2025-06-01 01:00:00,0.11783,0.1218,0.11779,0.11999,12486528.0
2025-06-01 01:30:00,0.12,0.12049,0.11868,0.11925,2629691.0
2025-06-01 02:00:00,0.11926,0.11927,0.11812,0.1188,1883610.0
2025-06-01 02:30:00,0.11879,0.12041,0.11867,0.11989,4011255.0
2025-06-01 03:00:00,0.11996,0.12063,0.1192,0.1206,3736275.0
2025-06-01 03:30:00,0.1206,0.12151,0.12016,0.1209,2593975.0
2025-06-01 04:00:00,0.12089,0.12177,0.12069,0.121,2186098.0
2025-06-01 04:30:00,0.121,0.12118,0.12034,0.12034,1842473.0
2025-06-01 05:00:00,0.12035,0.12078,0.12002,0.12032,1180127.0
2025-06-01 05:30:00,0.12034,0.12056,0.12001,0.12051,1120297.0
2025-06-01 06:00:00,0.12051,0.12068,0.11985,0.1204,1171831.0
2025-06-01 06:30:00,0.1204,0.12088,0.11947,0.11978,1988942.0
2025-06-01 07:00:00,0.11979,0.11991,0.11914,0.11931,1352907.0
2025-06-01 07:30:00,0.11931,0.11965,0.11904,0.11956,968566.0
2025-06-01 08:00:00,0.11949,0.11996,0.11897,0.11924,994856.0
2025-06-01 08:30:00,0.11923,0.11937,0.11816,0.11839,1506671.0
2025-06-01 09:00:00,0.11838,0.11867,0.11753,0.11793,2427154.0
2025-06-01 09:30:00,0.11793,0.11797,0.11672,0.1172,3695386.0
2025-06-01 10:00:00,0.11718,0.11781,0.117,0.11754,2049903.0
2025-06-01 10:30:00,0.11753,0.11923,0.11696,0.11923,4265103.0
2025-06-01 11:00:00,0.11923,0.11945,0.11822,0.11856,1800602.0
2025-06-01 11:30:00,0.11857,0.11914,0.11838,0.11876,1014632.0
2025-06-01 12:00:00,0.11876,0.11876,0.11801,0.11838,780612.0
2025-06-01 12:30:00,0.11837,0.11886,0.11804,0.11873,1039993.0
2025-06-01 13:00:00,0.11873,0.11927,0.11844,0.11896,953955.0
2025-06-01 13:30:00,0.11896,0.11953,0.11892,0.11943,670713.0
2025-06-01 14:00:00,0.11943,0.12017,0.11911,0.11976,1853277.0
2025-06-01 14:30:00,0.11977,0.1198,0.11918,0.11943,946413.0
2025-06-01 15:00:00,0.11944,0.11962,0.11904,0.11937,808588.0
2025-06-01 15:30:00,0.11938,0.12001,0.11912,0.11966,1267573.0
2025-06-01 16:00:00,0.11967,0.12051,0.11947,0.12008,1964696.0
2025-06-01 16:30:00,0.12005,0.12094,0.11984,0.12022,912884.0
2025-06-01 17:00:00,0.12013,0.1202,0.11985,0.12012,1706683.0
2025-06-01 17:30:00,0.12014,0.1205,0.11999,0.12041,801085.0
2025-06-01 18:00:00,0.12039,0.12046,0.11986,0.12024,753401.0
2025-06-01 18:30:00,0.12023,0.12074,0.11934,0.12044,2152575.0
2025-06-01 19:00:00,0.12041,0.12118,0.12034,0.1211,945617.0
2025-06-01 19:30:00,0.12112,0.12279,0.12095,0.12271,1965190.0
2025-06-01 20:00:00,0.12271,0.12292,0.12159,0.12202,2847550.0
2025-06-01 20:30:00,0.12209,0.12236,0.1215,0.12157,1124352.0
2025-06-01 21:00:00,0.12157,0.12328,0.12147,0.12282,1867483.0
2025-06-01 21:30:00,0.12283,0.12285,0.12211,0.12235,963353.0
2025-06-01 22:00:00,0.12235,0.12277,0.12198,0.12219,1178188.0
2025-06-01 22:30:00,0.12219,0.12259,0.12202,0.12212,969700.0
2025-06-01 23:00:00,0.12214,0.12295,0.12214,0.12281,661218.0
2025-06-01 23:30:00,0.12281,0.12305,0.12227,0.12293,866798.0
2025-06-02 00:00:00,0.12294,0.12295,0.12025,0.12086,4353455.0
2025-06-02 00:30:00,0.12093,0.12141,0.1203,0.12076,2272381.0
2025-06-02 01:00:00,0.12076,0.12153,0.1206,0.12084,1495375.0
2025-06-02 01:30:00,0.12082,0.12082,0.11946,0.11993,1672209.0
2025-06-02 02:00:00,0.11992,0.12009,0.1194,0.11997,1939352.0
2025-06-02 02:30:00,0.11995,0.11999,0.11936,0.11955,945288.0
2025-06-02 03:00:00,0.11956,0.12005,0.11917,0.11961,1673330.0
2025-06-02 03:30:00,0.1196,0.12036,0.11955,0.12,684867.0
2025-06-02 04:00:00,0.12,0.12058,0.11958,0.11961,1552004.0
2025-06-02 04:30:00,0.1196,0.11962,0.11902,0.11951,1376066.0
2025-06-02 05:00:00,0.11952,0.12007,0.11951,0.11969,709631.0
2025-06-02 05:30:00,0.11969,0.11972,0.11881,0.11966,2523307.0
2025-06-02 06:00:00,0.11966,0.12021,0.11905,0.12016,2014712.0
2025-06-02 06:30:00,0.12019,0.12036,0.11984,0.11994,769459.0
2025-06-02 07:00:00,0.11994,0.12054,0.11951,0.1197,1977808.0
2025-06-02 07:30:00,0.11971,0.11998,0.11953,0.11975,1204936.0
2025-06-02 08:00:00,0.11976,0.12014,0.11932,0.12006,1191493.0
2025-06-02 08:30:00,0.12007,0.12019,0.11916,0.11937,846645.0
2025-06-02 09:00:00,0.11936,0.11943,0.11805,0.11858,1650495.0
2025-06-02 09:30:00,0.1186,0.11905,0.11828,0.11859,1436023.0
2025-06-02 10:00:00,0.11859,0.11911,0.11815,0.11882,1693771.0
2025-06-02 10:30:00,0.11884,0.11896,0.11778,0.11873,2331700.0
2025-06-02 11:00:00,0.11873,0.11954,0.11848,0.11885,1452274.0
2025-06-02 11:30:00,0.11885,0.11896,0.11842,0.11882,871423.0
2025-06-02 12:00:00,0.11884,0.11922,0.11846,0.11913,1051779.0
2025-06-02 12:30:00,0.11912,0.12011,0.11911,0.12004,1770967.0
2025-06-02 13:00:00,0.12004,0.12015,0.11947,0.12006,816755.0
2025-06-02 13:30:00,0.12004,0.12041,0.11928,0.11958,1203408.0
2025-06-02 14:00:00,0.11959,0.12054,0.11901,0.12022,1749798.0
2025-06-02 14:30:00,0.12021,0.1205,0.11939,0.12,1338121.0
2025-06-02 15:00:00,0.11999,0.12078,0.1198,0.1203,1659191.0
2025-06-02 15:30:00,0.12031,0.1204,0.11988,0.12023,658835.0
2025-06-02 16:00:00,0.12027,0.12027,0.11976,0.1199,552611.0
2025-06-02 16:30:00,0.11989,0.12056,0.11975,0.12047,896578.0
2025-06-02 17:00:00,0.12046,0.12052,0.11935,0.11982,1943985.0
2025-06-02 17:30:00,0.11982,0.12,0.11943,0.11983,543078.0
2025-06-02 18:00:00,0.11982,0.12058,0.11968,0.12029,890632.0
2025-06-02 18:30:00,0.1203,0.12039,0.1194,0.11963,923784.0
2025-06-02 19:00:00,0.11961,0.11982,0.11914,0.1193,704725.0
2025-06-02 19:30:00,0.11932,0.11935,0.11856,0.11902,1448105.0
2025-06-02 20:00:00,0.11903,0.11985,0.11903,0.1198,1342694.0
2025-06-02 20:30:00,0.11981,0.11985,0.1192,0.11955,1045015.0
2025-06-02 21:00:00,0.11956,0.12062,0.11956,0.12047,1532629.0
2025-06-02 21:30:00,0.12048,0.1208,0.11978,0.12078,1392157.0
2025-06-02 22:00:00,0.12078,0.12114,0.12044,0.1211,1428275.0
2025-06-02 22:30:00,0.1211,0.1212,0.1206,0.12067,964370.0
2025-06-02 23:00:00,0.12068,0.12128,0.12045,0.12088,1209016.0
2025-06-02 23:30:00,0.12089,0.12114,0.12054,0.12104,974690.0
2025-06-03 00:00:00,0.12101,0.12116,0.11994,0.12047,2374323.0
2025-06-03 00:30:00,0.12048,0.12131,0.12012,0.1208,1501423.0
2025-06-03 01:00:00,0.1208,0.12138,0.12073,0.12122,1129381.0
2025-06-03 01:30:00,0.12123,0.12192,0.12105,0.12179,1268976.0
2025-06-03 02:00:00,0.12179,0.1218,0.121,0.12103,1154853.0
2025-06-03 02:30:00,0.12105,0.12131,0.12066,0.12096,744506.0
2025-06-03 03:00:00,0.12096,0.12121,0.12047,0.12067,1548252.0
2025-06-03 03:30:00,0.1207,0.1209,0.12023,0.12072,683294.0
2025-06-03 04:00:00,0.12072,0.12114,0.12044,0.12086,1077448.0
2025-06-03 04:30:00,0.12089,0.12092,0.12035,0.12062,633965.0
2025-06-03 05:00:00,0.12063,0.12117,0.12037,0.12062,1250390.0
2025-06-03 05:30:00,0.12064,0.12115,0.12052,0.12114,637210.0
2025-06-03 06:00:00,0.12113,0.12121,0.12053,0.12062,947201.0
2025-06-03 06:30:00,0.12061,0.12131,0.12052,0.12131,426749.0
2025-06-03 07:00:00,0.1213,0.12161,0.12116,0.12119,583777.0
2025-06-03 07:30:00,0.12119,0.12142,0.12103,0.12105,432656.0
2025-06-03 08:00:00,0.12107,0.12122,0.12036,0.12061,857960.0
2025-06-03 08:30:00,0.1206,0.12087,0.12024,0.1207,570597.0
2025-06-03 09:00:00,0.1207,0.12082,0.12033,0.12042,322948.0
2025-06-03 09:30:00,0.12042,0.12099,0.12036,0.12073,782992.0
2025-06-03 10:00:00,0.12074,0.12118,0.12073,0.12105,471019.0
2025-06-03 10:30:00,0.12106,0.12144,0.12104,0.12114,518486.0
2025-06-03 11:00:00,0.12115,0.12195,0.12115,0.12144,689752.0
2025-06-03 11:30:00,0.12145,0.12152,0.12108,0.12137,510704.0
2025-06-03 12:00:00,0.12135,0.1218,0.12123,0.12178,644299.0
2025-06-03 12:30:00,0.12178,0.12211,0.12132,0.12202,553842.0
2025-06-03 13:00:00,0.12203,0.12337,0.12202,0.12248,2452297.0
2025-06-03 13:30:00,0.12246,0.12345,0.122,0.12325,1832105.0
2025-06-03 14:00:00,0.12327,0.12346,0.12245,0.1228,1294182.0
2025-06-03 14:30:00,0.1228,0.12336,0.1227,0.12326,765908.0
2025-06-03 15:00:00,0.12327,0.12335,0.12292,0.12304,782257.0
2025-06-03 15:30:00,0.12304,0.12315,0.12262,0.12294,892433.0
2025-06-03 16:00:00,0.12298,0.12311,0.12262,0.12271,563657.0
2025-06-03 16:30:00,0.12272,0.1229,0.12207,0.12229,1427970.0
2025-06-03 17:00:00,0.12229,0.12295,0.12173,0.12288,2849528.0
2025-06-03 17:30:00,0.12289,0.12318,0.12268,0.12281,423873.0
2025-06-03 18:00:00,0.1228,0.1229,0.12215,0.12225,425664.0
2025-06-03 18:30:00,0.12223,0.12242,0.12223,0.1223,251667.0
2025-06-03 19:00:00,0.12232,0.1227,0.12211,0.12268,425270.0
2025-06-03 19:30:00,0.12269,0.12275,0.12227,0.12244,409824.0
2025-06-03 20:00:00,0.1224,0.12251,0.12107,0.12116,978971.0
2025-06-03 20:30:00,0.12118,0.12211,0.12075,0.12149,1393145.0
2025-06-03 21:00:00,0.12155,0.1216,0.11956,0.12003,4576829.0
2025-06-03 21:30:00,0.12008,0.12008,0.11906,0.11935,3652710.0
2025-06-03 22:00:00,0.11935,0.12,0.11923,0.11983,993375.0
2025-06-03 22:30:00,0.11982,0.12064,0.1197,0.1203,1184412.0
2025-06-03 23:00:00,0.12029,0.12082,0.12019,0.12053,664325.0
2025-06-03 23:30:00,0.12053,0.12119,0.12024,0.12115,653503.0
2025-06-04 00:00:00,0.12116,0.12117,0.11968,0.11971,2288555.0
2025-06-04 00:30:00,0.11967,0.1202,0.11909,0.11988,1528649.0
2025-06-04 01:00:00,0.1199,0.12083,0.11981,0.12066,2283183.0
2025-06-04 01:30:00,0.12066,0.12085,0.12034,0.12045,738279.0
2025-06-04 02:00:00,0.12044,0.12171,0.12042,0.12147,1242639.0
2025-06-04 02:30:00,0.12146,0.12172,0.12069,0.12094,908211.0
2025-06-04 03:00:00,0.12093,0.12155,0.12084,0.12144,1051612.0
2025-06-04 03:30:00,0.12144,0.12168,0.12108,0.12134,618419.0
2025-06-04 04:00:00,0.12136,0.12162,0.12089,0.12112,592056.0
2025-06-04 04:30:00,0.12113,0.12113,0.12037,0.12072,555029.0
2025-06-04 05:00:00,0.12069,0.12119,0.12041,0.12049,813930.0
2025-06-04 05:30:00,0.12049,0.12089,0.12029,0.12074,419711.0
2025-06-04 06:00:00,0.12074,0.12088,0.12008,0.1205,786869.0
2025-06-04 06:30:00,0.12049,0.12089,0.12031,0.1207,391724.0
2025-06-04 07:00:00,0.12067,0.12095,0.12017,0.12032,810003.0
2025-06-04 07:30:00,0.12033,0.12062,0.12001,0.12058,493979.0
2025-06-04 08:00:00,0.12056,0.12116,0.12048,0.12066,622410.0
2025-06-04 08:30:00,0.12065,0.12085,0.12045,0.12061,499183.0
2025-06-04 09:00:00,0.1206,0.12061,0.12001,0.12025,683720.0
2025-06-04 09:30:00,0.12026,0.12104,0.12011,0.12071,1040553.0
2025-06-04 10:00:00,0.12073,0.12096,0.12018,0.12025,781453.0
2025-06-04 10:30:00,0.12022,0.1204,0.12007,0.12022,302753.0
2025-06-04 11:00:00,0.12019,0.12054,0.11939,0.11967,994021.0
2025-06-04 11:30:00,0.11965,0.11993,0.11931,0.11942,785845.0
2025-06-04 12:00:00,0.11944,0.11987,0.11903,0.11929,981851.0
2025-06-04 12:30:00,0.11929,0.11941,0.11906,0.11925,782637.0
2025-06-04 13:00:00,0.11924,0.11951,0.11884,0.11925,1262413.0
2025-06-04 13:30:00,0.11928,0.1201,0.11922,0.11958,913723.0
2025-06-04 14:00:00,0.11957,0.11968,0.11893,0.11907,1085319.0
2025-06-04 14:30:00,0.11907,0.11951,0.11886,0.11949,1045366.0
2025-06-04 15:00:00,0.11947,0.12002,0.11924,0.11991,668938.0
2025-06-04 15:30:00,0.11989,0.12056,0.11974,0.12047,868087.0
2025-06-04 16:00:00,0.12047,0.12054,0.11995,0.12006,570149.0
2025-06-04 16:30:00,0.12006,0.12065,0.12005,0.12064,463412.0
2025-06-04 17:00:00,0.12064,0.12064,0.11915,0.11915,2682460.0
2025-06-04 17:30:00,0.11912,0.11912,0.11846,0.1191,1073144.0
2025-06-04 18:00:00,0.1191,0.11957,0.1191,0.11952,390740.0
2025-06-04 18:30:00,0.11949,0.11968,0.11938,0.11958,640235.0
2025-06-04 19:00:00,0.11958,0.11973,0.11917,0.11919,405026.0
2025-06-04 19:30:00,0.11919,0.11934,0.11884,0.11891,400122.0
2025-06-04 20:00:00,0.11888,0.11889,0.11683,0.11791,2252930.0
2025-06-04 20:30:00,0.11792,0.11865,0.1176,0.11834,2410059.0
2025-06-04 21:00:00,0.11833,0.11834,0.11733,0.11776,2207501.0
2025-06-04 21:30:00,0.11778,0.11896,0.11775,0.11865,711273.0
2025-06-04 22:00:00,0.11865,0.11891,0.1181,0.11826,630428.0
2025-06-04 22:30:00,0.11821,0.11835,0.11758,0.11763,789766.0
2025-06-04 23:00:00,0.11762,0.11823,0.11727,0.11743,825394.0
2025-06-04 23:30:00,0.11747,0.11793,0.11726,0.1177,1302541.0
2025-06-05 00:00:00,0.1177,0.12245,0.11701,0.11757,31065569.0
2025-06-05 00:30:00,0.11758,0.1187,0.11716,0.11838,3293944.0
2025-06-05 01:00:00,0.11835,0.11908,0.11785,0.11816,2547051.0
2025-06-05 01:30:00,0.11817,0.11843,0.11739,0.11807,1525602.0
2025-06-05 02:00:00,0.1181,0.11904,0.11789,0.11794,2203897.0
2025-06-05 02:30:00,0.11794,0.11873,0.11758,0.11808,2361230.0
2025-06-05 03:00:00,0.11806,0.12126,0.1179,0.12051,18355397.0
2025-06-05 03:30:00,0.12052,0.12894,0.11831,0.12859,37844072.0
2025-06-05 04:00:00,0.12856,0.12894,0.12336,0.12515,38494952.0
2025-06-05 04:30:00,0.12517,0.12787,0.12476,0.12668,18031973.0
2025-06-05 05:00:00,0.1267,0.13003,0.12573,0.12868,24603136.0
2025-06-05 05:30:00,0.1287,0.13689,0.12772,0.13373,104262485.0
2025-06-05 06:00:00,0.13375,0.13509,0.12894,0.13244,76674776.0
2025-06-05 06:30:00,0.13244,0.1364,0.1311,0.13532,50051529.0
2025-06-05 07:00:00,0.13527,0.13654,0.12932,0.131,62625836.0
2025-06-05 07:30:00,0.13102,0.13142,0.12539,0.12596,45044365.0
2025-06-05 08:00:00,0.12592,0.12908,0.12468,0.12634,44766586.0
2025-06-05 08:30:00,0.12638,0.12968,0.12635,0.12936,26978267.0
2025-06-05 09:00:00,0.12935,0.13019,0.12845,0.12973,16456290.0
2025-06-05 09:30:00,0.12973,0.13289,0.12867,0.1316,29020374.0
2025-06-05 10:00:00,0.13157,0.13525,0.13026,0.13062,41240716.0
2025-06-05 10:30:00,0.13065,0.13179,0.12801,0.13012,27279092.0
2025-06-05 11:00:00,0.13011,0.13103,0.12892,0.13044,14526769.0
2025-06-05 11:30:00,0.13046,0.13081,0.12764,0.12942,14522466.0
2025-06-05 12:00:00,0.12939,0.12939,0.12697,0.1279,12836695.0
2025-06-05 12:30:00,0.12789,0.12828,0.12664,0.12758,9980191.0
2025-06-05 13:00:00,0.12762,0.12801,0.12619,0.12699,9930184.0
2025-06-05 13:30:00,0.12699,0.12767,0.126,0.12645,9170811.0
2025-06-05 14:00:00,0.12646,0.12827,0.12522,0.12779,13729837.0
2025-06-05 14:30:00,0.12779,0.12894,0.12724,0.12865,8947100.0
2025-06-05 15:00:00,0.12865,0.1293,0.12608,0.12738,10375898.0
2025-06-05 15:30:00,0.12741,0.1297,0.12741,0.12947,7871109.0
2025-06-05 16:00:00,0.12949,0.13117,0.12772,0.12903,20832297.0
2025-06-05 16:30:00,0.12901,0.1302,0.12742,0.12915,16853873.0
2025-06-05 17:00:00,0.12911,0.12912,0.1264,0.12658,12512074.0
2025-06-05 17:30:00,0.12662,0.12755,0.12627,0.1274,5857281.0
2025-06-05 18:00:00,0.1274,0.12749,0.12571,0.12667,6761111.0
2025-06-05 18:30:00,0.12667,0.1281,0.12666,0.12734,4519671.0
2025-06-05 19:00:00,0.12735,0.12741,0.12295,0.12375,18709881.0
2025-06-05 19:30:00,0.12377,0.12578,0.12345,0.12516,5590145.0
2025-06-05 20:00:00,0.12513,0.12539,0.12109,0.12218,18211291.0
2025-06-05 20:30:00,0.12219,0.12226,0.11988,0.12058,11729411.0
2025-06-05 21:00:00,0.12057,0.12392,0.12043,0.123,8803801.0
2025-06-05 21:30:00,0.12297,0.12396,0.12205,0.12263,4686544.0
2025-06-05 22:00:00,0.12263,0.1229,0.12147,0.12168,5473555.0
2025-06-05 22:30:00,0.12167,0.12246,0.1216,0.12174,3495394.0
2025-06-05 23:00:00,0.12175,0.12178,0.1204,0.12121,8574119.0
2025-06-05 23:30:00,0.1212,0.1216,0.12044,0.12122,5657746.0
2025-06-06 00:00:00,0.1212,0.12316,0.1138,0.11631,38135493.0
2025-06-06 00:30:00,0.11633,0.11658,0.11393,0.11418,9094033.0
2025-06-06 01:00:00,0.11419,0.11491,0.11332,0.11404,7568720.0
2025-06-06 01:30:00,0.11404,0.11498,0.1136,0.11471,4651044.0
2025-06-06 02:00:00,0.11475,0.11555,0.1141,0.11462,7219315.0
2025-06-06 02:30:00,0.11464,0.11466,0.11352,0.11423,6230066.0
2025-06-06 03:00:00,0.11425,0.11532,0.11362,0.11528,4746959.0
2025-06-06 03:30:00,0.11526,0.11526,0.114,0.11446,2736706.0
2025-06-06 04:00:00,0.11444,0.11457,0.11373,0.11411,4239037.0
2025-06-06 04:30:00,0.11411,0.1146,0.11384,0.11425,2068992.0
2025-06-06 05:00:00,0.11424,0.11479,0.114,0.11463,2996404.0
2025-06-06 05:30:00,0.11464,0.11491,0.11434,0.11463,1607156.0
2025-06-06 06:00:00,0.11464,0.11582,0.11461,0.11577,3075204.0
2025-06-06 06:30:00,0.11579,0.11659,0.11559,0.11636,3867225.0
2025-06-06 07:00:00,0.11631,0.11636,0.11548,0.11587,2741040.0
2025-06-06 07:30:00,0.11589,0.11591,0.11422,0.1148,5508065.0
2025-06-06 08:00:00,0.1148,0.11732,0.11449,0.11725,6658221.0
2025-06-06 08:30:00,0.11722,0.11731,0.1164,0.11659,2989887.0
2025-06-06 09:00:00,0.11657,0.11715,0.11581,0.11611,3864773.0
2025-06-06 09:30:00,0.11612,0.11676,0.11604,0.11666,2101364.0
2025-06-06 10:00:00,0.11664,0.11668,0.11597,0.11639,2374337.0
2025-06-06 10:30:00,0.1164,0.11658,0.11588,0.11637,1784005.0
2025-06-06 11:00:00,0.11638,0.1171,0.11624,0.11706,2135859.0
2025-06-06 11:30:00,0.11703,0.11719,0.11655,0.11707,1691080.0
2025-06-06 12:00:00,0.11704,0.11737,0.11631,0.11644,2612816.0
2025-06-06 12:30:00,0.11644,0.11794,0.11644,0.117,3403362.0
2025-06-06 13:00:00,0.11704,0.11755,0.117,0.11714,1928393.0
2025-06-06 13:30:00,0.11713,0.11833,0.1171,0.11746,3110170.0
2025-06-06 14:00:00,0.11745,0.1179,0.11721,0.11773,2219748.0
2025-06-06 14:30:00,0.11772,0.11863,0.11748,0.11819,2158872.0
2025-06-06 15:00:00,0.11819,0.11858,0.1179,0.11815,2404013.0
2025-06-06 15:30:00,0.1181,0.12093,0.11805,0.1194,9098768.0
2025-06-06 16:00:00,0.1194,0.11978,0.119,0.11939,2196929.0
2025-06-06 16:30:00,0.11938,0.11992,0.1182,0.11822,3752468.0
2025-06-06 17:00:00,0.11823,0.11887,0.11736,0.11814,7403189.0
2025-06-06 17:30:00,0.11812,0.11818,0.11672,0.11723,3102988.0
2025-06-06 18:00:00,0.11723,0.11723,0.11523,0.11538,2808080.0
2025-06-06 18:30:00,0.11539,0.11576,0.11515,0.11551,1557611.0
2025-06-06 19:00:00,0.11547,0.11605,0.11514,0.11514,1897495.0
2025-06-06 19:30:00,0.11514,0.11536,0.11477,0.11497,1584479.0
2025-06-06 20:00:00,0.11497,0.11544,0.11469,0.11509,1396054.0
2025-06-06 20:30:00,0.11511,0.11543,0.11456,0.11457,1149550.0
2025-06-06 21:00:00,0.11457,0.11474,0.11378,0.11395,1851116.0
2025-06-06 21:30:00,0.11396,0.11482,0.11395,0.11478,1084025.0
2025-06-06 22:00:00,0.11481,0.11529,0.1141,0.11471,2482451.0
2025-06-06 22:30:00,0.1147,0.11475,0.11377,0.11472,1948827.0
2025-06-06 23:00:00,0.11472,0.11488,0.11422,0.1148,1093256.0
2025-06-06 23:30:00,0.1148,0.11525,0.11447,0.11516,1582832.0
2025-06-07 00:00:00,0.11515,0.11515,0.11359,0.11396,5267907.0
2025-06-07 00:30:00,0.11397,0.1154,0.11392,0.11532,2084659.0
2025-06-07 01:00:00,0.11535,0.11597,0.11438,0.11475,3024918.0
2025-06-07 01:30:00,0.11476,0.11498,0.11399,0.1142,2092397.0
2025-06-07 02:00:00,0.11415,0.11517,0.11403,0.11502,1829275.0
2025-06-07 02:30:00,0.11502,0.11512,0.11468,0.1148,962872.0
2025-06-07 03:00:00,0.1148,0.11564,0.11456,0.11482,2900222.0
2025-06-07 03:30:00,0.11482,0.11529,0.1145,0.115,1912992.0
2025-06-07 04:00:00,0.11499,0.11546,0.11491,0.11514,1459604.0
2025-06-07 04:30:00,0.11514,0.11553,0.11498,0.11548,870376.0
2025-06-07 05:00:00,0.11548,0.1156,0.11507,0.11521,930075.0
2025-06-07 05:30:00,0.11521,0.11529,0.11498,0.11511,727375.0
2025-06-07 06:00:00,0.11511,0.11542,0.11474,0.1148,1482968.0
2025-06-07 06:30:00,0.11481,0.11549,0.1147,0.11542,1072685.0
2025-06-07 07:00:00,0.11543,0.11544,0.11473,0.11526,1470824.0
2025-06-07 07:30:00,0.11526,0.11556,0.115,0.11519,853682.0
2025-06-07 08:00:00,0.11521,0.11548,0.11488,0.11512,802016.0
2025-06-07 08:30:00,0.11514,0.11547,0.11505,0.11505,853522.0
2025-06-07 09:00:00,0.11505,0.11573,0.11504,0.1153,1203493.0
2025-06-07 09:30:00,0.11529,0.1153,0.1145,0.11498,1796073.0
2025-06-07 10:00:00,0.11498,0.11545,0.11494,0.11538,914190.0
2025-06-07 10:30:00,0.11537,0.11558,0.11509,0.11558,1489071.0
2025-06-07 11:00:00,0.11558,0.11587,0.11547,0.11583,1278043.0
2025-06-07 11:30:00,0.11579,0.11669,0.11563,0.11613,2918742.0
2025-06-07 12:00:00,0.11612,0.11663,0.11598,0.11624,2213338.0
2025-06-07 12:30:00,0.11624,0.11674,0.1158,0.11583,2169451.0
2025-06-07 13:00:00,0.11585,0.11642,0.11555,0.116,2307846.0
2025-06-07 13:30:00,0.11599,0.11617,0.11554,0.11558,922673.0
2025-06-07 14:00:00,0.11558,0.11588,0.11511,0.1157,1999476.0
2025-06-07 14:30:00,0.11572,0.11617,0.11506,0.11506,2827525.0
2025-06-07 15:00:00,0.11512,0.11544,0.11374,0.11456,4122131.0
2025-06-07 15:30:00,0.11453,0.11509,0.11439,0.11499,1057085.0
2025-06-07 16:00:00,0.11499,0.11531,0.11468,0.11475,1458697.0
2025-06-07 16:30:00,0.11478,0.11502,0.11441,0.1148,1461592.0
2025-06-07 17:00:00,0.1148,0.11502,0.11437,0.11478,3981703.0
2025-06-07 17:30:00,0.11479,0.11483,0.11431,0.11462,753665.0
2025-06-07 18:00:00,0.11462,0.11554,0.11449,0.11539,2012068.0
2025-06-07 18:30:00,0.11538,0.11547,0.11492,0.11547,831627.0
2025-06-07 19:00:00,0.11545,0.11597,0.11541,0.11577,993274.0
2025-06-07 19:30:00,0.11575,0.11647,0.11568,0.11629,1355791.0
2025-06-07 20:00:00,0.1163,0.11659,0.11581,0.11595,1223578.0
2025-06-07 20:30:00,0.11594,0.11609,0.11558,0.11569,1016235.0
2025-06-07 21:00:00,0.11566,0.11584,0.11541,0.11545,766736.0
2025-06-07 21:30:00,0.11546,0.11549,0.11509,0.11539,1016875.0
2025-06-07 22:00:00,0.11539,0.11543,0.11494,0.11539,1001636.0
2025-06-07 22:30:00,0.11539,0.11587,0.11531,0.11547,826150.0
2025-06-07 23:00:00,0.11547,0.11553,0.11511,0.11514,586501.0
2025-06-07 23:30:00,0.11514,0.11558,0.11511,0.1153,918415.0
2025-06-08 00:00:00,0.11533,0.11736,0.11513,0.11571,10144463.0
2025-06-08 00:30:00,0.11571,0.11621,0.11521,0.11567,2769249.0
2025-06-08 01:00:00,0.11567,0.11822,0.11555,0.11752,5515163.0
2025-06-08 01:30:00,0.11752,0.1177,0.1166,0.11685,2939723.0
2025-06-08 02:00:00,0.11686,0.11696,0.11633,0.11668,2048089.0
2025-06-08 02:30:00,0.11664,0.11676,0.11574,0.11602,2055377.0
2025-06-08 03:00:00,0.11603,0.11643,0.11589,0.11597,1155449.0
2025-06-08 03:30:00,0.11597,0.11619,0.11568,0.11607,723000.0
2025-06-08 04:00:00,0.11604,0.11625,0.11569,0.11586,905497.0
2025-06-08 04:30:00,0.11588,0.11653,0.11571,0.11651,1970192.0
2025-06-08 05:00:00,0.11652,0.11658,0.11449,0.11494,4640950.0
2025-06-08 05:30:00,0.11495,0.11521,0.11446,0.11478,1417953.0
2025-06-08 06:00:00,0.1148,0.11522,0.11449,0.11504,987727.0
2025-06-08 06:30:00,0.11503,0.1151,0.11451,0.11457,703170.0
2025-06-08 07:00:00,0.11457,0.115,0.11437,0.11487,1067266.0
2025-06-08 07:30:00,0.11484,0.11504,0.11447,0.11485,1034876.0
2025-06-08 08:00:00,0.11484,0.11509,0.11463,0.11492,718412.0
2025-06-08 08:30:00,0.1149,0.11499,0.1143,0.11469,969080.0
2025-06-08 09:00:00,0.11469,0.11487,0.11415,0.11428,1198900.0
2025-06-08 09:30:00,0.11428,0.1144,0.11378,0.11423,2315352.0
2025-06-08 10:00:00,0.11422,0.11437,0.11385,0.11411,616347.0
2025-06-08 10:30:00,0.11411,0.11453,0.11394,0.11415,817657.0
2025-06-08 11:00:00,0.11415,0.11512,0.11415,0.11507,1190506.0
2025-06-08 11:30:00,0.11506,0.11525,0.11477,0.11501,1087942.0
2025-06-08 12:00:00,0.11501,0.11524,0.11476,0.11485,549654.0
2025-06-08 12:30:00,0.11485,0.11486,0.11401,0.11467,1722144.0
2025-06-08 13:00:00,0.11467,0.11467,0.11422,0.11443,1271293.0
2025-06-08 13:30:00,0.11442,0.11516,0.11438,0.11444,1304706.0
2025-06-08 14:00:00,0.11443,0.11489,0.11437,0.11449,697199.0
2025-06-08 14:30:00,0.11448,0.11481,0.11432,0.1147,400728.0
2025-06-08 15:00:00,0.11473,0.11508,0.11461,0.11471,964363.0
2025-06-08 15:30:00,0.1147,0.1149,0.11435,0.11441,1160982.0
2025-06-08 16:00:00,0.11442,0.11519,0.11438,0.11478,1356794.0
2025-06-08 16:30:00,0.1148,0.11499,0.1143,0.11436,1138096.0
2025-06-08 17:00:00,0.11434,0.11454,0.11392,0.11441,5179849.0
2025-06-08 17:30:00,0.11441,0.1145,0.11391,0.11403,1040244.0
2025-06-08 18:00:00,0.11403,0.11455,0.11366,0.11439,839760.0
2025-06-08 18:30:00,0.11439,0.11445,0.11414,0.11431,537440.0
2025-06-08 19:00:00,0.11432,0.11492,0.11431,0.11475,748055.0
2025-06-08 19:30:00,0.11475,0.11489,0.11455,0.11482,696314.0
2025-06-08 20:00:00,0.11482,0.11527,0.11472,0.11501,797464.0
2025-06-08 20:30:00,0.11503,0.11519,0.1148,0.11495,518563.0
2025-06-08 21:00:00,0.11496,0.11528,0.11496,0.11504,526531.0
2025-06-08 21:30:00,0.11508,0.11541,0.11466,0.11497,970973.0
2025-06-08 22:00:00,0.115,0.11503,0.11452,0.11476,920915.0
2025-06-08 22:30:00,0.11476,0.11483,0.11429,0.11454,1457155.0
2025-06-08 23:00:00,0.11454,0.11472,0.11432,0.11444,1488105.0
2025-06-08 23:30:00,0.11444,0.11481,0.11407,0.11472,1816975.0
2025-06-09 00:00:00,0.11471,0.1165,0.11463,0.11539,14922459.0
2025-06-09 00:30:00,0.11535,0.11632,0.11511,0.11602,3138757.0
2025-06-09 01:00:00,0.11601,0.11682,0.11572,0.11601,5065519.0
2025-06-09 01:30:00,0.11601,0.11616,0.11492,0.11506,3615006.0
2025-06-09 02:00:00,0.11505,0.1161,0.11499,0.1157,2448057.0
2025-06-09 02:30:00,0.11571,0.11587,0.11547,0.11565,1097658.0
2025-06-09 03:00:00,0.11565,0.11597,0.11529,0.11584,2780694.0
2025-06-09 03:30:00,0.11586,0.11592,0.11549,0.11568,1643613.0
2025-06-09 04:00:00,0.11568,0.11602,0.1141,0.11425,6020498.0
2025-06-09 04:30:00,0.11426,0.11437,0.109,0.1102,17227268.0
2025-06-09 05:00:00,0.11023,0.11038,0.10935,0.10989,7485915.0
2025-06-09 05:30:00,0.1099,0.11072,0.1093,0.11029,4246983.0
2025-06-09 06:00:00,0.1103,0.11105,0.11001,0.11077,3175637.0
2025-06-09 06:30:00,0.11078,0.11161,0.11035,0.11141,2162475.0
2025-06-09 07:00:00,0.11147,0.11163,0.11104,0.11112,1443635.0
2025-06-09 07:30:00,0.11111,0.11153,0.11111,0.11131,1182496.0
2025-06-09 08:00:00,0.1113,0.11135,0.11077,0.11091,1930459.0
2025-06-09 08:30:00,0.11091,0.11151,0.11066,0.1115,1061491.0
2025-06-09 09:00:00,0.11151,0.11191,0.11132,0.11183,1227423.0
2025-06-09 09:30:00,0.11182,0.11239,0.11165,0.11205,3692439.0
2025-06-09 10:00:00,0.11206,0.11357,0.11195,0.1133,3294663.0
2025-06-09 10:30:00,0.11335,0.11408,0.11333,0.11404,2179638.0
2025-06-09 11:00:00,0.11404,0.11433,0.11386,0.11396,1676999.0
2025-06-09 11:30:00,0.11395,0.11431,0.11351,0.11373,1355822.0
2025-06-09 12:00:00,0.11374,0.1141,0.11335,0.11369,1937176.0
2025-06-09 12:30:00,0.11371,0.11465,0.11371,0.114,1436612.0
2025-06-09 13:00:00,0.11404,0.11436,0.1133,0.11332,1606480.0
2025-06-09 13:30:00,0.11338,0.11364,0.11272,0.11287,3095482.0
2025-06-09 14:00:00,0.11285,0.11406,0.11282,0.11392,2872882.0
2025-06-09 14:30:00,0.11389,0.1141,0.11306,0.11341,2817529.0
2025-06-09 15:00:00,0.11342,0.11393,0.11335,0.11391,914649.0
2025-06-09 15:30:00,0.1139,0.11392,0.11296,0.11297,1712911.0
2025-06-09 16:00:00,0.11298,0.11421,0.11298,0.11405,1787902.0
2025-06-09 16:30:00,0.11406,0.11422,0.11384,0.11402,1254186.0
2025-06-09 17:00:00,0.11403,0.1145,0.11387,0.11426,3747647.0
2025-06-09 17:30:00,0.11424,0.11424,0.11391,0.11401,350831.0
2025-06-09 18:00:00,0.11399,0.11402,0.11344,0.1135,1413584.0
2025-06-09 18:30:00,0.11351,0.1138,0.11327,0.11375,570922.0
2025-06-09 19:00:00,0.11375,0.11398,0.11361,0.11383,479328.0
2025-06-09 19:30:00,0.11383,0.11399,0.11336,0.11384,545318.0
2025-06-09 20:00:00,0.11385,0.11421,0.11372,0.11407,842462.0
2025-06-09 20:30:00,0.11406,0.11415,0.11386,0.11409,324600.0
2025-06-09 21:00:00,0.11409,0.11535,0.11409,0.11532,1362666.0
2025-06-09 21:30:00,0.11532,0.11609,0.11519,0.11603,1693979.0
2025-06-09 22:00:00,0.11605,0.11665,0.11602,0.11624,1577762.0
2025-06-09 22:30:00,0.11625,0.11676,0.11614,0.11618,1011192.0
2025-06-09 23:00:00,0.11617,0.11656,0.11588,0.11645,820336.0
2025-06-09 23:30:00,0.11645,0.11754,0.11611,0.11704,2256833.0
2025-06-10 00:00:00,0.11706,0.12529,0.11706,0.12169,40434441.0
2025-06-10 00:30:00,0.12168,0.1238,0.1205,0.12184,14449860.0
2025-06-10 01:00:00,0.12182,0.12376,0.12181,0.12258,8939446.0
2025-06-10 01:30:00,0.12257,0.12265,0.12079,0.12096,4748328.0
2025-06-10 02:00:00,0.12089,0.1223,0.12053,0.1209,4237197.0
2025-06-10 02:30:00,0.12095,0.12155,0.12077,0.12131,1860210.0
2025-06-10 03:00:00,0.12133,0.12176,0.1208,0.12147,1599532.0
2025-06-10 03:30:00,0.12149,0.12178,0.12105,0.12157,1377477.0
2025-06-10 04:00:00,0.12158,0.12158,0.11824,0.11872,6884876.0
2025-06-10 04:30:00,0.11873,0.12005,0.11868,0.11943,4555821.0
2025-06-10 05:00:00,0.11943,0.12074,0.11927,0.11955,3949345.0
2025-06-10 05:30:00,0.11955,0.12372,0.11918,0.12119,15206262.0
2025-06-10 06:00:00,0.12115,0.12182,0.12037,0.12084,5544050.0
2025-06-10 06:30:00,0.12086,0.12143,0.12042,0.12106,1983334.0
2025-06-10 07:00:00,0.12104,0.12105,0.11905,0.1194,5680924.0
2025-06-10 07:30:00,0.11941,0.11992,0.11902,0.11934,2256971.0
2025-06-10 08:00:00,0.11934,0.12024,0.11931,0.11995,2046481.0
2025-06-10 08:30:00,0.11994,0.12035,0.11944,0.12028,2596491.0
2025-06-10 09:00:00,0.1204,0.12134,0.12,0.12097,2111715.0
2025-06-10 09:30:00,0.12096,0.12169,0.12059,0.12169,1521272.0
2025-06-10 10:00:00,0.1217,0.12182,0.12057,0.12159,1892607.0
2025-06-10 10:30:00,0.12158,0.12233,0.12133,0.12178,2329580.0
2025-06-10 11:00:00,0.12182,0.12186,0.12088,0.12137,2763637.0
2025-06-10 11:30:00,0.12138,0.12267,0.12134,0.12265,3286318.0
2025-06-10 12:00:00,0.12265,0.12266,0.12195,0.12224,1978377.0
2025-06-10 12:30:00,0.12225,0.12227,0.12136,0.12164,1966098.0
2025-06-10 13:00:00,0.12165,0.12208,0.12095,0.12138,3061303.0
2025-06-10 13:30:00,0.12135,0.12139,0.11921,0.12064,4948263.0
2025-06-10 14:00:00,0.12059,0.12107,0.1198,0.12006,1476847.0
2025-06-10 14:30:00,0.12013,0.12027,0.11912,0.11964,1400329.0
2025-06-10 15:00:00,0.11962,0.12059,0.11946,0.12017,1262891.0
2025-06-10 15:30:00,0.12016,0.12018,0.11871,0.11988,2355535.0
2025-06-10 16:00:00,0.11989,0.12017,0.11938,0.11967,906685.0
2025-06-10 16:30:00,0.11969,0.11979,0.11926,0.11927,723932.0
2025-06-10 17:00:00,0.11929,0.11994,0.11891,0.11902,3739797.0
2025-06-10 17:30:00,0.11901,0.11932,0.11845,0.11904,1393619.0
2025-06-10 18:00:00,0.11904,0.11942,0.11873,0.11913,846181.0
2025-06-10 18:30:00,0.11912,0.12007,0.11884,0.11978,949600.0
2025-06-10 19:00:00,0.11982,0.12036,0.11957,0.1203,692974.0
2025-06-10 19:30:00,0.12032,0.12032,0.11889,0.11907,2511303.0
2025-06-10 20:00:00,0.11909,0.11915,0.1185,0.11898,1370503.0
2025-06-10 20:30:00,0.11898,0.1193,0.11886,0.11919,763544.0
2025-06-10 21:00:00,0.1192,0.11941,0.11878,0.11908,1210189.0
2025-06-10 21:30:00,0.11909,0.1191,0.11862,0.1191,1109270.0
2025-06-10 22:00:00,0.11912,0.12006,0.1191,0.11979,1855241.0
2025-06-10 22:30:00,0.1198,0.12013,0.1196,0.11991,1340304.0
2025-06-10 23:00:00,0.11992,0.12012,0.11976,0.11995,616228.0
2025-06-10 23:30:00,0.11994,0.1202,0.11972,0.1199,683319.0
2025-06-11 00:00:00,0.11989,0.11989,0.11809,0.11833,3532994.0
2025-06-11 00:30:00,0.11834,0.12111,0.11805,0.11852,11980115.0
2025-06-11 01:00:00,0.1185,0.11895,0.11762,0.11784,2762846.0
2025-06-11 01:30:00,0.11784,0.11804,0.11714,0.11736,1306676.0
2025-06-11 02:00:00,0.11736,0.11795,0.11731,0.11757,2626267.0
2025-06-11 02:30:00,0.11758,0.11776,0.1172,0.11753,794999.0
2025-06-11 03:00:00,0.11754,0.11772,0.11712,0.11727,976433.0
2025-06-11 03:30:00,0.11727,0.11745,0.11674,0.11723,1616835.0
2025-06-11 04:00:00,0.11725,0.1178,0.11723,0.11759,937173.0
2025-06-11 04:30:00,0.1176,0.11773,0.11688,0.11719,1007288.0
2025-06-11 05:00:00,0.11721,0.11722,0.1167,0.11714,644512.0
2025-06-11 05:30:00,0.11714,0.11715,0.11674,0.11675,666297.0
2025-06-11 06:00:00,0.11676,0.11727,0.11675,0.11715,488930.0
2025-06-11 06:30:00,0.11715,0.11722,0.1168,0.11715,875096.0
2025-06-11 07:00:00,0.11714,0.11755,0.11693,0.11744,963105.0
2025-06-11 07:30:00,0.11745,0.11757,0.11725,0.11727,815493.0
2025-06-11 08:00:00,0.11728,0.11783,0.11701,0.11729,880076.0
2025-06-11 08:30:00,0.11727,0.11742,0.1165,0.11673,1037180.0
2025-06-11 09:00:00,0.11674,0.11685,0.11635,0.11656,1202451.0
2025-06-11 09:30:00,0.11656,0.11658,0.11592,0.11602,1534166.0
2025-06-11 10:00:00,0.11602,0.11607,0.11516,0.11574,2368645.0
2025-06-11 10:30:00,0.11574,0.11606,0.11568,0.11583,688464.0
2025-06-11 11:00:00,0.11583,0.11594,0.1155,0.1157,599579.0
2025-06-11 11:30:00,0.11568,0.11602,0.11516,0.1159,967113.0
2025-06-11 12:00:00,0.1159,0.11635,0.11553,0.11572,1477121.0
2025-06-11 12:30:00,0.11573,0.11699,0.11573,0.11692,4002218.0
2025-06-11 13:00:00,0.11694,0.11735,0.11663,0.11711,1608091.0
2025-06-11 13:30:00,0.11711,0.11718,0.11643,0.11685,1308247.0
2025-06-11 14:00:00,0.11689,0.11757,0.11672,0.11738,1011942.0
2025-06-11 14:30:00,0.11741,0.11756,0.1167,0.11741,2030071.0
2025-06-11 15:00:00,0.11742,0.11765,0.11716,0.11744,762285.0
2025-06-11 15:30:00,0.11744,0.11768,0.11727,0.1174,705340.0
2025-06-11 16:00:00,0.11741,0.11764,0.11709,0.11763,765511.0
2025-06-11 16:30:00,0.11763,0.11769,0.11725,0.11739,1392222.0
2025-06-11 17:00:00,0.11733,0.11733,0.11694,0.11717,876285.0
2025-06-11 17:30:00,0.11717,0.11721,0.116,0.11611,1276368.0
2025-06-11 18:00:00,0.11614,0.11627,0.11549,0.11572,1506098.0
2025-06-11 18:30:00,0.11572,0.11613,0.11548,0.11573,1283050.0
2025-06-11 19:00:00,0.11572,0.11592,0.11551,0.11577,1157400.0
2025-06-11 19:30:00,0.11576,0.11579,0.1151,0.11517,1222542.0
2025-06-11 20:00:00,0.11514,0.11647,0.11483,0.11613,3087696.0
2025-06-11 20:30:00,0.11615,0.11627,0.11581,0.11617,1291187.0
2025-06-11 21:00:00,0.11618,0.11785,0.11617,0.11666,5692643.0
2025-06-11 21:30:00,0.11666,0.11678,0.11516,0.11519,1779707.0
2025-06-11 22:00:00,0.11519,0.11549,0.11349,0.11441,4719549.0
2025-06-11 22:30:00,0.11441,0.11496,0.11395,0.11466,1711479.0
2025-06-11 23:00:00,0.1147,0.11504,0.1144,0.11471,1253085.0
2025-06-11 23:30:00,0.11472,0.11549,0.11454,0.11527,1226224.0
2025-06-12 00:00:00,0.11527,0.12181,0.11525,0.12127,44302855.0
2025-06-12 00:30:00,0.12126,0.12163,0.11888,0.11959,25239718.0
2025-06-12 01:00:00,0.11959,0.12141,0.11942,0.12049,11693584.0
2025-06-12 01:30:00,0.1205,0.1231,0.12033,0.12112,16904206.0
2025-06-12 02:00:00,0.1211,0.12238,0.12047,0.1219,8570775.0
2025-06-12 02:30:00,0.1219,0.12239,0.11818,0.11856,15950151.0
2025-06-12 03:00:00,0.11855,0.12088,0.11846,0.12,8758474.0
2025-06-12 03:30:00,0.12003,0.12013,0.11913,0.11964,5581907.0
2025-06-12 04:00:00,0.11959,0.12068,0.11832,0.12058,8182660.0
2025-06-12 04:30:00,0.12058,0.12059,0.11951,0.12,3102633.0
2025-06-12 05:00:00,0.12,0.12089,0.11996,0.12042,3327305.0
2025-06-12 05:30:00,0.12042,0.12091,0.11975,0.12032,2263043.0
2025-06-12 06:00:00,0.1203,0.12167,0.12004,0.12163,4474865.0
2025-06-12 06:30:00,0.12161,0.1228,0.12156,0.12252,6772808.0
2025-06-12 07:00:00,0.12252,0.12309,0.1213,0.12153,8004604.0
2025-06-12 07:30:00,0.12154,0.12307,0.12109,0.1218,7910922.0
2025-06-12 08:00:00,0.12179,0.12335,0.12101,0.12264,12477860.0
2025-06-12 08:30:00,0.12267,0.12373,0.12122,0.12154,9437819.0
2025-06-12 09:00:00,0.12154,0.12156,0.11919,0.12058,11065334.0
2025-06-12 09:30:00,0.12059,0.12161,0.12049,0.12117,2744438.0
2025-06-12 10:00:00,0.12115,0.12304,0.11899,0.12229,12105249.0
2025-06-12 10:30:00,0.12228,0.12333,0.1214,0.12265,6758524.0
2025-06-12 11:00:00,0.12263,0.12371,0.12134,0.12178,7357766.0
2025-06-12 11:30:00,0.12181,0.12269,0.12158,0.1221,2426288.0
2025-06-12 12:00:00,0.1221,0.12231,0.12076,0.12151,6328426.0
2025-06-12 12:30:00,0.12151,0.12375,0.12081,0.12242,9782649.0
2025-06-12 13:00:00,0.12241,0.12258,0.12024,0.12024,6920032.0
2025-06-12 13:30:00,0.12024,0.12127,0.11962,0.1202,5045043.0
2025-06-12 14:00:00,0.12021,0.1204,0.11907,0.12025,5025398.0
2025-06-12 14:30:00,0.12024,0.12059,0.11971,0.12013,3058991.0
2025-06-12 15:00:00,0.12012,0.12012,0.11754,0.11837,6766701.0
2025-06-12 15:30:00,0.11836,0.11844,0.11676,0.11741,5507326.0
2025-06-12 16:00:00,0.11741,0.11877,0.11671,0.11856,4686652.0
2025-06-12 16:30:00,0.11852,0.11903,0.11826,0.1189,3388873.0
2025-06-12 17:00:00,0.11886,0.1194,0.11832,0.11929,1200087.0
2025-06-12 17:30:00,0.11926,0.12032,0.11923,0.11978,2370118.0
2025-06-12 18:00:00,0.11977,0.11985,0.11763,0.11806,3200788.0
2025-06-12 18:30:00,0.11805,0.11852,0.11775,0.11835,1528453.0
2025-06-12 19:00:00,0.11837,0.11844,0.11746,0.11756,1469787.0
2025-06-12 19:30:00,0.11752,0.11815,0.11617,0.11653,3196044.0
2025-06-12 20:00:00,0.11648,0.11726,0.11606,0.11662,3601440.0
2025-06-12 20:30:00,0.11659,0.1167,0.11418,0.11489,5109538.0
2025-06-12 21:00:00,0.11491,0.11571,0.11416,0.11561,3314292.0
2025-06-12 21:30:00,0.11564,0.11642,0.11525,0.11525,1579016.0
2025-06-12 22:00:00,0.11525,0.11616,0.11511,0.11581,2727973.0
2025-06-12 22:30:00,0.11582,0.11594,0.11491,0.11577,2353121.0
2025-06-12 23:00:00,0.11575,0.11627,0.1149,0.11576,2368512.0
2025-06-12 23:30:00,0.11577,0.11581,0.11173,0.11348,11123595.0
2025-06-13 00:00:00,0.11346,0.11367,0.10766,0.10833,23384564.0
2025-06-13 00:30:00,0.10828,0.10863,0.10551,0.10662,13105194.0
2025-06-13 01:00:00,0.10656,0.10749,0.10569,0.10596,9463386.0
2025-06-13 01:30:00,0.10598,0.10737,0.10537,0.10589,4669851.0
2025-06-13 02:00:00,0.10589,0.10685,0.10511,0.10671,5489888.0
2025-06-13 02:30:00,0.10671,0.10719,0.10553,0.10709,7657815.0
2025-06-13 03:00:00,0.10713,0.11548,0.10607,0.10773,39146277.0
2025-06-13 03:30:00,0.10773,0.10848,0.10712,0.10748,4779366.0
2025-06-13 04:00:00,0.10751,0.10753,0.1065,0.10698,1960379.0
2025-06-13 04:30:00,0.10701,0.10763,0.10694,0.10708,1334453.0
2025-06-13 05:00:00,0.10705,0.10795,0.10695,0.10716,2536514.0
2025-06-13 05:30:00,0.10714,0.10858,0.10703,0.10753,3305757.0
2025-06-13 06:00:00,0.10752,0.10832,0.10702,0.10707,3145422.0
2025-06-13 06:30:00,0.10707,0.10855,0.10677,0.10847,6055210.0
2025-06-13 07:00:00,0.10852,0.10866,0.10752,0.10859,1994785.0
2025-06-13 07:30:00,0.10858,0.10867,0.1077,0.10793,1742474.0
2025-06-13 08:00:00,0.10796,0.10914,0.10776,0.10854,2485362.0
2025-06-13 08:30:00,0.10853,0.10893,0.10742,0.10793,2175156.0
2025-06-13 09:00:00,0.10793,0.10813,0.10704,0.10754,1976181.0
2025-06-13 09:30:00,0.10753,0.10827,0.10721,0.10767,1989291.0
2025-06-13 10:00:00,0.10769,0.10771,0.10641,0.10699,2427533.0
2025-06-13 10:30:00,0.10697,0.10755,0.10677,0.10744,2554289.0
2025-06-13 11:00:00,0.10745,0.10877,0.10721,0.10745,2663303.0
2025-06-13 11:30:00,0.10742,0.10847,0.10728,0.10846,1346761.0
2025-06-13 12:00:00,0.10844,0.10861,0.10777,0.10794,1937192.0
2025-06-13 12:30:00,0.10789,0.10831,0.10703,0.10742,1159281.0
2025-06-13 13:00:00,0.1074,0.1075,0.10689,0.10718,1271187.0
2025-06-13 13:30:00,0.10716,0.10801,0.10702,0.1074,1854053.0
2025-06-13 14:00:00,0.10742,0.10786,0.10678,0.10764,2323453.0
2025-06-13 14:30:00,0.10767,0.10863,0.10764,0.10845,1336060.0
2025-06-13 15:00:00,0.10847,0.10961,0.10814,0.10956,2750997.0
2025-06-13 15:30:00,0.10957,0.11001,0.10948,0.10959,1562399.0
2025-06-13 16:00:00,0.1096,0.11009,0.10897,0.10941,2911512.0
2025-06-13 16:30:00,0.10942,0.10986,0.1089,0.10979,1463990.0
2025-06-13 17:00:00,0.10976,0.10977,0.10772,0.10773,5175388.0
2025-06-13 17:30:00,0.1077,0.10838,0.10747,0.10815,1547481.0
2025-06-13 18:00:00,0.10817,0.10843,0.10752,0.10766,2300858.0
2025-06-13 18:30:00,0.10768,0.1079,0.1073,0.10766,1276652.0
2025-06-13 19:00:00,0.10764,0.10767,0.1069,0.10711,1403228.0
2025-06-13 19:30:00,0.10712,0.10757,0.10712,0.10746,632855.0
2025-06-13 20:00:00,0.10741,0.10799,0.1072,0.10791,1124283.0
2025-06-13 20:30:00,0.10791,0.10832,0.10758,0.10795,768076.0
2025-06-13 21:00:00,0.10797,0.10829,0.10765,0.10829,598634.0
2025-06-13 21:30:00,0.10832,0.10845,0.10816,0.10816,413303.0
2025-06-13 22:00:00,0.10815,0.10865,0.10805,0.10823,635180.0
2025-06-13 22:30:00,0.10822,0.10861,0.10805,0.10857,265102.0
2025-06-13 23:00:00,0.10855,0.10876,0.1084,0.10871,339437.0
2025-06-13 23:30:00,0.10875,0.1093,0.10875,0.10897,1018759.0
2025-06-14 00:00:00,0.10899,0.11105,0.10881,0.10944,12255099.0
2025-06-14 00:30:00,0.10941,0.11123,0.10904,0.11101,5122126.0
2025-06-14 01:00:00,0.111,0.11316,0.10928,0.11044,11841704.0
2025-06-14 01:30:00,0.11048,0.11128,0.10996,0.10999,2906578.0
2025-06-14 02:00:00,0.10998,0.11178,0.10985,0.11154,3225586.0
2025-06-14 02:30:00,0.11155,0.11157,0.11068,0.11122,1570426.0
2025-06-14 03:00:00,0.11122,0.11123,0.10982,0.11028,3415915.0
2025-06-14 03:30:00,0.11028,0.1107,0.10996,0.11013,1269865.0
2025-06-14 04:00:00,0.11013,0.11076,0.10986,0.11046,1221685.0
2025-06-14 04:30:00,0.1105,0.11059,0.1099,0.11006,735032.0
2025-06-14 05:00:00,0.11003,0.1108,0.10999,0.11058,1092679.0
2025-06-14 05:30:00,0.11062,0.11099,0.11058,0.11066,772128.0
2025-06-14 06:00:00,0.11067,0.11107,0.11057,0.11066,594776.0
2025-06-14 06:30:00,0.11065,0.11076,0.11021,0.11021,535434.0
2025-06-14 07:00:00,0.11021,0.11034,0.10947,0.10977,2404116.0
2025-06-14 07:30:00,0.10979,0.10996,0.10962,0.10989,1112411.0
2025-06-14 08:00:00,0.10985,0.11042,0.10957,0.11035,1097481.0
2025-06-14 08:30:00,0.11035,0.11104,0.1103,0.11087,1746242.0
2025-06-14 09:00:00,0.11086,0.11092,0.1101,0.1101,594918.0
2025-06-14 09:30:00,0.11009,0.11037,0.10993,0.1102,845116.0
2025-06-14 10:00:00,0.11018,0.11047,0.11009,0.11032,424498.0
2025-06-14 10:30:00,0.11033,0.1107,0.1103,0.1106,596321.0
2025-06-14 11:00:00,0.1106,0.11073,0.11028,0.11051,401355.0
2025-06-14 11:30:00,0.11051,0.11079,0.11024,0.11064,623572.0
2025-06-14 12:00:00,0.11063,0.1108,0.10961,0.10988,750482.0
2025-06-14 12:30:00,0.10988,0.11062,0.10978,0.11051,702768.0
2025-06-14 13:00:00,0.11052,0.11083,0.11042,0.11054,700701.0
2025-06-14 13:30:00,0.11055,0.11063,0.11022,0.11053,558332.0
2025-06-14 14:00:00,0.11053,0.11068,0.11035,0.11048,496274.0
2025-06-14 14:30:00,0.1104,0.11041,0.10974,0.11,685415.0
2025-06-14 15:00:00,0.11,0.11009,0.1091,0.10947,1393346.0
2025-06-14 15:30:00,0.10941,0.10942,0.10852,0.10903,1435279.0
2025-06-14 16:00:00,0.109,0.10986,0.10844,0.10852,1432130.0
2025-06-14 16:30:00,0.10853,0.10892,0.10784,0.10823,3709231.0
2025-06-14 17:00:00,0.1082,0.10907,0.10806,0.10891,1038287.0
2025-06-14 17:30:00,0.1089,0.10893,0.1081,0.10852,341105.0
2025-06-14 18:00:00,0.10851,0.10896,0.10762,0.10762,1444986.0
2025-06-14 18:30:00,0.10765,0.10779,0.10706,0.10774,1058354.0
2025-06-14 19:00:00,0.10771,0.10858,0.10771,0.10838,941897.0
2025-06-14 19:30:00,0.10838,0.10858,0.1078,0.10786,433142.0
2025-06-14 20:00:00,0.10785,0.10797,0.1067,0.10731,1239769.0
2025-06-14 20:30:00,0.10737,0.10817,0.10724,0.10791,819161.0
2025-06-14 21:00:00,0.10791,0.10859,0.10777,0.10839,887847.0
2025-06-14 21:30:00,0.1084,0.10875,0.10824,0.10862,536843.0
2025-06-14 22:00:00,0.10865,0.10929,0.10865,0.10926,866454.0
2025-06-14 22:30:00,0.10924,0.10949,0.10904,0.10918,688333.0
2025-06-14 23:00:00,0.10918,0.10943,0.10888,0.10899,489543.0
2025-06-14 23:30:00,0.109,0.10918,0.10848,0.10875,1225685.0
2025-06-15 00:00:00,0.10874,0.10874,0.10705,0.10762,3694670.0
2025-06-15 00:30:00,0.1076,0.10809,0.10735,0.10763,1544073.0
2025-06-15 01:00:00,0.10763,0.10793,0.10747,0.1078,974006.0
2025-06-15 01:30:00,0.10779,0.10779,0.10703,0.10741,1103233.0
2025-06-15 02:00:00,0.10741,0.10787,0.10736,0.10764,595589.0
2025-06-15 02:30:00,0.10768,0.10788,0.10728,0.10738,825757.0
2025-06-15 03:00:00,0.10739,0.10781,0.10717,0.10778,1281024.0
2025-06-15 03:30:00,0.10776,0.10788,0.10761,0.10773,574947.0
2025-06-15 04:00:00,0.10772,0.10797,0.10755,0.10792,687114.0
2025-06-15 04:30:00,0.10792,0.10809,0.10687,0.10715,3167710.0
2025-06-15 05:00:00,0.10717,0.10718,0.10624,0.10688,2996096.0
2025-06-15 05:30:00,0.10691,0.10768,0.1069,0.10762,1317597.0
2025-06-15 06:00:00,0.10762,0.10777,0.10695,0.10699,612855.0
2025-06-15 06:30:00,0.10701,0.10709,0.10675,0.10701,493018.0
2025-06-15 07:00:00,0.107,0.10703,0.1063,0.1065,720089.0
2025-06-15 07:30:00,0.10651,0.10724,0.10636,0.10718,729763.0
2025-06-15 08:00:00,0.10719,0.10734,0.10678,0.1072,589029.0
2025-06-15 08:30:00,0.10721,0.1073,0.10674,0.10712,465905.0
2025-06-15 09:00:00,0.10711,0.10737,0.10693,0.10725,408870.0
2025-06-15 09:30:00,0.10729,0.10763,0.10711,0.10712,688994.0
2025-06-15 10:00:00,0.10714,0.10779,0.10707,0.10768,881841.0
2025-06-15 10:30:00,0.10769,0.10793,0.1076,0.10776,346621.0
2025-06-15 11:00:00,0.10775,0.10783,0.1073,0.10735,452089.0
2025-06-15 11:30:00,0.10736,0.10786,0.10729,0.10779,463883.0
2025-06-15 12:00:00,0.10778,0.10789,0.10751,0.10756,321526.0
2025-06-15 12:30:00,0.10757,0.10813,0.10757,0.10807,360132.0
2025-06-15 13:00:00,0.10804,0.10808,0.10717,0.1073,1127899.0
2025-06-15 13:30:00,0.10728,0.10728,0.10634,0.1067,2191393.0
2025-06-15 14:00:00,0.10674,0.1068,0.10609,0.10629,1227305.0
2025-06-15 14:30:00,0.10632,0.10772,0.10616,0.10757,1575810.0
2025-06-15 15:00:00,0.10758,0.10809,0.10725,0.10739,1150858.0
2025-06-15 15:30:00,0.10744,0.10751,0.1068,0.1069,446842.0
2025-06-15 16:00:00,0.10691,0.10704,0.10649,0.10677,521396.0
2025-06-15 16:30:00,0.10677,0.10718,0.10662,0.10718,440903.0
2025-06-15 17:00:00,0.10718,0.1073,0.10667,0.10696,402469.0
2025-06-15 17:30:00,0.10699,0.10736,0.10694,0.10719,269789.0
2025-06-15 18:00:00,0.10718,0.1072,0.1067,0.10689,409705.0
2025-06-15 18:30:00,0.10688,0.10706,0.10675,0.10691,253719.0
2025-06-15 19:00:00,0.10694,0.10737,0.10682,0.10688,592890.0
2025-06-15 19:30:00,0.10689,0.10706,0.10633,0.10651,621473.0
2025-06-15 20:00:00,0.10653,0.10664,0.10595,0.10607,738913.0
2025-06-15 20:30:00,0.10609,0.10636,0.10578,0.10608,1174008.0
2025-06-15 21:00:00,0.10608,0.10636,0.10575,0.10616,809282.0
2025-06-15 21:30:00,0.10616,0.1064,0.10583,0.10632,366814.0
2025-06-15 22:00:00,0.10634,0.10743,0.10631,0.10724,1057123.0
2025-06-15 22:30:00,0.10725,0.1074,0.10687,0.10719,2449625.0
2025-06-15 23:00:00,0.10721,0.10755,0.1072,0.10738,516594.0
2025-06-15 23:30:00,0.1074,0.10771,0.10726,0.10757,521938.0
2025-06-16 00:00:00,0.10757,0.10757,0.10562,0.10606,2387714.0
2025-06-16 00:30:00,0.10606,0.10625,0.10527,0.10541,1404017.0
2025-06-16 01:00:00,0.10541,0.10546,0.1034,0.10354,6538891.0
2025-06-16 01:30:00,0.10351,0.10576,0.10328,0.10568,5588271.0
2025-06-16 02:00:00,0.10563,0.10649,0.10538,0.10628,2794756.0
2025-06-16 02:30:00,0.10627,0.10665,0.10611,0.1064,1421013.0
2025-06-16 03:00:00,0.1064,0.10655,0.10576,0.10614,1293235.0
2025-06-16 03:30:00,0.10612,0.10668,0.10584,0.10599,1920247.0
2025-06-16 04:00:00,0.10598,0.10696,0.10579,0.10665,1464236.0
2025-06-16 04:30:00,0.10665,0.10667,0.10625,0.10646,829067.0
2025-06-16 05:00:00,0.10646,0.10697,0.10637,0.1069,1131105.0
2025-06-16 05:30:00,0.10689,0.1071,0.10587,0.10599,2342907.0
2025-06-16 06:00:00,0.10602,0.10623,0.10602,0.10611,1019778.0
2025-06-16 06:30:00,0.1061,0.10654,0.106,0.1064,1605398.0
2025-06-16 07:00:00,0.1064,0.10662,0.10617,0.10628,434693.0
2025-06-16 07:30:00,0.10628,0.1065,0.10606,0.10632,729425.0
2025-06-16 08:00:00,0.10635,0.10662,0.10597,0.10613,1034053.0
2025-06-16 08:30:00,0.10611,0.10689,0.10607,0.10658,906295.0
2025-06-16 09:00:00,0.10659,0.10682,0.10621,0.10652,1212362.0
2025-06-16 09:30:00,0.10653,0.10655,0.10606,0.10633,1033671.0
2025-06-16 10:00:00,0.10633,0.10659,0.10555,0.10561,1360731.0
2025-06-16 10:30:00,0.10563,0.10606,0.10561,0.10589,1032182.0
2025-06-16 11:00:00,0.10593,0.10598,0.10545,0.10568,1242805.0
2025-06-16 11:30:00,0.10568,0.10634,0.10568,0.1062,748861.0
2025-06-16 12:00:00,0.1062,0.10621,0.10449,0.10471,2079785.0
2025-06-16 12:30:00,0.10471,0.10551,0.1045,0.10533,1684412.0
2025-06-16 13:00:00,0.10532,0.10557,0.10475,0.10497,1163734.0
2025-06-16 13:30:00,0.10497,0.10581,0.10487,0.10578,1847919.0
2025-06-16 14:00:00,0.10574,0.10597,0.10523,0.10561,2582732.0
2025-06-16 14:30:00,0.1056,0.10584,0.10511,0.10537,1781430.0
2025-06-16 15:00:00,0.10539,0.10561,0.10527,0.10537,550502.0
2025-06-16 15:30:00,0.10536,0.10568,0.10536,0.10552,619054.0
2025-06-16 16:00:00,0.10551,0.10676,0.10536,0.10641,1440549.0
2025-06-16 16:30:00,0.10638,0.10668,0.10598,0.10615,678192.0
2025-06-16 17:00:00,0.10616,0.1063,0.10573,0.10584,574532.0
2025-06-16 17:30:00,0.10584,0.10597,0.10562,0.10578,539120.0
2025-06-16 18:00:00,0.1058,0.1066,0.10573,0.10646,536266.0
2025-06-16 18:30:00,0.10644,0.10761,0.10623,0.10754,3608866.0
2025-06-16 19:00:00,0.10752,0.10822,0.10712,0.1078,4701534.0
2025-06-16 19:30:00,0.10781,0.10784,0.10709,0.10729,1098247.0
2025-06-16 20:00:00,0.10728,0.10782,0.10682,0.10751,1652023.0
2025-06-16 20:30:00,0.10752,0.10806,0.10746,0.10769,977965.0
2025-06-16 21:00:00,0.10767,0.10894,0.10764,0.10855,2970493.0
2025-06-16 21:30:00,0.10856,0.10857,0.10777,0.10824,1220919.0
2025-06-16 22:00:00,0.10824,0.10866,0.10815,0.10866,815413.0
2025-06-16 22:30:00,0.10868,0.10894,0.106,0.10709,7837950.0
2025-06-16 23:00:00,0.10704,0.10826,0.10696,0.1071,3401403.0
2025-06-16 23:30:00,0.10708,0.10716,0.10511,0.10562,3394095.0
2025-06-17 00:00:00,0.10566,0.10685,0.10365,0.1057,13130249.0
2025-06-17 00:30:00,0.10573,0.10642,0.10492,0.10586,3488419.0
2025-06-17 01:00:00,0.10589,0.10633,0.10547,0.10621,2355230.0
2025-06-17 01:30:00,0.1062,0.10668,0.10495,0.10508,1688293.0
2025-06-17 02:00:00,0.10509,0.10518,0.10433,0.10487,1940496.0
2025-06-17 02:30:00,0.10487,0.10502,0.10165,0.10456,10084607.0
2025-06-17 03:00:00,0.10456,0.10558,0.10441,0.10484,1769028.0
2025-06-17 03:30:00,0.10485,0.10572,0.10485,0.10551,1448539.0
2025-06-17 04:00:00,0.10551,0.10592,0.10511,0.10576,1350819.0
2025-06-17 04:30:00,0.10578,0.10595,0.10524,0.10543,851456.0
2025-06-17 05:00:00,0.10542,0.10561,0.10478,0.10513,1441029.0
2025-06-17 05:30:00,0.10515,0.10539,0.1044,0.10475,789699.0
2025-06-17 06:00:00,0.10476,0.10523,0.10408,0.10447,1213434.0
2025-06-17 06:30:00,0.10447,0.1046,0.10401,0.10431,444930.0
2025-06-17 07:00:00,0.10433,0.10477,0.1043,0.10439,752666.0
2025-06-17 07:30:00,0.1044,0.10469,0.10423,0.10429,354264.0
2025-06-17 08:00:00,0.10427,0.10443,0.10385,0.10404,843596.0
2025-06-17 08:30:00,0.10405,0.10407,0.10322,0.10327,1244624.0
2025-06-17 09:00:00,0.10326,0.10406,0.1031,0.10376,828617.0
2025-06-17 09:30:00,0.10377,0.10391,0.10336,0.10362,549684.0
2025-06-17 10:00:00,0.1037,0.10432,0.10359,0.10413,675282.0
2025-06-17 10:30:00,0.1041,0.10424,0.1034,0.10422,2380916.0
2025-06-17 11:00:00,0.10422,0.10422,0.10334,0.10337,725941.0
2025-06-17 11:30:00,0.10338,0.10353,0.10312,0.1033,327961.0
2025-06-17 12:00:00,0.1033,0.10493,0.10329,0.10417,2315934.0
2025-06-17 12:30:00,0.10417,0.10482,0.10386,0.10424,1545126.0
2025-06-17 13:00:00,0.10421,0.10439,0.10376,0.10412,792182.0
2025-06-17 13:30:00,0.10413,0.10455,0.10336,0.10346,1285462.0
2025-06-17 14:00:00,0.10347,0.1043,0.10321,0.10368,747390.0
2025-06-17 14:30:00,0.10365,0.10423,0.1034,0.10351,1889116.0
2025-06-17 15:00:00,0.1035,0.10354,0.10196,0.10216,2563253.0
2025-06-17 15:30:00,0.10213,0.10278,0.10165,0.10236,1929643.0
2025-06-17 16:00:00,0.10239,0.10265,0.10166,0.10195,1281261.0
2025-06-17 16:30:00,0.1019,0.10201,0.1004,0.1005,2519280.0
2025-06-17 17:00:00,0.10048,0.10093,0.09913,0.10089,4483456.0
2025-06-17 17:30:00,0.10089,0.10132,0.10055,0.10074,924766.0
2025-06-17 18:00:00,0.10071,0.10108,0.10021,0.10034,1214139.0
2025-06-17 18:30:00,0.10037,0.10158,0.10036,0.10156,739086.0
2025-06-17 19:00:00,0.10157,0.10278,0.10154,0.10239,1914656.0
2025-06-17 19:30:00,0.10238,0.10266,0.10201,0.10205,1068306.0
2025-06-17 20:00:00,0.10203,0.10234,0.10157,0.1023,941789.0
2025-06-17 20:30:00,0.10229,0.10241,0.10156,0.10174,537655.0
2025-06-17 21:00:00,0.10171,0.10175,0.10092,0.10114,716686.0
2025-06-17 21:30:00,0.10116,0.10172,0.10116,0.10138,454316.0
2025-06-17 22:00:00,0.10139,0.10145,0.10078,0.101,900548.0
2025-06-17 22:30:00,0.10103,0.10107,0.09958,0.10007,3561895.0
2025-06-17 23:00:00,0.10009,0.10101,0.10003,0.10073,922734.0
2025-06-17 23:30:00,0.1007,0.10156,0.10056,0.10126,2685845.0
2025-06-18 00:00:00,0.10123,0.10127,0.10038,0.10046,1233937.0
2025-06-18 00:30:00,0.10049,0.10138,0.1003,0.10114,786772.0
2025-06-18 01:00:00,0.10117,0.10145,0.10052,0.10056,1185401.0
2025-06-18 01:30:00,0.10057,0.10079,0.09984,0.09984,1366381.0
2025-06-18 02:00:00,0.09986,0.10024,0.09886,0.0996,2266880.0
2025-06-18 02:30:00,0.0996,0.10034,0.09932,0.09967,2584632.0
2025-06-18 03:00:00,0.09966,0.09985,0.09931,0.0996,599898.0
2025-06-18 03:30:00,0.09961,0.10021,0.09961,0.09995,1164341.0
2025-06-18 04:00:00,0.09995,0.10061,0.0998,0.10023,505681.0
2025-06-18 04:30:00,0.10024,0.10114,0.10008,0.1007,645158.0
2025-06-18 05:00:00,0.1007,0.10073,0.10033,0.10035,492983.0
2025-06-18 05:30:00,0.10038,0.10066,0.10016,0.10028,688738.0
2025-06-18 06:00:00,0.10029,0.10039,0.09978,0.0999,352346.0
2025-06-18 06:30:00,0.09996,0.10005,0.09939,0.09963,469456.0
2025-06-18 07:00:00,0.0996,0.09981,0.09944,0.09964,606123.0
2025-06-18 07:30:00,0.09965,0.10005,0.09955,0.10005,319178.0
2025-06-18 08:00:00,0.10004,0.10062,0.09972,0.09972,1101671.0
2025-06-18 08:30:00,0.09971,0.09971,0.09915,0.09941,614129.0
2025-06-18 09:00:00,0.09942,0.09985,0.09933,0.09939,293562.0
2025-06-18 09:30:00,0.09937,0.09939,0.09904,0.09924,840727.0
2025-06-18 10:00:00,0.09929,0.09944,0.09847,0.09861,840429.0
2025-06-18 10:30:00,0.09858,0.09871,0.09754,0.09765,1308453.0
2025-06-18 11:00:00,0.09763,0.0981,0.09731,0.09803,1233530.0
2025-06-18 11:30:00,0.09806,0.09822,0.09749,0.09804,878538.0
2025-06-18 12:00:00,0.09805,0.0982,0.09755,0.0977,722911.0
2025-06-18 12:30:00,0.09773,0.09812,0.09718,0.09734,944554.0
2025-06-18 13:00:00,0.09736,0.09748,0.09545,0.09588,2761459.0
2025-06-18 13:30:00,0.09587,0.09886,0.09575,0.09877,3674836.0
2025-06-18 14:00:00,0.09874,0.09972,0.09853,0.09922,5106238.0
2025-06-18 14:30:00,0.09925,0.09933,0.09803,0.09841,1648424.0
2025-06-18 15:00:00,0.09841,0.09908,0.09803,0.09894,739740.0
2025-06-18 15:30:00,0.09907,0.09917,0.09863,0.09881,393966.0
2025-06-18 16:00:00,0.09879,0.09883,0.09822,0.09839,1183276.0
2025-06-18 16:30:00,0.09839,0.09878,0.09828,0.09858,1007815.0
2025-06-18 17:00:00,0.09852,0.099,0.09826,0.09838,851310.0
2025-06-18 17:30:00,0.09835,0.09934,0.09784,0.09918,1276026.0
2025-06-18 18:00:00,0.09917,0.09963,0.09841,0.09917,1992240.0
2025-06-18 18:30:00,0.09917,0.09952,0.09828,0.09837,1077290.0
2025-06-18 19:00:00,0.09834,0.09968,0.09816,0.09883,1912008.0
2025-06-18 19:30:00,0.0988,0.09916,0.09845,0.09845,567964.0
2025-06-18 20:00:00,0.09845,0.09878,0.09785,0.09848,2914038.0
2025-06-18 20:30:00,0.09849,0.09986,0.09786,0.09965,4104016.0
2025-06-18 21:00:00,0.09967,0.09994,0.09935,0.09976,1254506.0
2025-06-18 21:30:00,0.09975,0.09993,0.09932,0.09971,402369.0
2025-06-18 22:00:00,0.09969,0.09993,0.09958,0.09984,381338.0
2025-06-18 22:30:00,0.09986,0.09999,0.09953,0.09955,452278.0
2025-06-18 23:00:00,0.09956,0.09985,0.09953,0.09966,338463.0
2025-06-18 23:30:00,0.09963,0.1004,0.09949,0.10027,851939.0
2025-06-19 00:00:00,0.10027,0.1004,0.09902,0.10012,1768226.0
2025-06-19 00:30:00,0.10011,0.10048,0.09902,0.09902,1863772.0
2025-06-19 01:00:00,0.09904,0.09919,0.0983,0.09854,1754958.0
2025-06-19 01:30:00,0.09853,0.09855,0.09775,0.09784,1046605.0
2025-06-19 02:00:00,0.09784,0.09835,0.09747,0.09789,1179344.0
2025-06-19 02:30:00,0.09788,0.0984,0.09776,0.0978,435289.0
2025-06-19 03:00:00,0.09782,0.09806,0.09773,0.09796,539773.0
2025-06-19 03:30:00,0.09797,0.09858,0.09777,0.09858,634427.0
2025-06-19 04:00:00,0.09858,0.09865,0.098,0.09809,595242.0
2025-06-19 04:30:00,0.09809,0.09829,0.09777,0.09824,731547.0
2025-06-19 05:00:00,0.09824,0.0988,0.0981,0.09855,733751.0
2025-06-19 05:30:00,0.09854,0.09854,0.09765,0.09769,562389.0
2025-06-19 06:00:00,0.09769,0.09805,0.09744,0.09756,561329.0
2025-06-19 06:30:00,0.09756,0.09781,0.09745,0.09757,415429.0
2025-06-19 07:00:00,0.09762,0.09793,0.09744,0.09758,424222.0
2025-06-19 07:30:00,0.09756,0.09787,0.09741,0.09763,874202.0
2025-06-19 08:00:00,0.0976,0.09821,0.09755,0.09814,494566.0
2025-06-19 08:30:00,0.09812,0.09835,0.09777,0.09777,547444.0
2025-06-19 09:00:00,0.09775,0.09807,0.09766,0.09802,800864.0
2025-06-19 09:30:00,0.09802,0.09852,0.09792,0.09841,447049.0
2025-06-19 10:00:00,0.09843,0.09843,0.09812,0.09836,501441.0
2025-06-19 10:30:00,0.09836,0.09836,0.09787,0.09809,597692.0
2025-06-19 11:00:00,0.09809,0.09817,0.09783,0.09794,247639.0
2025-06-19 11:30:00,0.09794,0.09807,0.09778,0.09792,441298.0
2025-06-19 12:00:00,0.09792,0.0987,0.09778,0.09859,743846.0
2025-06-19 12:30:00,0.09859,0.09869,0.09765,0.09802,1036949.0
2025-06-19 13:00:00,0.09805,0.0986,0.09803,0.09856,528762.0
2025-06-19 13:30:00,0.09852,0.09852,0.09803,0.09809,695285.0
2025-06-19 14:00:00,0.09808,0.09862,0.09795,0.09819,1257599.0
2025-06-19 14:30:00,0.09818,0.09819,0.09744,0.09803,1864409.0
2025-06-19 15:00:00,0.09799,0.1007,0.09798,0.09949,5317959.0
2025-06-19 15:30:00,0.09953,0.10059,0.09901,0.10032,3192078.0
2025-06-19 16:00:00,0.10033,0.10049,0.09864,0.0989,2386179.0
2025-06-19 16:30:00,0.09891,0.09904,0.0982,0.09826,943912.0
2025-06-19 17:00:00,0.09827,0.09845,0.09784,0.09794,592092.0
2025-06-19 17:30:00,0.09791,0.09914,0.0978,0.0988,1093397.0
2025-06-19 18:00:00,0.0988,0.0996,0.09879,0.09907,505058.0
2025-06-19 18:30:00,0.09909,0.09925,0.09862,0.09899,375027.0
2025-06-19 19:00:00,0.099,0.09949,0.09888,0.09933,548845.0
2025-06-19 19:30:00,0.09933,0.09958,0.09904,0.09924,1035562.0
2025-06-19 20:00:00,0.09926,0.09952,0.099,0.0991,291226.0
2025-06-19 20:30:00,0.09911,0.09932,0.09877,0.09912,341530.0
2025-06-19 21:00:00,0.09914,0.10266,0.09909,0.10241,8247924.0
2025-06-19 21:30:00,0.10242,0.103,0.10187,0.10214,3819858.0
2025-06-19 22:00:00,0.10212,0.10322,0.10179,0.10252,2659834.0
2025-06-19 22:30:00,0.10252,0.1034,0.10228,0.10232,2278832.0
2025-06-19 23:00:00,0.10232,0.10313,0.1018,0.10234,1650238.0
2025-06-19 23:30:00,0.10239,0.10299,0.10219,0.10239,1049707.0
2025-06-20 00:00:00,0.10238,0.10273,0.10171,0.10183,3515685.0
2025-06-20 00:30:00,0.10185,0.1032,0.10183,0.10261,2422704.0
2025-06-20 01:00:00,0.10261,0.10279,0.10002,0.10014,6381260.0
2025-06-20 01:30:00,0.10014,0.10119,0.10001,0.10101,2606077.0
2025-06-20 02:00:00,0.101,0.101,0.10048,0.10066,917912.0
2025-06-20 02:30:00,0.10068,0.10091,0.10027,0.10079,529996.0
2025-06-20 03:00:00,0.1008,0.10121,0.1002,0.10102,828004.0
2025-06-20 03:30:00,0.10098,0.10099,0.10062,0.10081,406303.0
2025-06-20 04:00:00,0.10078,0.10103,0.10046,0.1008,872327.0
2025-06-20 04:30:00,0.10079,0.10081,0.09992,0.1,1334577.0
2025-06-20 05:00:00,0.1,0.1003,0.09955,0.09973,710948.0
2025-06-20 05:30:00,0.09974,0.10058,0.09969,0.10046,378857.0
2025-06-20 06:00:00,0.10047,0.10074,0.10023,0.10069,526933.0
2025-06-20 06:30:00,0.10066,0.10288,0.10052,0.10173,6465908.0
2025-06-20 07:00:00,0.10172,0.12256,0.1016,0.12146,192868231.0
2025-06-20 07:30:00,0.12148,0.12378,0.11845,0.12081,94505067.0
2025-06-20 08:00:00,0.12081,0.12947,0.11894,0.12824,146919466.0
2025-06-20 08:30:00,0.12825,0.13325,0.12314,0.12507,228681055.0
2025-06-20 09:00:00,0.12503,0.12776,0.12429,0.12543,82010090.0
2025-06-20 09:30:00,0.12543,0.12681,0.1218,0.125,77086562.0
2025-06-20 10:00:00,0.125,0.1261,0.12324,0.12447,48767842.0
2025-06-20 10:30:00,0.12447,0.12506,0.12234,0.12382,38206180.0
2025-06-20 11:00:00,0.1238,0.13038,0.12307,0.12963,74888097.0
2025-06-20 11:30:00,0.12963,0.1309,0.1274,0.12803,85592844.0
2025-06-20 12:00:00,0.12803,0.12842,0.12546,0.12685,65511161.0
2025-06-20 12:30:00,0.12687,0.13414,0.12675,0.13119,121834352.0
2025-06-20 13:00:00,0.13118,0.1316,0.12872,0.12974,67907366.0
2025-06-20 13:30:00,0.12974,0.13096,0.12763,0.12938,62238336.0
2025-06-20 14:00:00,0.12937,0.12937,0.12462,0.1259,84761226.0
2025-06-20 14:30:00,0.12591,0.13066,0.1251,0.12867,89275311.0
2025-06-20 15:00:00,0.12869,0.13089,0.12661,0.1281,73677172.0
2025-06-20 15:30:00,0.12808,0.131,0.12781,0.13063,70689207.0
2025-06-20 16:00:00,0.13063,0.13139,0.12832,0.1301,96751105.0
2025-06-20 16:30:00,0.1301,0.133,0.12957,0.13033,76639713.0
2025-06-20 17:00:00,0.13034,0.136,0.13031,0.132,128002666.0
2025-06-20 17:30:00,0.13199,0.13412,0.13089,0.13367,64344034.0
2025-06-20 18:00:00,0.13365,0.13382,0.13004,0.13058,68801776.0
2025-06-20 18:30:00,0.13057,0.13341,0.12893,0.13321,68299352.0
2025-06-20 19:00:00,0.13317,0.13484,0.13244,0.13383,65270443.0
2025-06-20 19:30:00,0.13388,0.13625,0.13368,0.13512,65797929.0
2025-06-20 20:00:00,0.13512,0.13549,0.1318,0.13323,66596345.0
2025-06-20 20:30:00,0.13324,0.13339,0.12951,0.12966,48275524.0
2025-06-20 21:00:00,0.12965,0.13009,0.12427,0.12737,118400931.0
2025-06-20 21:30:00,0.12735,0.1289,0.12709,0.12747,35330064.0
2025-06-20 22:00:00,0.12745,0.1281,0.12557,0.1278,39152786.0
2025-06-20 22:30:00,0.12781,0.12925,0.12713,0.1284,31259729.0
2025-06-20 23:00:00,0.12842,0.1335,0.12842,0.13251,61530310.0
2025-06-20 23:30:00,0.13253,0.1338,0.13021,0.13292,56399310.0
2025-06-21 00:00:00,0.13292,0.13581,0.12914,0.13355,140335350.0
2025-06-21 00:30:00,0.13353,0.13392,0.12715,0.13125,104508053.0
2025-06-21 01:00:00,0.1313,0.14437,0.13116,0.14272,192604361.0
2025-06-21 01:30:00,0.14273,0.1488,0.14039,0.14606,176896633.0
2025-06-21 02:00:00,0.14605,0.14975,0.1449,0.14785,104330423.0
2025-06-21 02:30:00,0.14786,0.14884,0.14414,0.14706,93597646.0
2025-06-21 03:00:00,0.14713,0.14757,0.1414,0.14294,134415071.0
2025-06-21 03:30:00,0.14293,0.14471,0.14132,0.1422,81259065.0
2025-06-21 04:00:00,0.1422,0.14242,0.1345,0.13803,150644900.0
2025-06-21 04:30:00,0.13803,0.1429,0.13672,0.14208,98196386.0
2025-06-21 05:00:00,0.1421,0.14286,0.13944,0.1405,86770972.0
2025-06-21 05:30:00,0.1405,0.14562,0.13956,0.14538,104057479.0
2025-06-21 06:00:00,0.14537,0.1459,0.14285,0.14432,76302878.0
2025-06-21 06:30:00,0.14432,0.14518,0.143,0.14515,42712171.0
2025-06-21 07:00:00,0.14518,0.14863,0.14372,0.14595,85864572.0
2025-06-21 07:30:00,0.14593,0.14654,0.14476,0.14539,47844655.0
2025-06-21 08:00:00,0.14539,0.14553,0.14136,0.14366,80971150.0
2025-06-21 08:30:00,0.14366,0.14449,0.14062,0.14237,45025104.0
2025-06-21 09:00:00,0.14237,0.147,0.14133,0.14369,59133196.0
2025-06-21 09:30:00,0.14368,0.14606,0.14355,0.14433,46373986.0
2025-06-21 10:00:00,0.14435,0.1451,0.14214,0.14495,41939604.0
2025-06-21 10:30:00,0.14498,0.1481,0.14428,0.14477,70035665.0
2025-06-21 11:00:00,0.14482,0.14538,0.14302,0.14359,35692955.0
2025-06-21 11:30:00,0.14358,0.14469,0.14264,0.14384,39328260.0
2025-06-21 12:00:00,0.14385,0.14392,0.13829,0.14065,93368758.0
2025-06-21 12:30:00,0.14065,0.14098,0.13511,0.13652,83818234.0
2025-06-21 13:00:00,0.13652,0.13656,0.12965,0.13057,90142660.0
2025-06-21 13:30:00,0.13058,0.13075,0.12692,0.12824,69693426.0
2025-06-21 14:00:00,0.12824,0.12824,0.12444,0.12652,58865917.0
2025-06-21 14:30:00,0.12652,0.12942,0.12485,0.12881,57011020.0
2025-06-21 15:00:00,0.12883,0.13588,0.12772,0.13218,91180648.0
2025-06-21 15:30:00,0.13218,0.13513,0.1307,0.13202,57516522.0
2025-06-21 16:00:00,0.132,0.13208,0.1279,0.13138,59446804.0
2025-06-21 16:30:00,0.13137,0.13299,0.12986,0.13252,26687737.0
2025-06-21 17:00:00,0.13256,0.13379,0.12972,0.1324,27164750.0
2025-06-21 17:30:00,0.13243,0.13534,0.13227,0.13523,23952562.0
2025-06-21 18:00:00,0.13522,0.13542,0.13218,0.13312,29312638.0
2025-06-21 18:30:00,0.13313,0.13557,0.13256,0.13493,18117659.0
2025-06-21 19:00:00,0.13494,0.13527,0.13238,0.13302,14192659.0
2025-06-21 19:30:00,0.13302,0.13314,0.12883,0.1299,25555410.0
2025-06-21 20:00:00,0.12989,0.12989,0.12668,0.12728,27527970.0
2025-06-21 20:30:00,0.12728,0.12903,0.1268,0.12892,12152599.0
2025-06-21 21:00:00,0.12892,0.13044,0.12687,0.12756,19800713.0
2025-06-21 21:30:00,0.12755,0.12792,0.12536,0.12701,16879077.0
2025-06-21 22:00:00,0.12702,0.12774,0.121,0.12194,40463588.0
2025-06-21 22:30:00,0.12197,0.12312,0.12024,0.12219,24037318.0
2025-06-21 23:00:00,0.12219,0.12273,0.1205,0.12066,11436673.0
2025-06-21 23:30:00,0.12068,0.12322,0.11997,0.12279,20236858.0
2025-06-22 00:00:00,0.12279,0.12303,0.1167,0.11821,95336099.0
2025-06-22 00:30:00,0.11821,0.12341,0.1174,0.12177,43526774.0
2025-06-22 01:00:00,0.12177,0.12288,0.1188,0.12018,34188641.0
2025-06-22 01:30:00,0.12013,0.12077,0.11827,0.11887,19411798.0
2025-06-22 02:00:00,0.11886,0.11896,0.11353,0.11408,39470035.0
2025-06-22 02:30:00,0.11412,0.11817,0.11412,0.11794,30664769.0
2025-06-22 03:00:00,0.11794,0.11805,0.11534,0.11568,15667807.0
2025-06-22 03:30:00,0.11569,0.11637,0.11439,0.11532,13508529.0
2025-06-22 04:00:00,0.11532,0.11824,0.11399,0.11734,22929677.0
2025-06-22 04:30:00,0.11734,0.11806,0.11613,0.11734,13044964.0
2025-06-22 05:00:00,0.11733,0.11841,0.11577,0.11608,16415639.0
2025-06-22 05:30:00,0.11608,0.1213,0.11533,0.1197,26915286.0
2025-06-22 06:00:00,0.11969,0.11997,0.1173,0.11764,20424829.0
2025-06-22 06:30:00,0.11764,0.11953,0.11756,0.11826,15522710.0
2025-06-22 07:00:00,0.11826,0.11835,0.11598,0.11647,21738214.0
2025-06-22 07:30:00,0.11646,0.11679,0.1151,0.11573,13285788.0
2025-06-22 08:00:00,0.11572,0.118,0.11464,0.11745,20894999.0
2025-06-22 08:30:00,0.11745,0.11755,0.11564,0.11602,10373318.0
2025-06-22 09:00:00,0.11602,0.1172,0.11471,0.11509,17506583.0
2025-06-22 09:30:00,0.1151,0.11623,0.1125,0.11282,21573184.0
2025-06-22 10:00:00,0.11282,0.11448,0.11214,0.11384,19001605.0
2025-06-22 10:30:00,0.11387,0.11443,0.1133,0.11386,7881513.0
2025-06-22 11:00:00,0.11386,0.11533,0.11308,0.11368,13996347.0
2025-06-22 11:30:00,0.11368,0.11508,0.11365,0.11448,8505463.0
2025-06-22 12:00:00,0.11447,0.11456,0.11105,0.11216,26521430.0
2025-06-22 12:30:00,0.11209,0.11235,0.1112,0.11197,13064849.0
2025-06-22 13:00:00,0.11196,0.11344,0.1094,0.11032,28311412.0
2025-06-22 13:30:00,0.11031,0.11095,0.108,0.10899,34683311.0
2025-06-22 14:00:00,0.10899,0.11007,0.10671,0.10723,28707099.0
2025-06-22 14:30:00,0.10724,0.10996,0.10724,0.10917,18291505.0
2025-06-22 15:00:00,0.10917,0.10987,0.10821,0.10865,14797402.0
2025-06-22 15:30:00,0.10863,0.10906,0.10711,0.10745,11565039.0
2025-06-22 16:00:00,0.10745,0.10858,0.10645,0.10683,19763468.0
2025-06-22 16:30:00,0.10684,0.10732,0.10541,0.10596,18223711.0
2025-06-22 17:00:00,0.10594,0.10779,0.10517,0.10571,14713792.0
2025-06-22 17:30:00,0.10568,0.10808,0.10553,0.10803,9558948.0
2025-06-22 18:00:00,0.10802,0.10835,0.10645,0.10697,7094466.0
2025-06-22 18:30:00,0.10697,0.10765,0.10561,0.10591,7337150.0
2025-06-22 19:00:00,0.10591,0.10727,0.10555,0.10698,6579884.0
2025-06-22 19:30:00,0.10698,0.10702,0.10572,0.10675,5253171.0
2025-06-22 20:00:00,0.10675,0.10683,0.10204,0.10223,23506237.0
2025-06-22 20:30:00,0.10222,0.10508,0.10215,0.10433,13063797.0
2025-06-22 21:00:00,0.10435,0.10513,0.10359,0.10361,7619634.0
2025-06-22 21:30:00,0.1036,0.10375,0.10293,0.10326,4740254.0
2025-06-22 22:00:00,0.1033,0.10744,0.10322,0.10703,15870768.0
2025-06-22 22:30:00,0.10702,0.10865,0.10671,0.1084,8884558.0
2025-06-22 23:00:00,0.10839,0.10942,0.10771,0.10937,9504831.0
2025-06-22 23:30:00,0.10937,0.10937,0.10726,0.10749,7043275.0
2025-06-23 00:00:00,0.1075,0.11468,0.10651,0.1129,59058585.0
2025-06-23 00:30:00,0.11292,0.11699,0.11146,0.11633,32314102.0
2025-06-23 01:00:00,0.11632,0.11817,0.11518,0.11719,24682458.0
2025-06-23 01:30:00,0.11716,0.1183,0.11618,0.11684,14597734.0
2025-06-23 02:00:00,0.11684,0.11806,0.1151,0.11594,18781810.0
2025-06-23 02:30:00,0.11595,0.116,0.11266,0.11366,18543653.0
2025-06-23 03:00:00,0.11368,0.11663,0.11318,0.11605,12935998.0
2025-06-23 03:30:00,0.11605,0.11614,0.11403,0.11549,12507026.0
2025-06-23 04:00:00,0.1155,0.1163,0.11369,0.11441,13556970.0
2025-06-23 04:30:00,0.11441,0.12299,0.11394,0.12094,44650009.0
2025-06-23 05:00:00,0.1209,0.12444,0.11927,0.12167,45400516.0
2025-06-23 05:30:00,0.12168,0.12301,0.1212,0.12147,18802803.0
2025-06-23 06:00:00,0.12151,0.12299,0.12037,0.12072,15287316.0
2025-06-23 06:30:00,0.12072,0.12139,0.11929,0.11953,14049978.0
2025-06-23 07:00:00,0.1195,0.12105,0.11814,0.11911,17614502.0
2025-06-23 07:30:00,0.11911,0.12095,0.11848,0.12062,9858985.0
2025-06-23 08:00:00,0.12061,0.1212,0.1189,0.11926,12712801.0
2025-06-23 08:30:00,0.11926,0.1211,0.11849,0.11923,12176242.0
2025-06-23 09:00:00,0.11923,0.1226,0.11891,0.12179,24472250.0
2025-06-23 09:30:00,0.12181,0.12192,0.11911,0.11934,10651998.0
2025-06-23 10:00:00,0.11933,0.12152,0.11854,0.12104,10688294.0
2025-06-23 10:30:00,0.12104,0.12523,0.12104,0.12331,25379336.0
2025-06-23 11:00:00,0.12328,0.12334,0.12001,0.12021,15806473.0
2025-06-23 11:30:00,0.12023,0.12094,0.11908,0.12064,10435976.0
2025-06-23 12:00:00,0.12062,0.12078,0.11647,0.11698,19248539.0
2025-06-23 12:30:00,0.11702,0.11957,0.11676,0.11926,14448041.0
2025-06-23 13:00:00,0.11927,0.12099,0.11766,0.11824,14215407.0
2025-06-23 13:30:00,0.11823,0.12274,0.11772,0.12253,32220296.0
2025-06-23 14:00:00,0.12254,0.12429,0.12163,0.1232,18589267.0
2025-06-23 14:30:00,0.12315,0.12315,0.12048,0.121,12952303.0
2025-06-23 15:00:00,0.12096,0.1223,0.12071,0.12097,7834063.0
2025-06-23 15:30:00,0.12096,0.12205,0.12018,0.12023,9958787.0
2025-06-23 16:00:00,0.12026,0.12067,0.11803,0.11814,11370349.0
2025-06-23 16:30:00,0.11813,0.12032,0.11718,0.11878,14384907.0
2025-06-23 17:00:00,0.11875,0.12203,0.11799,0.12159,12535888.0
2025-06-23 17:30:00,0.12159,0.123,0.12128,0.12265,9067262.0
2025-06-23 18:00:00,0.12264,0.12338,0.12189,0.12256,9132120.0
2025-06-23 18:30:00,0.12261,0.12591,0.12251,0.1253,9758480.0
2025-06-23 19:00:00,0.12529,0.1264,0.12443,0.12519,8007832.0
2025-06-23 19:30:00,0.12521,0.12615,0.124,0.12577,9275068.0
2025-06-23 20:00:00,0.12576,0.12663,0.125,0.12591,6266625.0
2025-06-23 20:30:00,0.12591,0.126,0.12376,0.12442,6728785.0
2025-06-23 21:00:00,0.12442,0.13179,0.12428,0.13141,34420796.0
2025-06-23 21:30:00,0.13141,0.13534,0.13129,0.13256,25142404.0
2025-06-23 22:00:00,0.13257,0.13391,0.13008,0.131,17313631.0
2025-06-23 22:30:00,0.131,0.13367,0.13057,0.13288,11824893.0
2025-06-23 23:00:00,0.1329,0.13407,0.13181,0.13327,13863393.0
2025-06-23 23:30:00,0.13326,0.13881,0.1331,0.13678,25171833.0
2025-06-24 00:00:00,0.13672,0.145,0.13178,0.13359,84540161.0
2025-06-24 00:30:00,0.13358,0.13999,0.13253,0.1389,34251809.0
2025-06-24 01:00:00,0.13892,0.14485,0.13846,0.14333,28070196.0
2025-06-24 01:30:00,0.14333,0.14339,0.1393,0.14064,20622117.0
2025-06-24 02:00:00,0.14066,0.14146,0.13829,0.1395,16367597.0
2025-06-24 02:30:00,0.13954,0.14029,0.13517,0.13568,14557301.0
2025-06-24 03:00:00,0.13569,0.13924,0.13519,0.13818,13812418.0
2025-06-24 03:30:00,0.13818,0.13873,0.13591,0.13704,9296717.0
2025-06-24 04:00:00,0.137,0.13796,0.13433,0.13462,13637205.0
2025-06-24 04:30:00,0.13464,0.13473,0.13149,0.13184,17610714.0
2025-06-24 05:00:00,0.13184,0.13379,0.13135,0.13341,10740515.0
2025-06-24 05:30:00,0.13339,0.13413,0.132,0.1324,8661512.0
2025-06-24 06:00:00,0.13239,0.13242,0.12802,0.13051,19022919.0
2025-06-24 06:30:00,0.13051,0.13162,0.13016,0.13086,6877422.0
2025-06-24 07:00:00,0.13086,0.13278,0.13019,0.13235,12728230.0
2025-06-24 07:30:00,0.13235,0.13346,0.13115,0.13284,11735679.0
2025-06-24 08:00:00,0.13284,0.13284,0.12849,0.12927,15786981.0
2025-06-24 08:30:00,0.12929,0.12963,0.12816,0.12874,9352099.0
2025-06-24 09:00:00,0.12876,0.1314,0.12865,0.1309,11751269.0
2025-06-24 09:30:00,0.13086,0.13108,0.12807,0.12861,8455072.0
2025-06-24 10:00:00,0.12864,0.12869,0.12701,0.12732,6745206.0
2025-06-24 10:30:00,0.12733,0.12803,0.1253,0.12619,11667164.0
2025-06-24 11:00:00,0.12619,0.12713,0.12552,0.12685,6024463.0
2025-06-24 11:30:00,0.12685,0.1275,0.12629,0.12688,5907902.0
2025-06-24 12:00:00,0.12686,0.12787,0.12682,0.12727,4556336.0
2025-06-24 12:30:00,0.12726,0.12917,0.12709,0.12746,9331196.0
2025-06-24 13:00:00,0.12748,0.12885,0.12668,0.12734,5876009.0
2025-06-24 13:30:00,0.12734,0.12741,0.12521,0.12557,9263952.0
2025-06-24 14:00:00,0.12562,0.12813,0.12555,0.12798,9208086.0
2025-06-24 14:30:00,0.12802,0.12818,0.12574,0.12618,5774244.0
2025-06-24 15:00:00,0.12619,0.12725,0.12148,0.12341,18240580.0
2025-06-24 15:30:00,0.12334,0.12405,0.1223,0.124,7227089.0
2025-06-24 16:00:00,0.12395,0.12409,0.12263,0.1237,4142896.0
2025-06-24 16:30:00,0.1237,0.12418,0.12307,0.12401,3868115.0
2025-06-24 17:00:00,0.12404,0.12497,0.12308,0.1235,5640786.0
2025-06-24 17:30:00,0.12351,0.12435,0.12329,0.12354,4005702.0
2025-06-24 18:00:00,0.12354,0.12472,0.12334,0.12434,3527569.0
2025-06-24 18:30:00,0.12435,0.12453,0.1231,0.12343,1938571.0
2025-06-24 19:00:00,0.12346,0.12476,0.12346,0.12406,2889260.0
2025-06-24 19:30:00,0.12406,0.12464,0.12371,0.12379,2273704.0
2025-06-24 20:00:00,0.1238,0.12638,0.12357,0.12436,9230540.0
2025-06-24 20:30:00,0.12435,0.12465,0.12364,0.12411,2395604.0
2025-06-24 21:00:00,0.12411,0.12599,0.12411,0.12572,3832710.0
2025-06-24 21:30:00,0.12573,0.12705,0.12567,0.12591,4379600.0
2025-06-24 22:00:00,0.1259,0.12637,0.12376,0.1239,6459200.0
2025-06-24 22:30:00,0.12392,0.12507,0.12366,0.12458,3483459.0
2025-06-24 23:00:00,0.12458,0.12825,0.12454,0.12773,7350098.0
2025-06-24 23:30:00,0.12781,0.12784,0.12517,0.12623,6957348.0
2025-06-25 00:00:00,0.12621,0.13639,0.12255,0.1339,58342094.0
2025-06-25 00:30:00,0.13387,0.13516,0.13093,0.13203,29743482.0
2025-06-25 01:00:00,0.13203,0.13353,0.12592,0.12839,29029346.0
2025-06-25 01:30:00,0.12834,0.13043,0.12552,0.12718,17505464.0
2025-06-25 02:00:00,0.12718,0.13085,0.12547,0.12966,19563991.0
2025-06-25 02:30:00,0.12964,0.12968,0.12802,0.12836,10019129.0
2025-06-25 03:00:00,0.12836,0.13025,0.1281,0.12986,7171948.0
2025-06-25 03:30:00,0.12985,0.13006,0.12843,0.12948,4966795.0
2025-06-25 04:00:00,0.12945,0.12957,0.12638,0.12739,9535540.0
2025-06-25 04:30:00,0.12739,0.12809,0.12639,0.12743,4657704.0
2025-06-25 05:00:00,0.12748,0.12943,0.12716,0.12852,6065338.0
2025-06-25 05:30:00,0.12853,0.12878,0.12657,0.1267,4694177.0
2025-06-25 06:00:00,0.12671,0.12846,0.12639,0.1283,4117938.0
2025-06-25 06:30:00,0.1283,0.1283,0.12703,0.12711,2902274.0
2025-06-25 07:00:00,0.1271,0.12725,0.12597,0.12673,4058609.0
2025-06-25 07:30:00,0.12673,0.12688,0.12429,0.12573,7621976.0
2025-06-25 08:00:00,0.1257,0.12956,0.12542,0.12865,15727627.0
2025-06-25 08:30:00,0.12861,0.1289,0.12734,0.12759,5498923.0
2025-06-25 09:00:00,0.12759,0.12847,0.12625,0.12681,5613568.0
2025-06-25 09:30:00,0.1268,0.12886,0.12647,0.12837,4897242.0
2025-06-25 10:00:00,0.12837,0.13338,0.12777,0.13076,18253283.0
2025-06-25 10:30:00,0.13076,0.13443,0.12988,0.13338,12529528.0
2025-06-25 11:00:00,0.13336,0.13441,0.13215,0.13332,9620453.0
2025-06-25 11:30:00,0.13335,0.13464,0.13124,0.133,8733546.0
2025-06-25 12:00:00,0.13301,0.13321,0.13142,0.13158,6190400.0
2025-06-25 12:30:00,0.13162,0.13414,0.13109,0.1336,6192805.0
2025-06-25 13:00:00,0.1336,0.13384,0.13154,0.13188,7292204.0
2025-06-25 13:30:00,0.1319,0.13311,0.13174,0.13273,3183366.0
2025-06-25 14:00:00,0.13274,0.13384,0.13089,0.13334,7439377.0
2025-06-25 14:30:00,0.13334,0.13367,0.13178,0.13231,4855814.0
2025-06-25 15:00:00,0.13231,0.13255,0.1307,0.13093,4529188.0
2025-06-25 15:30:00,0.13091,0.13231,0.13073,0.13079,3238487.0
2025-06-25 16:00:00,0.13079,0.13094,0.12882,0.12975,8335441.0
2025-06-25 16:30:00,0.12975,0.13087,0.12918,0.13,3350630.0
2025-06-25 17:00:00,0.12997,0.13183,0.12958,0.13118,4447004.0
2025-06-25 17:30:00,0.13118,0.13141,0.12933,0.13005,2757084.0
2025-06-25 18:00:00,0.13007,0.13162,0.1298,0.13022,2106928.0
2025-06-25 18:30:00,0.13022,0.13094,0.13002,0.13023,1591484.0
2025-06-25 19:00:00,0.13024,0.13111,0.12979,0.13056,1811057.0
2025-06-25 19:30:00,0.13058,0.13078,0.12975,0.13016,1641089.0
2025-06-25 20:00:00,0.13016,0.13095,0.13,0.13045,1515385.0
2025-06-25 20:30:00,0.13046,0.13192,0.13046,0.13174,2423994.0
2025-06-25 21:00:00,0.13172,0.13188,0.13048,0.13055,2552664.0
2025-06-25 21:30:00,0.13056,0.13156,0.13017,0.13026,1813558.0
2025-06-25 22:00:00,0.13025,0.13057,0.12917,0.13057,4702769.0
2025-06-25 22:30:00,0.13058,0.13184,0.13012,0.13056,4376929.0
2025-06-25 23:00:00,0.13055,0.133,0.12972,0.13278,9102044.0
2025-06-25 23:30:00,0.13277,0.13522,0.13225,0.13493,11603809.0
2025-06-26 00:00:00,0.13493,0.1382,0.13248,0.13599,40431532.0
2025-06-26 00:30:00,0.13594,0.13623,0.13026,0.13397,18076589.0
2025-06-26 01:00:00,0.13396,0.13501,0.13187,0.13363,12637327.0
2025-06-26 01:30:00,0.1337,0.13458,0.13062,0.13109,8400084.0
2025-06-26 02:00:00,0.13109,0.13125,0.13041,0.13086,3939716.0
2025-06-26 02:30:00,0.13085,0.13268,0.13055,0.13221,6044174.0
2025-06-26 03:00:00,0.13221,0.13266,0.13108,0.13147,3793174.0
2025-06-26 03:30:00,0.13147,0.13178,0.13047,0.13133,2281714.0
2025-06-26 04:00:00,0.13132,0.13187,0.1295,0.13005,5304895.0
2025-06-26 04:30:00,0.13009,0.1302,0.12786,0.12927,5257666.0
2025-06-26 05:00:00,0.12926,0.12994,0.12836,0.1291,4015575.0
2025-06-26 05:30:00,0.12911,0.12992,0.12879,0.12981,1994876.0
2025-06-26 06:00:00,0.12981,0.1309,0.12965,0.13064,2891314.0
2025-06-26 06:30:00,0.13066,0.13452,0.12942,0.13405,10685271.0
2025-06-26 07:00:00,0.13407,0.13493,0.13279,0.13361,13171395.0
2025-06-26 07:30:00,0.13364,0.13382,0.13292,0.13362,4765643.0
2025-06-26 08:00:00,0.13361,0.13458,0.13312,0.13428,5295261.0
2025-06-26 08:30:00,0.1343,0.1345,0.13304,0.13332,4701034.0
2025-06-26 09:00:00,0.1333,0.13371,0.13065,0.13161,8225438.0
2025-06-26 09:30:00,0.13162,0.13253,0.12975,0.13016,5815087.0
2025-06-26 10:00:00,0.13016,0.13209,0.13011,0.13182,4255557.0
2025-06-26 10:30:00,0.13182,0.13195,0.13063,0.13117,2863156.0
2025-06-26 11:00:00,0.1312,0.13222,0.12976,0.12988,5403385.0
2025-06-26 11:30:00,0.12988,0.12989,0.12895,0.12919,3370950.0
2025-06-26 12:00:00,0.12916,0.13031,0.12736,0.12746,7474049.0
2025-06-26 12:30:00,0.12743,0.12743,0.12545,0.12596,6893498.0
2025-06-26 13:00:00,0.12596,0.12636,0.12453,0.12523,7059420.0
2025-06-26 13:30:00,0.12524,0.12609,0.12432,0.12467,4736751.0
2025-06-26 14:00:00,0.1247,0.1254,0.12413,0.12519,4528354.0
2025-06-26 14:30:00,0.12518,0.12582,0.12392,0.12417,4404014.0
2025-06-26 15:00:00,0.12419,0.1247,0.12265,0.12279,4859326.0
2025-06-26 15:30:00,0.12279,0.12453,0.12274,0.12385,5992316.0
2025-06-26 16:00:00,0.12383,0.1241,0.12212,0.12323,4596251.0
2025-06-26 16:30:00,0.12323,0.12326,0.12178,0.1222,2158381.0
2025-06-26 17:00:00,0.12222,0.12376,0.12213,0.1234,4241096.0
2025-06-26 17:30:00,0.12339,0.12339,0.12207,0.12221,2012271.0
2025-06-26 18:00:00,0.12219,0.1241,0.12212,0.12273,43521027.0
2025-06-26 18:30:00,0.12274,0.1232,0.12096,0.12206,6225388.0
2025-06-26 19:00:00,0.12206,0.12319,0.12155,0.12298,1692143.0
2025-06-26 19:30:00,0.12297,0.12397,0.12287,0.12382,2453894.0
2025-06-26 20:00:00,0.1238,0.12412,0.12278,0.12376,3451943.0
2025-06-26 20:30:00,0.12378,0.12427,0.1232,0.12411,3185060.0
2025-06-26 21:00:00,0.12408,0.12448,0.12334,0.12414,2619188.0
2025-06-26 21:30:00,0.12414,0.12513,0.12388,0.12497,3399801.0
2025-06-26 22:00:00,0.12495,0.12617,0.12445,0.12585,3879665.0
2025-06-26 22:30:00,0.12585,0.12593,0.12394,0.12444,3517443.0
2025-06-26 23:00:00,0.12443,0.12561,0.12402,0.12501,3908277.0
2025-06-26 23:30:00,0.12502,0.12502,0.12426,0.12452,3032586.0
2025-06-27 00:00:00,0.12448,0.12913,0.1216,0.12234,34817976.0
2025-06-27 00:30:00,0.12234,0.1247,0.12176,0.12302,13202738.0
2025-06-27 01:00:00,0.12301,0.12497,0.12211,0.12369,6209874.0
2025-06-27 01:30:00,0.1237,0.12371,0.1226,0.12288,2384064.0
2025-06-27 02:00:00,0.12289,0.12476,0.12289,0.12418,3566792.0
2025-06-27 02:30:00,0.1242,0.12437,0.12336,0.12367,2267160.0
2025-06-27 03:00:00,0.12367,0.1246,0.12309,0.12453,2517765.0
2025-06-27 03:30:00,0.12454,0.128,0.12452,0.1267,8716551.0
2025-06-27 04:00:00,0.12669,0.1275,0.12591,0.12604,6026058.0
2025-06-27 04:30:00,0.12608,0.12671,0.1251,0.12635,5620425.0
2025-06-27 05:00:00,0.12637,0.12664,0.12567,0.12615,4033396.0
2025-06-27 05:30:00,0.12613,0.12681,0.12521,0.12524,3282247.0
2025-06-27 06:00:00,0.12524,0.12537,0.12363,0.12381,5310081.0
2025-06-27 06:30:00,0.12382,0.12494,0.12367,0.12482,4001716.0
2025-06-27 07:00:00,0.12484,0.12584,0.12449,0.12532,2883598.0
2025-06-27 07:30:00,0.1253,0.12544,0.12365,0.12514,3750284.0
2025-06-27 08:00:00,0.12515,0.12518,0.12345,0.12373,2610636.0
2025-06-27 08:30:00,0.12373,0.12507,0.12371,0.12474,2086039.0
2025-06-27 09:00:00,0.12476,0.12549,0.12432,0.12469,1971178.0
2025-06-27 09:30:00,0.1247,0.12541,0.12447,0.12536,1765213.0
2025-06-27 10:00:00,0.12537,0.12559,0.12469,0.12494,1683887.0
2025-06-27 10:30:00,0.12496,0.12637,0.12485,0.12595,1966245.0
2025-06-27 11:00:00,0.12595,0.12604,0.12473,0.1253,1794577.0
2025-06-27 11:30:00,0.1253,0.12629,0.12496,0.12606,1467257.0
2025-06-27 12:00:00,0.12606,0.12699,0.12571,0.12645,3276876.0
2025-06-27 12:30:00,0.12648,0.12651,0.12498,0.12517,4564907.0
2025-06-27 13:00:00,0.12515,0.12613,0.12478,0.12496,2124227.0
2025-06-27 13:30:00,0.12494,0.12556,0.12422,0.12503,2208355.0
2025-06-27 14:00:00,0.12504,0.12639,0.12502,0.1262,2390952.0
2025-06-27 14:30:00,0.12622,0.12648,0.12483,0.12508,3006765.0
2025-06-27 15:00:00,0.12508,0.12515,0.12372,0.12487,3097678.0
2025-06-27 15:30:00,0.12487,0.1261,0.12432,0.12549,2823056.0
2025-06-27 16:00:00,0.12545,0.12634,0.12485,0.12634,2449973.0
2025-06-27 16:30:00,0.12634,0.12741,0.12634,0.12656,3088230.0
2025-06-27 17:00:00,0.12656,0.12679,0.12573,0.12576,1612677.0
2025-06-27 17:30:00,0.12578,0.12631,0.12544,0.12584,1459076.0
2025-06-27 18:00:00,0.12584,0.12612,0.1249,0.1249,1168075.0
2025-06-27 18:30:00,0.12491,0.12523,0.12428,0.12471,1463697.0
2025-06-27 19:00:00,0.1247,0.12519,0.12452,0.12488,724192.0
2025-06-27 19:30:00,0.12488,0.12501,0.1244,0.12491,650615.0
2025-06-27 20:00:00,0.12491,0.12549,0.12451,0.12514,1466936.0
2025-06-27 20:30:00,0.12512,0.12613,0.12486,0.12585,1104179.0
2025-06-27 21:00:00,0.12589,0.12719,0.12579,0.12614,2966894.0
2025-06-27 21:30:00,0.12613,0.12618,0.12521,0.12589,1667165.0
2025-06-27 22:00:00,0.1259,0.12608,0.1253,0.12558,1569828.0
2025-06-27 22:30:00,0.12559,0.12579,0.12472,0.12532,2851171.0
2025-06-27 23:00:00,0.12531,0.12618,0.12514,0.12571,1811586.0
2025-06-27 23:30:00,0.12573,0.12647,0.12555,0.12637,1488858.0
2025-06-28 00:00:00,0.12638,0.12949,0.1241,0.12473,36733076.0
2025-06-28 00:30:00,0.12471,0.12537,0.1235,0.12399,7141995.0
2025-06-28 01:00:00,0.12397,0.12735,0.12314,0.12648,11206213.0
2025-06-28 01:30:00,0.1265,0.12684,0.12524,0.12546,4857207.0
2025-06-28 02:00:00,0.12546,0.12562,0.12451,0.12504,2859393.0
2025-06-28 02:30:00,0.12503,0.12552,0.12439,0.1253,2452532.0
2025-06-28 03:00:00,0.12529,0.12609,0.125,0.12572,1447497.0
2025-06-28 03:30:00,0.12572,0.12577,0.12512,0.12536,1610765.0
2025-06-28 04:00:00,0.12535,0.12578,0.1248,0.1248,1581867.0
2025-06-28 04:30:00,0.1248,0.12525,0.1247,0.12471,746858.0
2025-06-28 05:00:00,0.12471,0.1254,0.12466,0.12511,971859.0
2025-06-28 05:30:00,0.12511,0.12517,0.12464,0.12482,757022.0
2025-06-28 06:00:00,0.12482,0.12559,0.12472,0.12489,1639055.0
2025-06-28 06:30:00,0.12489,0.12502,0.12394,0.12459,1835560.0
2025-06-28 07:00:00,0.12462,0.12477,0.12416,0.12426,1303596.0
2025-06-28 07:30:00,0.12426,0.1247,0.12405,0.12425,1473178.0
2025-06-28 08:00:00,0.12424,0.12452,0.12375,0.12418,1755341.0
2025-06-28 08:30:00,0.12421,0.12432,0.12371,0.1238,808983.0
2025-06-28 09:00:00,0.1238,0.12396,0.12306,0.12374,1914454.0
2025-06-28 09:30:00,0.12374,0.12413,0.12349,0.124,893293.0
2025-06-28 10:00:00,0.12401,0.12496,0.12399,0.12492,931493.0
2025-06-28 10:30:00,0.12493,0.12526,0.12474,0.12479,880053.0
2025-06-28 11:00:00,0.12479,0.12505,0.12424,0.12474,1353643.0
2025-06-28 11:30:00,0.12474,0.12489,0.12405,0.12451,1306763.0
2025-06-28 12:00:00,0.12451,0.12459,0.12365,0.12377,1787829.0
2025-06-28 12:30:00,0.12374,0.12455,0.12348,0.12411,2157047.0
2025-06-28 13:00:00,0.12411,0.12464,0.12368,0.12402,1164077.0
2025-06-28 13:30:00,0.12403,0.12415,0.12329,0.12333,1254819.0
2025-06-28 14:00:00,0.12333,0.12388,0.12328,0.12363,1157335.0
2025-06-28 14:30:00,0.12362,0.12417,0.1235,0.12377,1141559.0
2025-06-28 15:00:00,0.12377,0.12418,0.12359,0.12387,718051.0
2025-06-28 15:30:00,0.12387,0.12516,0.12387,0.12498,2257032.0
2025-06-28 16:00:00,0.12498,0.12565,0.1247,0.12493,3119322.0
2025-06-28 16:30:00,0.12493,0.12507,0.124,0.12406,1125871.0
2025-06-28 17:00:00,0.12406,0.12441,0.12363,0.12377,879351.0
2025-06-28 17:30:00,0.12378,0.12476,0.12367,0.12452,1647549.0
2025-06-28 18:00:00,0.12452,0.12458,0.12364,0.12405,1084783.0
2025-06-28 18:30:00,0.12403,0.12457,0.12395,0.12423,880105.0
2025-06-28 19:00:00,0.12424,0.12481,0.12413,0.12459,669619.0
2025-06-28 19:30:00,0.1246,0.12464,0.12378,0.12392,838030.0
2025-06-28 20:00:00,0.12392,0.12445,0.12347,0.12386,1862996.0
2025-06-28 20:30:00,0.12386,0.12391,0.12354,0.12367,675564.0
2025-06-28 21:00:00,0.12366,0.1247,0.12365,0.12441,1125804.0
2025-06-28 21:30:00,0.12442,0.12481,0.12407,0.12479,1321430.0
2025-06-28 22:00:00,0.12478,0.12556,0.12433,0.12546,2899249.0
2025-06-28 22:30:00,0.1255,0.12557,0.12477,0.12511,2006473.0
2025-06-28 23:00:00,0.12513,0.12969,0.12508,0.128,15138063.0
2025-06-28 23:30:00,0.12799,0.12799,0.12611,0.1269,3978341.0
2025-06-29 00:00:00,0.1269,0.13469,0.12573,0.13004,51140582.0
2025-06-29 00:30:00,0.13,0.13027,0.12775,0.12791,7586553.0
2025-06-29 01:00:00,0.12791,0.1324,0.12774,0.13178,19134906.0
2025-06-29 01:30:00,0.13176,0.13262,0.1311,0.13177,7121355.0
2025-06-29 02:00:00,0.13178,0.13185,0.12867,0.13136,10686909.0
2025-06-29 02:30:00,0.13135,0.13256,0.1304,0.13223,5866044.0
2025-06-29 03:00:00,0.13222,0.1332,0.13119,0.13252,6500176.0
2025-06-29 03:30:00,0.13252,0.1333,0.13193,0.13224,3720472.0
2025-06-29 04:00:00,0.13222,0.1328,0.13104,0.1313,3120080.0
2025-06-29 04:30:00,0.1313,0.13269,0.13119,0.13199,3186771.0
2025-06-29 05:00:00,0.13199,0.13259,0.13103,0.13114,2484126.0
2025-06-29 05:30:00,0.13115,0.13182,0.13048,0.13083,2748666.0
2025-06-29 06:00:00,0.13084,0.13188,0.13007,0.13065,3647034.0
2025-06-29 06:30:00,0.13068,0.13086,0.12933,0.13023,3841414.0
2025-06-29 07:00:00,0.13024,0.1316,0.13001,0.13145,3938159.0
2025-06-29 07:30:00,0.13142,0.13304,0.1296,0.13054,7711975.0
2025-06-29 08:00:00,0.13054,0.13184,0.12865,0.12943,9222757.0
2025-06-29 08:30:00,0.12943,0.13007,0.12912,0.12987,2730921.0
2025-06-29 09:00:00,0.12987,0.13095,0.12963,0.13043,4791146.0
2025-06-29 09:30:00,0.1304,0.13052,0.12975,0.13014,2822774.0
2025-06-29 10:00:00,0.13013,0.1304,0.1296,0.12977,2943268.0
2025-06-29 10:30:00,0.12978,0.13033,0.12965,0.12977,2939855.0
2025-06-29 11:00:00,0.12977,0.13009,0.12954,0.12963,1552472.0
2025-06-29 11:30:00,0.12964,0.13129,0.12963,0.12968,3970121.0
2025-06-29 12:00:00,0.12972,0.1298,0.1292,0.12927,1743377.0
2025-06-29 12:30:00,0.12925,0.12943,0.1286,0.12908,3201309.0
2025-06-29 13:00:00,0.12909,0.12936,0.12863,0.12903,1745735.0
2025-06-29 13:30:00,0.12903,0.12909,0.12786,0.12813,2664590.0
2025-06-29 14:00:00,0.12816,0.12867,0.12804,0.12836,2266484.0
2025-06-29 14:30:00,0.12837,0.12847,0.12768,0.1277,2050054.0
2025-06-29 15:00:00,0.12778,0.1282,0.12684,0.12715,3588733.0
2025-06-29 15:30:00,0.12715,0.12765,0.127,0.12736,1966144.0
2025-06-29 16:00:00,0.12735,0.12802,0.12724,0.12782,1209811.0
2025-06-29 16:30:00,0.12782,0.12811,0.12749,0.12805,811297.0
2025-06-29 17:00:00,0.12806,0.12825,0.12751,0.12765,762292.0
2025-06-29 17:30:00,0.12764,0.1279,0.12753,0.12758,813012.0
2025-06-29 18:00:00,0.12757,0.12837,0.12747,0.12814,845074.0
2025-06-29 18:30:00,0.12815,0.12821,0.12769,0.12784,1007633.0
2025-06-29 19:00:00,0.12784,0.12803,0.12742,0.12795,1114918.0
2025-06-29 19:30:00,0.12795,0.12795,0.12749,0.12786,807989.0
2025-06-29 20:00:00,0.12786,0.12786,0.12728,0.12741,714045.0
2025-06-29 20:30:00,0.12741,0.12764,0.12722,0.12751,687304.0
2025-06-29 21:00:00,0.12752,0.12793,0.12704,0.12751,2022979.0
2025-06-29 21:30:00,0.12748,0.12868,0.12744,0.12803,3189088.0
2025-06-29 22:00:00,0.12804,0.12996,0.12804,0.12954,3400006.0
2025-06-29 22:30:00,0.12954,0.12994,0.12872,0.1297,4878518.0
2025-06-29 23:00:00,0.12971,0.1303,0.12924,0.12985,3344074.0
2025-06-29 23:30:00,0.12986,0.13058,0.1293,0.13043,2887661.0
2025-06-30 00:00:00,0.13043,0.13174,0.12787,0.12833,17348442.0
2025-06-30 00:30:00,0.12833,0.12865,0.12765,0.12798,3441213.0
2025-06-30 01:00:00,0.12799,0.12823,0.1274,0.12811,2665072.0
2025-06-30 01:30:00,0.12814,0.12814,0.12735,0.12754,1461961.0
2025-06-30 02:00:00,0.12753,0.12757,0.12689,0.12705,1712646.0
2025-06-30 02:30:00,0.12703,0.12706,0.12485,0.12673,7288645.0
2025-06-30 03:00:00,0.12673,0.12713,0.12628,0.12642,2715885.0
2025-06-30 03:30:00,0.12644,0.12679,0.12604,0.1264,2475417.0
2025-06-30 04:00:00,0.12639,0.12639,0.12585,0.12631,1871542.0
2025-06-30 04:30:00,0.1263,0.1263,0.12564,0.12583,1587431.0
2025-06-30 05:00:00,0.12582,0.12633,0.12572,0.1258,778790.0
2025-06-30 05:30:00,0.12579,0.12598,0.12554,0.12584,977767.0
2025-06-30 06:00:00,0.12586,0.12603,0.12543,0.12568,1407272.0
2025-06-30 06:30:00,0.12567,0.12584,0.12468,0.12515,4165792.0
2025-06-30 07:00:00,0.12512,0.12563,0.12475,0.12541,1996687.0
2025-06-30 07:30:00,0.12541,0.12598,0.12524,0.12568,1718094.0
2025-06-30 08:00:00,0.12568,0.12577,0.125,0.12529,2051603.0
2025-06-30 08:30:00,0.12527,0.12553,0.12481,0.12487,1804165.0
2025-06-30 09:00:00,0.12487,0.12541,0.12477,0.12521,2200105.0
2025-06-30 09:30:00,0.12518,0.1254,0.12448,0.1245,2349965.0
2025-06-30 10:00:00,0.12451,0.12464,0.12296,0.12415,5113039.0
2025-06-30 10:30:00,0.12412,0.12473,0.12386,0.12456,1876846.0
2025-06-30 11:00:00,0.12448,0.12495,0.12414,0.12463,949376.0
2025-06-30 11:30:00,0.12464,0.12518,0.12432,0.12464,1119011.0
2025-06-30 12:00:00,0.12465,0.12529,0.12402,0.12421,1746503.0
2025-06-30 12:30:00,0.1242,0.12425,0.1233,0.12374,2453729.0
2025-06-30 13:00:00,0.12374,0.12423,0.12354,0.12398,973486.0
2025-06-30 13:30:00,0.12396,0.12396,0.12201,0.12235,5152583.0
2025-06-30 14:00:00,0.12235,0.12241,0.12118,0.12171,5207281.0
2025-06-30 14:30:00,0.12171,0.12224,0.12101,0.12131,2749857.0
2025-06-30 15:00:00,0.12135,0.12212,0.12068,0.12198,2919199.0
2025-06-30 15:30:00,0.12197,0.12235,0.12132,0.12153,2644524.0
2025-06-30 16:00:00,0.12153,0.12214,0.12128,0.12208,1497548.0
2025-06-30 16:30:00,0.12206,0.12206,0.12139,0.12171,1529436.0
2025-06-30 17:00:00,0.12171,0.12199,0.12158,0.12169,818824.0
2025-06-30 17:30:00,0.12169,0.12169,0.12075,0.12114,1125635.0
2025-06-30 18:00:00,0.12113,0.12135,0.12073,0.12074,563924.0
2025-06-30 18:30:00,0.12074,0.12117,0.12028,0.12099,1273544.0
2025-06-30 19:00:00,0.12099,0.12175,0.12099,0.12164,863794.0
2025-06-30 19:30:00,0.12164,0.12191,0.12126,0.12181,980238.0
2025-06-30 20:00:00,0.12181,0.12181,0.1212,0.12125,776575.0
2025-06-30 20:30:00,0.12126,0.12142,0.12093,0.12098,342312.0
2025-06-30 21:00:00,0.12099,0.1212,0.12067,0.12076,810860.0
2025-06-30 21:30:00,0.12081,0.12086,0.11939,0.12,2109663.0
2025-06-30 22:00:00,0.12,0.1206,0.11995,0.12025,1429996.0
2025-06-30 22:30:00,0.12027,0.12059,0.12001,0.12031,1367382.0
2025-06-30 23:00:00,0.12031,0.12233,0.12031,0.12147,5664982.0
2025-06-30 23:30:00,0.12146,0.1216,0.12071,0.12143,2733026.0
2025-07-01 00:00:00,0.12142,0.12145,0.1185,0.11873,14071799.0
2025-07-01 00:30:00,0.11874,0.11886,0.11657,0.1179,8619987.0
2025-07-01 01:00:00,0.11789,0.11867,0.11759,0.11851,2054036.0
2025-07-01 01:30:00,0.11851,0.11857,0.11677,0.1173,2970168.0
2025-07-01 02:00:00,0.1173,0.11777,0.11729,0.1177,1226233.0
2025-07-01 02:30:00,0.1177,0.11813,0.11754,0.11779,1302975.0
2025-07-01 03:00:00,0.1178,0.11822,0.11707,0.11757,2323949.0
2025-07-01 03:30:00,0.11757,0.11777,0.11466,0.11524,11918378.0
2025-07-01 04:00:00,0.11526,0.11582,0.11434,0.11481,6609856.0
2025-07-01 04:30:00,0.11483,0.11606,0.11475,0.11548,3850839.0
2025-07-01 05:00:00,0.11548,0.11556,0.11469,0.11485,2770019.0
2025-07-01 05:30:00,0.11486,0.11641,0.11486,0.11629,2535677.0
2025-07-01 06:00:00,0.11628,0.11669,0.11589,0.11609,2153293.0
2025-07-01 06:30:00,0.11609,0.11626,0.11574,0.11602,1415694.0
2025-07-01 07:00:00,0.11601,0.11619,0.11518,0.11593,1172207.0
2025-07-01 07:30:00,0.11593,0.11622,0.11574,0.11615,1256060.0
2025-07-01 08:00:00,0.11615,0.11705,0.11578,0.11593,2519103.0
2025-07-01 08:30:00,0.11593,0.116,0.1153,0.11593,2396938.0
2025-07-01 09:00:00,0.1159,0.11671,0.11555,0.11642,1797225.0
2025-07-01 09:30:00,0.11642,0.117,0.11633,0.11698,1696584.0
2025-07-01 10:00:00,0.11696,0.11734,0.11655,0.11689,1841862.0
2025-07-01 10:30:00,0.11689,0.11712,0.11621,0.11666,1150806.0
2025-07-01 11:00:00,0.11667,0.11667,0.11606,0.11633,985869.0
2025-07-01 11:30:00,0.11634,0.11644,0.11593,0.11617,708131.0
2025-07-01 12:00:00,0.11618,0.11699,0.11591,0.11605,3053591.0
2025-07-01 12:30:00,0.11605,0.11643,0.11574,0.11634,1210247.0
2025-07-01 13:00:00,0.11635,0.11665,0.11603,0.11653,1978494.0
2025-07-01 13:30:00,0.11653,0.117,0.11614,0.11683,1266345.0
2025-07-01 14:00:00,0.11683,0.11716,0.1161,0.1162,1064086.0
2025-07-01 14:30:00,0.11621,0.11694,0.11597,0.11686,1676146.0
2025-07-01 15:00:00,0.11684,0.11703,0.1162,0.11627,2333923.0
2025-07-01 15:30:00,0.11627,0.11638,0.11561,0.11596,1022453.0
2025-07-01 16:00:00,0.11596,0.11642,0.11554,0.1163,2185558.0
2025-07-01 16:30:00,0.11629,0.11672,0.11613,0.11635,977969.0
2025-07-01 17:00:00,0.11636,0.11642,0.11567,0.116,326366.0
2025-07-01 17:30:00,0.11601,0.11604,0.11545,0.11565,607858.0
2025-07-01 18:00:00,0.11564,0.11572,0.11441,0.11449,2566520.0
2025-07-01 18:30:00,0.11449,0.11472,0.11404,0.11435,1657462.0
2025-07-01 19:00:00,0.11434,0.11514,0.11419,0.11498,944676.0
2025-07-01 19:30:00,0.11497,0.11525,0.1149,0.11495,538527.0
2025-07-01 20:00:00,0.11494,0.11515,0.11466,0.11466,914837.0
2025-07-01 20:30:00,0.11467,0.11487,0.11455,0.11458,673236.0
2025-07-01 21:00:00,0.11456,0.115,0.11448,0.11478,868373.0
2025-07-01 21:30:00,0.11476,0.11477,0.1142,0.11426,795809.0
2025-07-01 22:00:00,0.11426,0.11446,0.11359,0.11376,1311134.0
2025-07-01 22:30:00,0.11373,0.11401,0.1136,0.1136,950529.0
2025-07-01 23:00:00,0.1136,0.11381,0.11324,0.11374,1603140.0
2025-07-01 23:30:00,0.11372,0.11443,0.11367,0.11428,1169926.0
2025-07-02 00:00:00,0.11428,0.11695,0.11119,0.11258,35968602.0
2025-07-02 00:30:00,0.11261,0.11357,0.11193,0.11254,3114965.0
2025-07-02 01:00:00,0.11253,0.11772,0.11246,0.11615,20683028.0
2025-07-02 01:30:00,0.11617,0.11719,0.11434,0.11441,11153559.0
2025-07-02 02:00:00,0.1144,0.11447,0.11337,0.11371,4522351.0
2025-07-02 02:30:00,0.11369,0.11457,0.11361,0.11401,3528437.0
2025-07-02 03:00:00,0.114,0.11489,0.11306,0.11464,5232326.0
2025-07-02 03:30:00,0.11465,0.11608,0.11368,0.11604,8246000.0
2025-07-02 04:00:00,0.11601,0.11704,0.11518,0.11605,6882296.0
2025-07-02 04:30:00,0.11611,0.11665,0.11575,0.11627,3261963.0
2025-07-02 05:00:00,0.11627,0.11648,0.11581,0.11594,2156870.0
2025-07-02 05:30:00,0.11594,0.11602,0.11487,0.11547,2064043.0
2025-07-02 06:00:00,0.11548,0.11619,0.11512,0.11518,2378038.0
2025-07-02 06:30:00,0.11518,0.11597,0.11516,0.11545,2405317.0
2025-07-02 07:00:00,0.11545,0.11563,0.1146,0.11498,1528629.0
2025-07-02 07:30:00,0.11498,0.11542,0.11468,0.11494,1518189.0
2025-07-02 08:00:00,0.11494,0.11541,0.11449,0.11535,1841593.0
2025-07-02 08:30:00,0.11536,0.11658,0.1152,0.11612,4236145.0
2025-07-02 09:00:00,0.11613,0.11623,0.11555,0.11585,1681297.0
2025-07-02 09:30:00,0.11586,0.11609,0.1156,0.11583,991060.0
2025-07-02 10:00:00,0.11583,0.11686,0.1158,0.11659,1783882.0
2025-07-02 10:30:00,0.11659,0.11692,0.1163,0.11666,1377846.0
2025-07-02 11:00:00,0.11664,0.11767,0.1165,0.1171,3042961.0
2025-07-02 11:30:00,0.11708,0.11722,0.11585,0.11626,2872506.0
2025-07-02 12:00:00,0.11626,0.11635,0.11556,0.116,2241816.0
2025-07-02 12:30:00,0.11602,0.11738,0.11579,0.11708,2291281.0
2025-07-02 13:00:00,0.11712,0.11739,0.11688,0.11739,1817918.0
2025-07-02 13:30:00,0.11735,0.11747,0.11705,0.11742,1625325.0
2025-07-02 14:00:00,0.11741,0.11842,0.11735,0.11747,2914651.0
2025-07-02 14:30:00,0.1175,0.11792,0.11745,0.11765,2064227.0
2025-07-02 15:00:00,0.11767,0.11859,0.11767,0.11812,2857930.0
2025-07-02 15:30:00,0.11811,0.11859,0.11769,0.11789,1955059.0
2025-07-02 16:00:00,0.1179,0.12134,0.11779,0.12008,7464026.0
2025-07-02 16:30:00,0.12009,0.12051,0.11961,0.12019,2273594.0
2025-07-02 17:00:00,0.12019,0.12082,0.11985,0.12016,3403489.0
2025-07-02 17:30:00,0.12015,0.12025,0.11933,0.12003,2301642.0
2025-07-02 18:00:00,0.12006,0.12009,0.11929,0.11959,1845625.0
2025-07-02 18:30:00,0.11959,0.1199,0.11945,0.11972,839776.0
2025-07-02 19:00:00,0.11973,0.12011,0.11963,0.11971,878980.0
2025-07-02 19:30:00,0.11972,0.11978,0.11901,0.11947,1384282.0
2025-07-02 20:00:00,0.11946,0.11965,0.11903,0.11963,2267962.0
2025-07-02 20:30:00,0.11963,0.11963,0.11883,0.11916,1682846.0
2025-07-02 21:00:00,0.11915,0.11965,0.11907,0.11939,711256.0
2025-07-02 21:30:00,0.1194,0.1194,0.11873,0.1189,1115052.0
2025-07-02 22:00:00,0.1189,0.11947,0.11888,0.1192,1303162.0
2025-07-02 22:30:00,0.11918,0.11936,0.11887,0.11929,1385510.0
2025-07-02 23:00:00,0.11931,0.11953,0.11877,0.11902,1761535.0
2025-07-02 23:30:00,0.11903,0.11922,0.1183,0.11852,1499713.0
2025-07-03 00:00:00,0.11853,0.12319,0.11737,0.12125,23092353.0
2025-07-03 00:30:00,0.12125,0.12459,0.11972,0.12216,31679295.0
2025-07-03 01:00:00,0.12213,0.12228,0.12031,0.12082,10119776.0
2025-07-03 01:30:00,0.12081,0.12142,0.12034,0.12101,4202690.0
2025-07-03 02:00:00,0.12101,0.12106,0.11974,0.11987,3074821.0
2025-07-03 02:30:00,0.11987,0.12058,0.11987,0.12053,1013592.0
2025-07-03 03:00:00,0.12052,0.12053,0.118,0.1184,7455525.0
2025-07-03 03:30:00,0.11842,0.1187,0.11757,0.11769,2385091.0
2025-07-03 04:00:00,0.11771,0.1186,0.1177,0.11832,1572918.0
2025-07-03 04:30:00,0.11833,0.11874,0.11804,0.11873,1440144.0
2025-07-03 05:00:00,0.11874,0.11923,0.11806,0.11879,2807564.0
2025-07-03 05:30:00,0.11875,0.11926,0.11841,0.11907,2155083.0
2025-07-03 06:00:00,0.11907,0.11938,0.11842,0.11938,1853453.0
2025-07-03 06:30:00,0.11935,0.11944,0.11899,0.11924,908303.0
2025-07-03 07:00:00,0.11922,0.11948,0.1189,0.11905,679911.0
2025-07-03 07:30:00,0.11904,0.11904,0.11849,0.11881,1523331.0
2025-07-03 08:00:00,0.11882,0.11915,0.11766,0.11825,3368725.0
2025-07-03 08:30:00,0.11824,0.11879,0.11782,0.11821,1542553.0
2025-07-03 09:00:00,0.11821,0.11839,0.11795,0.11804,1441590.0
2025-07-03 09:30:00,0.11803,0.11886,0.11799,0.11846,1659370.0
2025-07-03 10:00:00,0.11848,0.11857,0.11787,0.11792,1348364.0
2025-07-03 10:30:00,0.11792,0.1181,0.11771,0.11784,1338257.0
2025-07-03 11:00:00,0.11785,0.11799,0.11736,0.11736,882420.0
2025-07-03 11:30:00,0.11737,0.1179,0.11721,0.11764,857479.0
2025-07-03 12:00:00,0.11765,0.11812,0.11754,0.11812,1362080.0
2025-07-03 12:30:00,0.11814,0.11859,0.11642,0.11733,3626879.0
2025-07-03 13:00:00,0.11732,0.11778,0.11711,0.11714,1483333.0
2025-07-03 13:30:00,0.11714,0.11831,0.11714,0.11799,2554540.0
2025-07-03 14:00:00,0.11802,0.11819,0.1174,0.11761,1824655.0
2025-07-03 14:30:00,0.11761,0.11787,0.11717,0.11739,1634653.0
2025-07-03 15:00:00,0.11737,0.11739,0.11612,0.11614,2233874.0
2025-07-03 15:30:00,0.11613,0.11631,0.11514,0.11532,2896801.0
2025-07-03 16:00:00,0.11533,0.11618,0.11527,0.11597,1456766.0
2025-07-03 16:30:00,0.11596,0.11622,0.11558,0.11594,1350277.0
2025-07-03 17:00:00,0.11595,0.11626,0.11583,0.11599,686901.0
2025-07-03 17:30:00,0.116,0.11627,0.11598,0.11612,335038.0
2025-07-03 18:00:00,0.11614,0.11649,0.11586,0.11607,730095.0
2025-07-03 18:30:00,0.11607,0.11619,0.11577,0.11591,779384.0
2025-07-03 19:00:00,0.11591,0.11628,0.1158,0.11628,770917.0
2025-07-03 19:30:00,0.11628,0.11649,0.11599,0.11625,994244.0
2025-07-03 20:00:00,0.11626,0.11664,0.11623,0.11646,457214.0
2025-07-03 20:30:00,0.11646,0.11651,0.11627,0.11638,632237.0
2025-07-03 21:00:00,0.11639,0.11649,0.11598,0.11608,406729.0
2025-07-03 21:30:00,0.11608,0.11644,0.11604,0.11642,413404.0
2025-07-03 22:00:00,0.1164,0.11711,0.11635,0.11681,1110680.0
2025-07-03 22:30:00,0.11679,0.11755,0.11675,0.11707,1349817.0
2025-07-03 23:00:00,0.11706,0.11759,0.11704,0.11716,647761.0
2025-07-03 23:30:00,0.11714,0.11742,0.11683,0.11714,1099238.0
2025-07-04 00:00:00,0.11714,0.11732,0.11627,0.11643,2138479.0
2025-07-04 00:30:00,0.11643,0.11753,0.11611,0.11637,1820479.0
2025-07-04 01:00:00,0.11634,0.11683,0.1155,0.11586,2335211.0
2025-07-04 01:30:00,0.11585,0.1161,0.11537,0.11557,2062122.0
2025-07-04 02:00:00,0.11558,0.11618,0.11554,0.11605,1636095.0
2025-07-04 02:30:00,0.11605,0.11605,0.11485,0.11525,1943408.0
2025-07-04 03:00:00,0.11525,0.11554,0.11501,0.11543,1177644.0
2025-07-04 03:30:00,0.11544,0.1156,0.11524,0.11555,512168.0
2025-07-04 04:00:00,0.11556,0.11658,0.11537,0.11611,1569136.0
2025-07-04 04:30:00,0.1161,0.1161,0.11535,0.11548,852507.0
2025-07-04 05:00:00,0.11549,0.11612,0.1154,0.11612,712578.0
2025-07-04 05:30:00,0.11611,0.11637,0.11561,0.11573,908812.0
2025-07-04 06:00:00,0.11573,0.11578,0.11465,0.11489,1635514.0
2025-07-04 06:30:00,0.11488,0.11509,0.11427,0.11466,1371082.0
2025-07-04 07:00:00,0.11468,0.11477,0.11388,0.11416,1507491.0
2025-07-04 07:30:00,0.11416,0.11422,0.1134,0.11398,2268777.0
2025-07-04 08:00:00,0.11399,0.11399,0.11291,0.1139,2524709.0
2025-07-04 08:30:00,0.11389,0.11464,0.1138,0.11456,1676528.0
2025-07-04 09:00:00,0.11455,0.11485,0.1143,0.1145,1293382.0
2025-07-04 09:30:00,0.11449,0.11474,0.11387,0.11471,1415654.0
2025-07-04 10:00:00,0.11471,0.11477,0.11451,0.1147,446402.0
2025-07-04 10:30:00,0.11469,0.11487,0.11455,0.11477,621308.0
2025-07-04 11:00:00,0.11477,0.11522,0.11464,0.11499,1371367.0
2025-07-04 11:30:00,0.11501,0.11539,0.11486,0.11535,739969.0
2025-07-04 12:00:00,0.11536,0.11542,0.11471,0.11541,1054221.0
2025-07-04 12:30:00,0.11539,0.11588,0.11514,0.11559,2444048.0
2025-07-04 13:00:00,0.11558,0.11601,0.11476,0.1149,2046740.0
2025-07-04 13:30:00,0.1149,0.11508,0.11417,0.11463,1889044.0
2025-07-04 14:00:00,0.11462,0.1148,0.11336,0.11396,3102755.0
2025-07-04 14:30:00,0.11396,0.11399,0.11333,0.11336,644605.0
2025-07-04 15:00:00,0.11339,0.11348,0.11261,0.11282,1300289.0
2025-07-04 15:30:00,0.1128,0.1131,0.11269,0.11279,453767.0
2025-07-04 16:00:00,0.11282,0.11298,0.11206,0.11223,1466571.0
2025-07-04 16:30:00,0.11222,0.11259,0.1117,0.11251,1095952.0
2025-07-04 17:00:00,0.11251,0.1129,0.11204,0.11217,1080304.0
2025-07-04 17:30:00,0.11217,0.11248,0.11204,0.11238,400682.0
2025-07-04 18:00:00,0.11238,0.11241,0.11194,0.112,286312.0
2025-07-04 18:30:00,0.112,0.1124,0.112,0.11236,302300.0
2025-07-04 19:00:00,0.11235,0.11272,0.11207,0.11207,415069.0
2025-07-04 19:30:00,0.11207,0.11255,0.11202,0.11228,339640.0
2025-07-04 20:00:00,0.11229,0.11291,0.11229,0.11284,804806.0
2025-07-04 20:30:00,0.11283,0.1132,0.11274,0.11282,611604.0
2025-07-04 21:00:00,0.11281,0.11353,0.1128,0.11342,438520.0
2025-07-04 21:30:00,0.11342,0.11354,0.11312,0.11353,398712.0
2025-07-04 22:00:00,0.11352,0.11356,0.11319,0.11336,546168.0
2025-07-04 22:30:00,0.11335,0.11393,0.11324,0.11378,561386.0
2025-07-04 23:00:00,0.11378,0.11382,0.11324,0.11341,463212.0
2025-07-04 23:30:00,0.11341,0.11362,0.11326,0.11329,415362.0
2025-07-05 00:00:00,0.11331,0.11454,0.11298,0.11407,1920600.0
2025-07-05 00:30:00,0.11408,0.1142,0.11392,0.11412,637264.0
2025-07-05 01:00:00,0.11407,0.1142,0.11383,0.11386,420397.0
2025-07-05 01:30:00,0.11387,0.11427,0.11355,0.11374,813702.0
2025-07-05 02:00:00,0.11376,0.11554,0.11375,0.11523,1583135.0
2025-07-05 02:30:00,0.11523,0.11542,0.11449,0.11472,1861558.0
2025-07-05 03:00:00,0.11471,0.11489,0.11437,0.11459,1200943.0
2025-07-05 03:30:00,0.1146,0.11485,0.11441,0.11453,1170619.0
2025-07-05 04:00:00,0.11453,0.11458,0.11417,0.11458,661159.0
2025-07-05 04:30:00,0.11459,0.11469,0.11424,0.11424,333435.0
2025-07-05 05:00:00,0.11423,0.11517,0.11403,0.1149,2799888.0
2025-07-05 05:30:00,0.11491,0.11493,0.1145,0.11464,619132.0
2025-07-05 06:00:00,0.11464,0.11499,0.11447,0.11482,721779.0
2025-07-05 06:30:00,0.1148,0.11489,0.11452,0.11471,577450.0
2025-07-05 07:00:00,0.11472,0.11479,0.11455,0.11465,431472.0
2025-07-05 07:30:00,0.11466,0.11468,0.11422,0.11432,507674.0
2025-07-05 08:00:00,0.11431,0.11444,0.11417,0.11417,489495.0
2025-07-05 08:30:00,0.11417,0.11424,0.11381,0.11424,870889.0
2025-07-05 09:00:00,0.11423,0.11449,0.11383,0.11442,878843.0
2025-07-05 09:30:00,0.11442,0.11472,0.11428,0.11469,767551.0
2025-07-05 10:00:00,0.11468,0.11469,0.11451,0.11466,199465.0
2025-07-05 10:30:00,0.11467,0.11518,0.11444,0.11445,1174764.0
2025-07-05 11:00:00,0.11445,0.11467,0.11423,0.11439,473872.0
2025-07-05 11:30:00,0.1144,0.11477,0.11436,0.11449,287831.0
2025-07-05 12:00:00,0.11449,0.11455,0.1138,0.11383,900798.0
2025-07-05 12:30:00,0.11382,0.11418,0.11359,0.11418,614958.0
2025-07-05 13:00:00,0.11417,0.11428,0.114,0.11416,424507.0
2025-07-05 13:30:00,0.11417,0.11423,0.11388,0.11413,449200.0
2025-07-05 14:00:00,0.1141,0.1141,0.11382,0.11389,309554.0
2025-07-05 14:30:00,0.11389,0.114,0.11372,0.114,157544.0
2025-07-05 15:00:00,0.114,0.11401,0.11332,0.11337,327813.0
2025-07-05 15:30:00,0.11337,0.11353,0.11312,0.11342,364252.0
2025-07-05 16:00:00,0.11342,0.11364,0.11325,0.11344,480610.0
2025-07-05 16:30:00,0.11344,0.11348,0.1131,0.11346,444891.0
2025-07-05 17:00:00,0.11347,0.11352,0.11259,0.11283,1179175.0
2025-07-05 17:30:00,0.11283,0.11314,0.11278,0.11301,654137.0
2025-07-05 18:00:00,0.113,0.11304,0.11265,0.11271,438874.0
2025-07-05 18:30:00,0.11271,0.11277,0.11245,0.11249,434737.0
2025-07-05 19:00:00,0.1125,0.11268,0.11227,0.11266,311400.0
2025-07-05 19:30:00,0.11266,0.11296,0.11244,0.11295,595978.0
2025-07-05 20:00:00,0.11295,0.11295,0.11267,0.11273,189634.0
2025-07-05 20:30:00,0.11273,0.11317,0.11273,0.11317,218241.0
2025-07-05 21:00:00,0.11317,0.1135,0.11305,0.1135,486768.0
2025-07-05 21:30:00,0.1135,0.11351,0.11314,0.11328,212433.0
2025-07-05 22:00:00,0.11328,0.11376,0.11319,0.11349,506627.0
2025-07-05 22:30:00,0.11348,0.11371,0.11336,0.11361,437632.0
2025-07-05 23:00:00,0.1136,0.11385,0.11359,0.11361,385005.0
2025-07-05 23:30:00,0.11361,0.11375,0.11342,0.11369,385843.0
2025-07-06 00:00:00,0.11369,0.11832,0.11366,0.11608,30198694.0
2025-07-06 00:30:00,0.11609,0.11762,0.11458,0.11615,19315407.0
2025-07-06 01:00:00,0.11618,0.11777,0.11564,0.11662,8683671.0
2025-07-06 01:30:00,0.11665,0.11676,0.1159,0.11651,3983090.0
2025-07-06 02:00:00,0.11647,0.11669,0.11598,0.11627,4014239.0
2025-07-06 02:30:00,0.1163,0.1165,0.11574,0.11582,4077345.0
2025-07-06 03:00:00,0.11582,0.11647,0.11576,0.11603,4603122.0
2025-07-06 03:30:00,0.11602,0.1164,0.11599,0.11623,2247497.0
2025-07-06 04:00:00,0.11621,0.11621,0.1152,0.1155,4603722.0
2025-07-06 04:30:00,0.11551,0.11569,0.11476,0.11506,3573063.0
2025-07-06 05:00:00,0.11506,0.11573,0.11502,0.11573,2552788.0
2025-07-06 05:30:00,0.11572,0.11608,0.11542,0.11606,3685513.0
2025-07-06 06:00:00,0.11607,0.11728,0.11599,0.11708,3176521.0
2025-07-06 06:30:00,0.1171,0.1174,0.11653,0.11706,2974652.0
2025-07-06 07:00:00,0.11706,0.11717,0.11643,0.11663,2068265.0
2025-07-06 07:30:00,0.11663,0.11663,0.11595,0.11654,1852707.0
2025-07-06 08:00:00,0.11653,0.11654,0.11545,0.11568,1632240.0
2025-07-06 08:30:00,0.11568,0.11596,0.11521,0.11569,1877661.0
2025-07-06 09:00:00,0.11568,0.11569,0.11496,0.11519,1124359.0
2025-07-06 09:30:00,0.1152,0.11561,0.11513,0.11558,838300.0
2025-07-06 10:00:00,0.11559,0.11559,0.11454,0.11511,1148782.0
2025-07-06 10:30:00,0.1151,0.11533,0.11479,0.11487,942682.0
2025-07-06 11:00:00,0.11487,0.11489,0.11448,0.11464,624401.0
2025-07-06 11:30:00,0.11466,0.11484,0.11454,0.11471,342508.0
2025-07-06 12:00:00,0.11472,0.11506,0.11452,0.11462,676423.0
2025-07-06 12:30:00,0.11463,0.11488,0.11458,0.11481,803457.0
2025-07-06 13:00:00,0.1148,0.1151,0.11466,0.11507,951152.0
2025-07-06 13:30:00,0.11507,0.11557,0.11488,0.11517,2103099.0
2025-07-06 14:00:00,0.11517,0.1155,0.11492,0.11526,1230421.0
2025-07-06 14:30:00,0.11527,0.11585,0.11524,0.11556,1830070.0
2025-07-06 15:00:00,0.11557,0.11639,0.1155,0.1163,1331761.0
2025-07-06 15:30:00,0.1163,0.11631,0.11558,0.11586,1508687.0
2025-07-06 16:00:00,0.11586,0.11638,0.11561,0.11628,1454420.0
2025-07-06 16:30:00,0.11627,0.11657,0.11613,0.11654,772166.0
2025-07-06 17:00:00,0.11653,0.11653,0.11612,0.11617,323519.0
2025-07-06 17:30:00,0.11617,0.11642,0.11615,0.11636,250948.0
2025-07-06 18:00:00,0.11635,0.11684,0.11634,0.11666,526734.0
2025-07-06 18:30:00,0.11664,0.11664,0.1158,0.11637,1236768.0
2025-07-06 19:00:00,0.11635,0.11652,0.11626,0.11634,568672.0
2025-07-06 19:30:00,0.11634,0.11642,0.11591,0.11615,609381.0
2025-07-06 20:00:00,0.11614,0.11624,0.11599,0.11612,356582.0
2025-07-06 20:30:00,0.11611,0.11648,0.11588,0.11642,629024.0
2025-07-06 21:00:00,0.11642,0.11707,0.11634,0.11684,889813.0
2025-07-06 21:30:00,0.11684,0.11708,0.11608,0.11619,1653800.0
2025-07-06 22:00:00,0.1162,0.11717,0.1162,0.11709,1280698.0
2025-07-06 22:30:00,0.11709,0.11709,0.11646,0.11678,1019396.0
2025-07-06 23:00:00,0.11679,0.11698,0.11625,0.11636,2082738.0
2025-07-06 23:30:00,0.11636,0.11647,0.11569,0.1161,1972617.0
2025-07-07 00:00:00,0.11609,0.11609,0.11457,0.1148,2520962.0
2025-07-07 00:30:00,0.11481,0.11497,0.11433,0.11452,1499419.0
2025-07-07 01:00:00,0.11454,0.11478,0.11411,0.11461,1275633.0
2025-07-07 01:30:00,0.1146,0.11506,0.11446,0.11493,703433.0
2025-07-07 02:00:00,0.11493,0.11548,0.11493,0.11547,1001806.0
2025-07-07 02:30:00,0.11547,0.11548,0.11501,0.11514,821241.0
2025-07-07 03:00:00,0.11516,0.11533,0.11491,0.11524,662218.0
2025-07-07 03:30:00,0.11524,0.11524,0.1149,0.11504,492127.0
2025-07-07 04:00:00,0.11504,0.11516,0.11479,0.1149,854315.0
2025-07-07 04:30:00,0.11491,0.11504,0.11479,0.11491,210875.0
2025-07-07 05:00:00,0.11491,0.11501,0.11475,0.11481,260510.0
2025-07-07 05:30:00,0.1148,0.115,0.11443,0.1145,710941.0
2025-07-07 06:00:00,0.1145,0.11469,0.11433,0.11453,378529.0
2025-07-07 06:30:00,0.11453,0.11458,0.11409,0.11413,477580.0
2025-07-07 07:00:00,0.11414,0.11447,0.11404,0.11439,762690.0
2025-07-07 07:30:00,0.11438,0.11497,0.1143,0.11492,869208.0
2025-07-07 08:00:00,0.11492,0.11523,0.11486,0.11493,1113396.0
2025-07-07 08:30:00,0.11492,0.11508,0.11465,0.11465,616109.0
2025-07-07 09:00:00,0.11465,0.11465,0.11414,0.11419,501718.0
2025-07-07 09:30:00,0.1142,0.11429,0.11404,0.11411,340685.0
2025-07-07 10:00:00,0.11411,0.11421,0.11396,0.11407,719990.0
2025-07-07 10:30:00,0.11405,0.11437,0.11405,0.11413,538545.0
2025-07-07 11:00:00,0.11414,0.11456,0.11409,0.11452,650472.0
2025-07-07 11:30:00,0.11453,0.11482,0.11435,0.11435,694866.0
2025-07-07 12:00:00,0.11435,0.11435,0.11365,0.11377,1325164.0
2025-07-07 12:30:00,0.11377,0.11441,0.11377,0.11413,865704.0
2025-07-07 13:00:00,0.11413,0.11448,0.11373,0.11441,840252.0
2025-07-07 13:30:00,0.11441,0.11447,0.11377,0.11425,1300109.0
2025-07-07 14:00:00,0.11425,0.11439,0.11347,0.11367,1344156.0
2025-07-07 14:30:00,0.11367,0.1137,0.11311,0.11335,1260988.0
2025-07-07 15:00:00,0.11336,0.11395,0.11315,0.11379,1641885.0
2025-07-07 15:30:00,0.11378,0.11401,0.11365,0.11394,604455.0
2025-07-07 16:00:00,0.11394,0.11426,0.11325,0.11352,1454347.0
2025-07-07 16:30:00,0.11351,0.1139,0.11328,0.11333,1262138.0
2025-07-07 17:00:00,0.11334,0.11367,0.11315,0.11345,770563.0
2025-07-07 17:30:00,0.11345,0.11372,0.11325,0.11346,423592.0
2025-07-07 18:00:00,0.11347,0.11348,0.11278,0.11281,876347.0
2025-07-07 18:30:00,0.11279,0.11316,0.11265,0.11311,482474.0
2025-07-07 19:00:00,0.11314,0.11349,0.11302,0.1134,676029.0
2025-07-07 19:30:00,0.11337,0.11337,0.1127,0.11272,1316206.0
2025-07-07 20:00:00,0.11273,0.11274,0.11163,0.11188,1724155.0
2025-07-07 20:30:00,0.11186,0.11239,0.11184,0.11195,593254.0
2025-07-07 21:00:00,0.11194,0.11224,0.11181,0.11182,594416.0
2025-07-07 21:30:00,0.11181,0.11268,0.11172,0.1125,973748.0
2025-07-07 22:00:00,0.11248,0.11263,0.11219,0.1123,491458.0
2025-07-07 22:30:00,0.1123,0.11277,0.11224,0.11267,444505.0
2025-07-07 23:00:00,0.11266,0.11316,0.11256,0.11312,405363.0
2025-07-07 23:30:00,0.11307,0.11382,0.11303,0.11356,1564984.0
2025-07-08 00:00:00,0.11354,0.11408,0.11274,0.11391,2389343.0
2025-07-08 00:30:00,0.11392,0.11393,0.11298,0.11311,1769826.0
2025-07-08 01:00:00,0.11311,0.11314,0.11201,0.11222,1875881.0
2025-07-08 01:30:00,0.11221,0.11248,0.11191,0.11237,687366.0
2025-07-08 02:00:00,0.11237,0.1129,0.11214,0.11278,1163443.0
2025-07-08 02:30:00,0.11277,0.11277,0.11233,0.11248,908694.0
2025-07-08 03:00:00,0.11249,0.1131,0.11234,0.11283,664233.0
2025-07-08 03:30:00,0.11284,0.11317,0.11271,0.11287,287903.0
2025-07-08 04:00:00,0.11287,0.11289,0.11265,0.1128,417683.0
2025-07-08 04:30:00,0.11279,0.11323,0.11279,0.11323,291222.0
2025-07-08 05:00:00,0.11323,0.11327,0.11294,0.11325,415460.0
2025-07-08 05:30:00,0.11323,0.11336,0.11312,0.11325,514361.0
2025-07-08 06:00:00,0.11323,0.11336,0.11302,0.11317,522029.0
2025-07-08 06:30:00,0.11317,0.11373,0.11317,0.11337,481813.0
2025-07-08 07:00:00,0.11336,0.11345,0.1131,0.11317,328919.0
2025-07-08 07:30:00,0.11314,0.11332,0.11308,0.1133,384918.0
2025-07-08 08:00:00,0.11332,0.11339,0.11312,0.11317,267561.0
2025-07-08 08:30:00,0.11317,0.11327,0.1127,0.1128,524802.0
2025-07-08 09:00:00,0.1128,0.11301,0.11275,0.11299,407551.0
2025-07-08 09:30:00,0.11299,0.11316,0.11293,0.11316,288193.0
2025-07-08 10:00:00,0.11314,0.11362,0.1131,0.11345,507896.0
2025-07-08 10:30:00,0.11347,0.11367,0.11347,0.11361,460721.0
2025-07-08 11:00:00,0.11361,0.11377,0.11335,0.11342,1101117.0
2025-07-08 11:30:00,0.11343,0.11354,0.113,0.11309,436605.0
2025-07-08 12:00:00,0.11309,0.11321,0.11277,0.11293,802644.0
2025-07-08 12:30:00,0.11294,0.11341,0.11294,0.11333,569929.0
2025-07-08 13:00:00,0.11334,0.1134,0.11309,0.11338,435321.0
2025-07-08 13:30:00,0.11337,0.11348,0.11297,0.11334,729650.0
2025-07-08 14:00:00,0.11334,0.11342,0.11262,0.11269,924535.0
2025-07-08 14:30:00,0.11267,0.11304,0.11244,0.11256,710684.0
2025-07-08 15:00:00,0.11257,0.11271,0.1122,0.1122,543465.0
2025-07-08 15:30:00,0.1122,0.11282,0.11218,0.11278,511154.0
2025-07-08 16:00:00,0.11278,0.11312,0.11241,0.11304,762807.0
2025-07-08 16:30:00,0.11306,0.11325,0.11292,0.11321,606299.0
2025-07-08 17:00:00,0.11322,0.11393,0.11306,0.11381,1080327.0
2025-07-08 17:30:00,0.11382,0.11402,0.11378,0.11388,507359.0
2025-07-08 18:00:00,0.11386,0.11438,0.1138,0.11409,576480.0
2025-07-08 18:30:00,0.11409,0.11441,0.11405,0.11439,389711.0
2025-07-08 19:00:00,0.11439,0.11444,0.11416,0.11423,244975.0
2025-07-08 19:30:00,0.11423,0.11425,0.11398,0.11416,527076.0
2025-07-08 20:00:00,0.11417,0.11427,0.11356,0.1139,1264486.0
2025-07-08 20:30:00,0.1139,0.11391,0.1136,0.11364,238957.0
2025-07-08 21:00:00,0.11363,0.11413,0.11361,0.11394,523964.0
2025-07-08 21:30:00,0.11393,0.1143,0.11383,0.11423,412587.0
2025-07-08 22:00:00,0.11425,0.11441,0.11398,0.11398,460762.0
2025-07-08 22:30:00,0.11399,0.11406,0.11383,0.114,370737.0
2025-07-08 23:00:00,0.11399,0.11402,0.11364,0.11387,482104.0
2025-07-08 23:30:00,0.11388,0.11405,0.11368,0.11371,413613.0
2025-07-09 00:00:00,0.11372,0.11391,0.11323,0.11338,983477.0
2025-07-09 00:30:00,0.11338,0.11342,0.11313,0.11316,638377.0
2025-07-09 01:00:00,0.11317,0.11355,0.11281,0.11285,1513155.0
2025-07-09 01:30:00,0.11284,0.11287,0.11253,0.11286,743849.0
2025-07-09 02:00:00,0.11287,0.1135,0.11277,0.11314,1643650.0
2025-07-09 02:30:00,0.11314,0.1133,0.11291,0.11304,815307.0
2025-07-09 03:00:00,0.11303,0.11334,0.11286,0.11319,657844.0
2025-07-09 03:30:00,0.1132,0.11336,0.11291,0.11313,759424.0
2025-07-09 04:00:00,0.11312,0.11327,0.11282,0.11312,991831.0
2025-07-09 04:30:00,0.11312,0.1132,0.11298,0.1131,326403.0
2025-07-09 05:00:00,0.11311,0.11344,0.11282,0.11284,637378.0
2025-07-09 05:30:00,0.11285,0.11369,0.11275,0.11343,1850243.0
2025-07-09 06:00:00,0.1135,0.11367,0.11323,0.11324,773813.0
2025-07-09 06:30:00,0.11325,0.1134,0.11317,0.11332,392320.0
2025-07-09 07:00:00,0.11332,0.11386,0.11317,0.11358,1158084.0
2025-07-09 07:30:00,0.1136,0.1136,0.1132,0.11331,520976.0
2025-07-09 08:00:00,0.11332,0.11345,0.11318,0.11345,503200.0
2025-07-09 08:30:00,0.11345,0.11356,0.11327,0.11328,627419.0
2025-07-09 09:00:00,0.11328,0.11334,0.1128,0.11296,809845.0
2025-07-09 09:30:00,0.11296,0.11318,0.11273,0.11312,372672.0
2025-07-09 10:00:00,0.11314,0.11325,0.11289,0.11305,901839.0
2025-07-09 10:30:00,0.11302,0.11322,0.11295,0.11312,601821.0
2025-07-09 11:00:00,0.11313,0.1133,0.11304,0.11318,672263.0
2025-07-09 11:30:00,0.11319,0.11332,0.11301,0.11316,807937.0
2025-07-09 12:00:00,0.11316,0.11389,0.11306,0.11375,1820729.0
2025-07-09 12:30:00,0.11376,0.11379,0.11334,0.11344,678668.0
2025-07-09 13:00:00,0.11344,0.11362,0.11307,0.11322,1076948.0
2025-07-09 13:30:00,0.11322,0.11351,0.11296,0.11303,1126496.0
2025-07-09 14:00:00,0.11306,0.11351,0.11294,0.11306,1546368.0
2025-07-09 14:30:00,0.113,0.11304,0.11252,0.11286,1890595.0
2025-07-09 15:00:00,0.11285,0.11309,0.11279,0.11301,973150.0
2025-07-09 15:30:00,0.11303,0.11308,0.11275,0.11291,544380.0
2025-07-09 16:00:00,0.11294,0.11339,0.11286,0.1133,1045488.0
2025-07-09 16:30:00,0.1133,0.11349,0.11315,0.11336,195395.0
2025-07-09 17:00:00,0.11336,0.11339,0.11286,0.11287,493264.0
2025-07-09 17:30:00,0.11289,0.11296,0.11275,0.11288,384371.0
2025-07-09 18:00:00,0.1129,0.11364,0.11288,0.11351,928833.0
2025-07-09 18:30:00,0.11352,0.11364,0.11336,0.11359,375377.0
2025-07-09 19:00:00,0.11359,0.11406,0.11352,0.11399,788853.0
2025-07-09 19:30:00,0.11398,0.11452,0.11386,0.11423,1776021.0
2025-07-09 20:00:00,0.11423,0.11445,0.11375,0.11388,1663394.0
2025-07-09 20:30:00,0.11388,0.11427,0.11375,0.11405,746326.0
2025-07-09 21:00:00,0.11408,0.11536,0.11404,0.11507,1624341.0
2025-07-09 21:30:00,0.11511,0.11551,0.11498,0.11551,803783.0
2025-07-09 22:00:00,0.11549,0.11577,0.1153,0.11551,706216.0
2025-07-09 22:30:00,0.11551,0.11569,0.11538,0.11551,760507.0
2025-07-09 23:00:00,0.1155,0.11552,0.11497,0.11498,766506.0
2025-07-09 23:30:00,0.11497,0.11557,0.11496,0.11517,1012096.0
2025-07-10 00:00:00,0.11517,0.11535,0.11423,0.11432,1824550.0
2025-07-10 00:30:00,0.11429,0.11452,0.11391,0.11431,1200301.0
2025-07-10 01:00:00,0.11431,0.11485,0.11418,0.11483,1032372.0
2025-07-10 01:30:00,0.11484,0.11484,0.11432,0.11458,491884.0
2025-07-10 02:00:00,0.11459,0.11505,0.11446,0.11489,846423.0
2025-07-10 02:30:00,0.11491,0.11584,0.11488,0.11571,2017551.0
2025-07-10 03:00:00,0.11572,0.11586,0.1152,0.11528,776682.0
2025-07-10 03:30:00,0.11531,0.11556,0.11518,0.11552,372715.0
2025-07-10 04:00:00,0.11553,0.11705,0.11545,0.11634,1814577.0
2025-07-10 04:30:00,0.11634,0.11682,0.1162,0.11641,1417015.0
2025-07-10 05:00:00,0.11641,0.11684,0.11626,0.11655,972543.0
2025-07-10 05:30:00,0.11658,0.11659,0.11521,0.1155,2382776.0
2025-07-10 06:00:00,0.11551,0.11565,0.11518,0.11544,1131801.0
2025-07-10 06:30:00,0.11541,0.11546,0.11507,0.11528,645172.0
2025-07-10 07:00:00,0.11523,0.11578,0.11517,0.11531,867598.0
2025-07-10 07:30:00,0.11535,0.11556,0.11493,0.11496,795422.0
2025-07-10 08:00:00,0.11497,0.11518,0.11437,0.11479,2031418.0
2025-07-10 08:30:00,0.11479,0.11519,0.1147,0.11489,502087.0
2025-07-10 09:00:00,0.11492,0.115,0.11439,0.11465,864408.0
2025-07-10 09:30:00,0.11465,0.11477,0.11438,0.11451,396268.0
2025-07-10 10:00:00,0.1145,0.11453,0.1139,0.11422,1026968.0
2025-07-10 10:30:00,0.11423,0.11461,0.11409,0.11415,716363.0
2025-07-10 11:00:00,0.11417,0.11465,0.11402,0.11417,761711.0
2025-07-10 11:30:00,0.11417,0.11427,0.11392,0.11409,289882.0
2025-07-10 12:00:00,0.11412,0.11431,0.11374,0.11422,685828.0
2025-07-10 12:30:00,0.11417,0.11426,0.11386,0.11422,647477.0
2025-07-10 13:00:00,0.11421,0.11424,0.11389,0.114,741207.0
2025-07-10 13:30:00,0.11402,0.11416,0.11332,0.11382,1931641.0
2025-07-10 14:00:00,0.1138,0.11386,0.11267,0.11302,1522920.0
2025-07-10 14:30:00,0.11304,0.11347,0.11293,0.11344,695933.0
2025-07-10 15:00:00,0.11341,0.11346,0.11304,0.11336,738120.0
2025-07-10 15:30:00,0.11336,0.11337,0.11288,0.11333,1824983.0
2025-07-10 16:00:00,0.11333,0.11401,0.11314,0.11384,1578836.0
2025-07-10 16:30:00,0.11385,0.11435,0.11383,0.11429,1199484.0
2025-07-10 17:00:00,0.11427,0.11488,0.11402,0.1146,1462844.0
2025-07-10 17:30:00,0.11455,0.11546,0.11455,0.11537,1094908.0
2025-07-10 18:00:00,0.11536,0.1158,0.11503,0.11511,1636752.0
2025-07-10 18:30:00,0.11512,0.11532,0.11473,0.11511,1234505.0
2025-07-10 19:00:00,0.11514,0.11547,0.11499,0.11503,744722.0
2025-07-10 19:30:00,0.11503,0.11531,0.11482,0.11521,449497.0
2025-07-10 20:00:00,0.11521,0.11581,0.11509,0.11575,634048.0
2025-07-10 20:30:00,0.11575,0.11591,0.11544,0.11555,1531758.0
2025-07-10 21:00:00,0.11553,0.11748,0.1151,0.11681,4289397.0
2025-07-10 21:30:00,0.11679,0.11776,0.11675,0.1175,2465389.0
2025-07-10 22:00:00,0.11747,0.11856,0.11731,0.11826,3054711.0
2025-07-10 22:30:00,0.11827,0.11896,0.11809,0.11836,3132877.0
2025-07-10 23:00:00,0.11836,0.11863,0.11733,0.11733,2810111.0
2025-07-10 23:30:00,0.11737,0.11831,0.11706,0.11828,2335909.0
2025-07-11 00:00:00,0.11824,0.11852,0.11563,0.11602,5069355.0
2025-07-11 00:30:00,0.11602,0.11689,0.11573,0.11684,2156681.0
2025-07-11 01:00:00,0.11683,0.11789,0.11661,0.11779,2141404.0
2025-07-11 01:30:00,0.11778,0.11819,0.11758,0.11782,2259709.0
2025-07-11 02:00:00,0.11787,0.11846,0.11739,0.11816,2518977.0
2025-07-11 02:30:00,0.11817,0.11831,0.11743,0.11788,2241663.0
2025-07-11 03:00:00,0.11784,0.11823,0.11774,0.11807,1670876.0
2025-07-11 03:30:00,0.11809,0.11812,0.11766,0.11808,827098.0
2025-07-11 04:00:00,0.11808,0.11936,0.11779,0.11878,3429018.0
2025-07-11 04:30:00,0.11878,0.11886,0.11834,0.11853,1418102.0
2025-07-11 05:00:00,0.11851,0.11937,0.11826,0.1193,2480118.0
2025-07-11 05:30:00,0.11931,0.11968,0.11894,0.11925,3228763.0
2025-07-11 06:00:00,0.11924,0.11951,0.11849,0.11905,4000996.0
2025-07-11 06:30:00,0.11907,0.11907,0.11615,0.11627,9515262.0
2025-07-11 07:00:00,0.11623,0.11762,0.11611,0.11718,3428409.0
2025-07-11 07:30:00,0.1172,0.11763,0.11679,0.11696,2269303.0
2025-07-11 08:00:00,0.11697,0.11705,0.11621,0.11659,2655911.0
2025-07-11 08:30:00,0.11657,0.11743,0.11626,0.11741,2550655.0
2025-07-11 09:00:00,0.11741,0.11815,0.11713,0.11799,2082640.0
2025-07-11 09:30:00,0.11799,0.1187,0.11785,0.11866,1711137.0
2025-07-11 10:00:00,0.11866,0.11867,0.11782,0.1179,1616005.0
2025-07-11 10:30:00,0.11789,0.11917,0.11789,0.11868,3088576.0
2025-07-11 11:00:00,0.11872,0.11891,0.11793,0.11816,1444772.0
2025-07-11 11:30:00,0.11811,0.11842,0.11774,0.11833,964168.0
2025-07-11 12:00:00,0.11836,0.11837,0.11753,0.11773,1227659.0
2025-07-11 12:30:00,0.11772,0.11835,0.11759,0.11831,1024412.0
2025-07-11 13:00:00,0.1183,0.11873,0.11788,0.11823,2774513.0
2025-07-11 13:30:00,0.1182,0.11857,0.11693,0.11839,3000618.0
2025-07-11 14:00:00,0.1184,0.11868,0.11777,0.11855,1419007.0
2025-07-11 14:30:00,0.11853,0.11901,0.11816,0.11844,2259875.0
2025-07-11 15:00:00,0.11841,0.11867,0.11787,0.11839,2310460.0
2025-07-11 15:30:00,0.11841,0.11848,0.11607,0.1164,3227265.0
2025-07-11 16:00:00,0.1164,0.1175,0.11569,0.11726,3192423.0
2025-07-11 16:30:00,0.11727,0.11763,0.11671,0.11753,1347760.0
2025-07-11 17:00:00,0.11751,0.11897,0.11751,0.11892,1782600.0
2025-07-11 17:30:00,0.11893,0.11938,0.11861,0.11903,1100885.0
2025-07-11 18:00:00,0.11907,0.11949,0.11875,0.11925,1637035.0
2025-07-11 18:30:00,0.11924,0.11964,0.1192,0.11934,837433.0
2025-07-11 19:00:00,0.11934,0.1197,0.1192,0.11932,1200171.0
2025-07-11 19:30:00,0.1193,0.12003,0.11927,0.11971,868380.0
2025-07-11 20:00:00,0.11971,0.11971,0.11878,0.11883,1060915.0
2025-07-11 20:30:00,0.11887,0.11889,0.11783,0.11785,893475.0
2025-07-11 21:00:00,0.11786,0.11823,0.11718,0.1178,2247718.0
2025-07-11 21:30:00,0.11778,0.11778,0.11678,0.11724,1574400.0
2025-07-11 22:00:00,0.11722,0.11768,0.11577,0.11587,3911489.0
2025-07-11 22:30:00,0.11586,0.11715,0.11571,0.11691,3544891.0
2025-07-11 23:00:00,0.1169,0.1181,0.11657,0.11764,2087207.0
2025-07-11 23:30:00,0.1176,0.11801,0.11726,0.11783,1311974.0
2025-07-12 00:00:00,0.1178,0.11907,0.11759,0.11887,4035474.0
2025-07-12 00:30:00,0.1189,0.11998,0.11831,0.11982,6277246.0
2025-07-12 01:00:00,0.11982,0.1199,0.11907,0.1194,2897677.0
2025-07-12 01:30:00,0.11941,0.11964,0.11903,0.11919,953607.0
2025-07-12 02:00:00,0.11921,0.11971,0.11898,0.11914,1846883.0
2025-07-12 02:30:00,0.11915,0.11935,0.11858,0.11881,1207686.0
2025-07-12 03:00:00,0.11878,0.12006,0.11864,0.11999,2110638.0
2025-07-12 03:30:00,0.12,0.12005,0.11964,0.11975,1260449.0
2025-07-12 04:00:00,0.11978,0.11982,0.11831,0.11849,2488523.0
2025-07-12 04:30:00,0.11856,0.11859,0.11696,0.11705,2883917.0
2025-07-12 05:00:00,0.11707,0.12038,0.11621,0.11994,6670622.0
2025-07-12 05:30:00,0.11993,0.12265,0.1197,0.12173,7874688.0
2025-07-12 06:00:00,0.1217,0.12341,0.12039,0.12206,9332872.0
2025-07-12 06:30:00,0.12209,0.12363,0.12186,0.1224,4377378.0
2025-07-12 07:00:00,0.12236,0.12512,0.12119,0.12506,7083506.0
2025-07-12 07:30:00,0.12513,0.134,0.117,0.11993,60505241.0
2025-07-12 08:00:00,0.1199,0.12198,0.11875,0.12014,13819251.0
2025-07-12 08:30:00,0.12014,0.12272,0.12012,0.12109,6721848.0
2025-07-12 09:00:00,0.12109,0.12198,0.12055,0.12114,6812794.0
2025-07-12 09:30:00,0.1212,0.12219,0.12079,0.12211,4004137.0
2025-07-12 10:00:00,0.1221,0.12326,0.12158,0.12319,5582236.0
2025-07-12 10:30:00,0.12316,0.12361,0.12188,0.12223,5462195.0
2025-07-12 11:00:00,0.12222,0.12236,0.1212,0.12155,3701010.0
2025-07-12 11:30:00,0.12153,0.12239,0.12083,0.12229,3188038.0
2025-07-12 12:00:00,0.12229,0.12264,0.12113,0.12232,5881406.0
2025-07-12 12:30:00,0.1223,0.12258,0.12053,0.12145,5079516.0
2025-07-12 13:00:00,0.12145,0.12267,0.12069,0.12119,7177849.0
2025-07-12 13:30:00,0.12119,0.12231,0.12008,0.12207,4006662.0
2025-07-12 14:00:00,0.12209,0.12222,0.12107,0.12139,3683312.0
2025-07-12 14:30:00,0.12134,0.12219,0.12118,0.1219,1897004.0
2025-07-12 15:00:00,0.12191,0.12191,0.11966,0.12007,3937476.0
2025-07-12 15:30:00,0.12004,0.12278,0.11975,0.12278,3978036.0
2025-07-12 16:00:00,0.12274,0.12279,0.12121,0.12124,3606987.0
2025-07-12 16:30:00,0.12124,0.12172,0.1207,0.12095,1276001.0
2025-07-12 17:00:00,0.12094,0.12204,0.12088,0.12194,1883748.0
2025-07-12 17:30:00,0.12192,0.12219,0.12164,0.12206,840264.0
2025-07-12 18:00:00,0.12206,0.12225,0.12155,0.12203,827685.0
2025-07-12 18:30:00,0.122,0.12253,0.12189,0.1224,1444387.0
2025-07-12 19:00:00,0.12242,0.12256,0.12146,0.1215,1334838.0
2025-07-12 19:30:00,0.1215,0.12201,0.12148,0.1219,686833.0
2025-07-12 20:00:00,0.12191,0.12297,0.12164,0.12276,2158561.0
2025-07-12 20:30:00,0.12273,0.12298,0.122,0.12209,2090816.0
2025-07-12 21:00:00,0.12205,0.12205,0.12082,0.12144,1815956.0
2025-07-12 21:30:00,0.12139,0.12182,0.12122,0.12182,988937.0
2025-07-12 22:00:00,0.12182,0.1221,0.12108,0.1212,1153765.0
2025-07-12 22:30:00,0.1212,0.1225,0.12117,0.12221,1657518.0
2025-07-12 23:00:00,0.12218,0.12236,0.12125,0.1216,1477280.0
2025-07-12 23:30:00,0.12156,0.12284,0.1215,0.12276,2131437.0
2025-07-13 00:00:00,0.12274,0.12274,0.11904,0.11968,6179721.0
2025-07-13 00:30:00,0.11972,0.12125,0.11909,0.12062,4412890.0
2025-07-13 01:00:00,0.12061,0.12186,0.11987,0.12047,3242153.0
2025-07-13 01:30:00,0.12046,0.1215,0.11973,0.11987,2171996.0
2025-07-13 02:00:00,0.11984,0.11995,0.11818,0.11841,3285384.0
2025-07-13 02:30:00,0.1184,0.11959,0.1184,0.1194,1639688.0
2025-07-13 03:00:00,0.11938,0.11983,0.11914,0.11927,998462.0
2025-07-13 03:30:00,0.11926,0.1199,0.11923,0.1195,1617010.0
2025-07-13 04:00:00,0.11951,0.11951,0.11874,0.11896,1017394.0
2025-07-13 04:30:00,0.1189,0.12034,0.1189,0.12004,1039721.0
2025-07-13 05:00:00,0.12003,0.12017,0.11963,0.11989,798501.0
2025-07-13 05:30:00,0.1199,0.12002,0.11941,0.11953,916976.0
2025-07-13 06:00:00,0.11953,0.12055,0.11933,0.12009,1402364.0
2025-07-13 06:30:00,0.12009,0.12068,0.11995,0.12016,1295085.0
2025-07-13 07:00:00,0.12019,0.12118,0.12017,0.12097,1417923.0
2025-07-13 07:30:00,0.12095,0.1216,0.1209,0.12145,2066544.0
2025-07-13 08:00:00,0.12142,0.12146,0.12061,0.12087,1340185.0
2025-07-13 08:30:00,0.1209,0.12106,0.12037,0.12086,2057281.0
2025-07-13 09:00:00,0.12087,0.12163,0.12008,0.12039,2311930.0
2025-07-13 09:30:00,0.12044,0.12073,0.12009,0.12071,834265.0
2025-07-13 10:00:00,0.12073,0.12107,0.12059,0.12068,765615.0
2025-07-13 10:30:00,0.12074,0.12075,0.12014,0.12033,874865.0
2025-07-13 11:00:00,0.12036,0.12087,0.12027,0.12065,611490.0
2025-07-13 11:30:00,0.12065,0.12069,0.12019,0.12052,681568.0
2025-07-13 12:00:00,0.12052,0.12107,0.12001,0.12089,1250036.0
2025-07-13 12:30:00,0.12091,0.12122,0.12043,0.12076,1852893.0
2025-07-13 13:00:00,0.12078,0.12103,0.12022,0.12054,1605467.0
2025-07-13 13:30:00,0.12051,0.1211,0.12045,0.12051,1771150.0
2025-07-13 14:00:00,0.12052,0.1215,0.12044,0.12142,2371798.0
2025-07-13 14:30:00,0.12144,0.12157,0.12062,0.12105,1608066.0
2025-07-13 15:00:00,0.12108,0.12178,0.12089,0.12124,1175244.0
2025-07-13 15:30:00,0.12122,0.12123,0.1207,0.12085,1065889.0
2025-07-13 16:00:00,0.12089,0.12114,0.12029,0.12047,2003453.0
2025-07-13 16:30:00,0.12047,0.12093,0.12028,0.12085,1284424.0
2025-07-13 17:00:00,0.12084,0.12124,0.12036,0.1212,916153.0
2025-07-13 17:30:00,0.12115,0.12152,0.12087,0.12095,649179.0
2025-07-13 18:00:00,0.12093,0.12103,0.1205,0.12096,926736.0
2025-07-13 18:30:00,0.12099,0.12108,0.12082,0.12105,291237.0
2025-07-13 19:00:00,0.12104,0.12131,0.1209,0.12121,348169.0
2025-07-13 19:30:00,0.12123,0.12155,0.12073,0.12076,594662.0
2025-07-13 20:00:00,0.12075,0.12144,0.12069,0.12135,807994.0
2025-07-13 20:30:00,0.12132,0.12134,0.12103,0.12124,286217.0
2025-07-13 21:00:00,0.12123,0.12124,0.12063,0.12078,473387.0
2025-07-13 21:30:00,0.1208,0.12092,0.11877,0.11973,2480871.0
2025-07-13 22:00:00,0.11974,0.11999,0.11916,0.11957,1077761.0
2025-07-13 22:30:00,0.11958,0.12015,0.11952,0.1199,804857.0
2025-07-13 23:00:00,0.11988,0.12028,0.11968,0.12017,585169.0
2025-07-13 23:30:00,0.12021,0.12075,0.11994,0.12051,863382.0
2025-07-14 00:00:00,0.12051,0.12058,0.11923,0.11954,1447401.0
2025-07-14 00:30:00,0.11952,0.12005,0.11939,0.11951,1324680.0
2025-07-14 01:00:00,0.11953,0.11962,0.11905,0.11945,1354102.0
2025-07-14 01:30:00,0.11944,0.11959,0.1186,0.11946,1686123.0
2025-07-14 02:00:00,0.11946,0.11996,0.11914,0.11989,1546046.0
2025-07-14 02:30:00,0.11989,0.12054,0.11969,0.12011,1175616.0
2025-07-14 03:00:00,0.12012,0.12087,0.11996,0.12054,1131171.0
2025-07-14 03:30:00,0.12055,0.12152,0.12042,0.12101,2845022.0
2025-07-14 04:00:00,0.12105,0.12156,0.12069,0.12145,1469094.0
2025-07-14 04:30:00,0.12142,0.12212,0.12132,0.12201,1861761.0
2025-07-14 05:00:00,0.12199,0.12323,0.12172,0.12264,3096605.0
2025-07-14 05:30:00,0.12266,0.12279,0.12021,0.12151,4907798.0
2025-07-14 06:00:00,0.1215,0.12284,0.12106,0.12242,2571462.0
2025-07-14 06:30:00,0.12242,0.12284,0.12152,0.12178,1786821.0
2025-07-14 07:00:00,0.12176,0.12207,0.12139,0.12157,942871.0
2025-07-14 07:30:00,0.12157,0.12217,0.12126,0.12195,1883645.0
2025-07-14 08:00:00,0.12197,0.12209,0.12076,0.12117,1566527.0
2025-07-14 08:30:00,0.12119,0.12175,0.12108,0.12175,998300.0
2025-07-14 09:00:00,0.12175,0.1218,0.12108,0.12145,1076346.0
2025-07-14 09:30:00,0.12147,0.12209,0.12131,0.12166,1043554.0
2025-07-14 10:00:00,0.12168,0.12172,0.12099,0.12164,1529779.0
2025-07-14 10:30:00,0.12164,0.12256,0.12152,0.12241,1399579.0
2025-07-14 11:00:00,0.12243,0.12268,0.1215,0.12168,1962441.0
2025-07-14 11:30:00,0.12167,0.1217,0.12098,0.12133,1940686.0
2025-07-14 12:00:00,0.12129,0.12181,0.12129,0.12181,1071021.0
2025-07-14 12:30:00,0.12182,0.12195,0.1215,0.12168,749868.0
2025-07-14 13:00:00,0.12172,0.12184,0.12089,0.12111,1379510.0
2025-07-14 13:30:00,0.1211,0.1216,0.12073,0.12131,1354888.0
2025-07-14 14:00:00,0.12131,0.12158,0.1198,0.12022,1558617.0
2025-07-14 14:30:00,0.12023,0.12028,0.1191,0.1201,2645306.0
2025-07-14 15:00:00,0.12013,0.12027,0.11951,0.11996,1010657.0
2025-07-14 15:30:00,0.11996,0.11997,0.11825,0.11894,2582366.0
2025-07-14 16:00:00,0.11895,0.11964,0.11849,0.11959,1387418.0
2025-07-14 16:30:00,0.11958,0.11991,0.11923,0.1198,716930.0
2025-07-14 17:00:00,0.11979,0.11997,0.11911,0.11925,685911.0
2025-07-14 17:30:00,0.11926,0.11946,0.11892,0.11912,582291.0
2025-07-14 18:00:00,0.11913,0.11922,0.1185,0.1187,979031.0
2025-07-14 18:30:00,0.11869,0.1189,0.11817,0.11837,1115058.0
2025-07-14 19:00:00,0.11835,0.11858,0.11805,0.11841,597938.0
2025-07-14 19:30:00,0.1184,0.11861,0.11791,0.11818,1058296.0
2025-07-14 20:00:00,0.1182,0.11825,0.11712,0.11772,1853696.0
2025-07-14 20:30:00,0.11772,0.11874,0.11766,0.11852,1015686.0
2025-07-14 21:00:00,0.11851,0.1186,0.11836,0.11844,496175.0
2025-07-14 21:30:00,0.11844,0.11925,0.11843,0.11897,593805.0
2025-07-14 22:00:00,0.11897,0.11948,0.11877,0.11944,1235806.0
2025-07-14 22:30:00,0.11942,0.11977,0.11914,0.1194,880126.0
2025-07-14 23:00:00,0.11937,0.11937,0.11881,0.11888,501240.0
2025-07-14 23:30:00,0.11888,0.11986,0.11882,0.11975,902672.0
2025-07-15 00:00:00,0.11967,0.1198,0.11855,0.11955,2360513.0
2025-07-15 00:30:00,0.11956,0.11957,0.11812,0.11886,2185413.0
2025-07-15 01:00:00,0.11889,0.12252,0.11759,0.1193,18710979.0
2025-07-15 01:30:00,0.11924,0.1206,0.11868,0.11953,5916179.0
2025-07-15 02:00:00,0.1195,0.11958,0.11831,0.11885,3575285.0
2025-07-15 02:30:00,0.11883,0.12134,0.11875,0.12084,5219131.0
2025-07-15 03:00:00,0.12082,0.12255,0.12007,0.12164,9442263.0
2025-07-15 03:30:00,0.12165,0.12412,0.1213,0.12376,6350693.0
2025-07-15 04:00:00,0.12372,0.12419,0.12236,0.12364,9822656.0
2025-07-15 04:30:00,0.12369,0.12458,0.121,0.12284,8971562.0
2025-07-15 05:00:00,0.12285,0.12323,0.12182,0.12187,4158943.0
2025-07-15 05:30:00,0.12186,0.12316,0.12158,0.12233,3556901.0
2025-07-15 06:00:00,0.12232,0.12319,0.12193,0.12247,3080488.0
2025-07-15 06:30:00,0.12246,0.12284,0.12199,0.12275,1545296.0
2025-07-15 07:00:00,0.12273,0.12525,0.12206,0.12486,9714275.0
2025-07-15 07:30:00,0.12485,0.12704,0.12431,0.12512,18239290.0
2025-07-15 08:00:00,0.12513,0.12594,0.12351,0.12548,7675010.0
2025-07-15 08:30:00,0.12546,0.12558,0.12393,0.12515,4971678.0
2025-07-15 09:00:00,0.12512,0.12723,0.12488,0.12687,6802536.0
2025-07-15 09:30:00,0.1269,0.12721,0.125,0.12563,7008238.0
2025-07-15 10:00:00,0.12564,0.12757,0.12515,0.12757,4307687.0
2025-07-15 10:30:00,0.12752,0.12799,0.12578,0.12644,6406856.0
2025-07-15 11:00:00,0.12644,0.12644,0.12543,0.12593,3707065.0
2025-07-15 11:30:00,0.12592,0.12737,0.12586,0.12708,3929225.0
2025-07-15 12:00:00,0.12705,0.12816,0.12611,0.12611,5947572.0
2025-07-15 12:30:00,0.12616,0.12697,0.12416,0.12549,10195389.0
2025-07-15 13:00:00,0.12552,0.12576,0.12464,0.12477,3813077.0
2025-07-15 13:30:00,0.12477,0.12515,0.12356,0.12429,6465780.0
2025-07-15 14:00:00,0.12433,0.12473,0.12375,0.12423,3950114.0
2025-07-15 14:30:00,0.12423,0.12426,0.12183,0.12232,4903643.0
2025-07-15 15:00:00,0.12237,0.12326,0.12218,0.12259,2747319.0
2025-07-15 15:30:00,0.12259,0.12442,0.12259,0.12424,3108950.0
2025-07-15 16:00:00,0.12424,0.12488,0.12406,0.12433,2888198.0
2025-07-15 16:30:00,0.12438,0.12492,0.12421,0.12491,1458079.0
2025-07-15 17:00:00,0.12493,0.12521,0.12466,0.12496,1083107.0
2025-07-15 17:30:00,0.12496,0.1256,0.12487,0.12544,1211685.0
2025-07-15 18:00:00,0.12543,0.1258,0.12533,0.12564,1373465.0
2025-07-15 18:30:00,0.12568,0.1257,0.12477,0.12553,1699161.0
2025-07-15 19:00:00,0.12553,0.12618,0.12547,0.12613,1158812.0
2025-07-15 19:30:00,0.12612,0.12614,0.12478,0.12494,1159574.0
2025-07-15 20:00:00,0.12496,0.12573,0.12455,0.12569,1263035.0
2025-07-15 20:30:00,0.12569,0.126,0.12539,0.12546,908721.0
2025-07-15 21:00:00,0.12549,0.12678,0.12546,0.12668,1407293.0
2025-07-15 21:30:00,0.12671,0.12698,0.12659,0.12675,837597.0
2025-07-15 22:00:00,0.12675,0.12707,0.12635,0.12678,1644431.0
2025-07-15 22:30:00,0.12676,0.12823,0.12671,0.12789,2698555.0
2025-07-15 23:00:00,0.12786,0.12831,0.12651,0.12704,6742232.0
2025-07-15 23:30:00,0.12705,0.12755,0.12679,0.1274,2308270.0
2025-07-16 00:00:00,0.12738,0.12739,0.12526,0.1257,4683144.0
2025-07-16 00:30:00,0.1257,0.1285,0.12553,0.12629,7974659.0
2025-07-16 01:00:00,0.12629,0.12632,0.12509,0.12606,4176374.0
2025-07-16 01:30:00,0.1261,0.12646,0.124,0.12456,4892043.0
2025-07-16 02:00:00,0.12459,0.12547,0.12443,0.12463,3326762.0
2025-07-16 02:30:00,0.12462,0.12509,0.12372,0.12487,4260292.0
2025-07-16 03:00:00,0.12488,0.12502,0.12429,0.12463,1394525.0
2025-07-16 03:30:00,0.12464,0.12482,0.12423,0.12447,1007124.0
2025-07-16 04:00:00,0.12446,0.12457,0.12354,0.12407,1587524.0
2025-07-16 04:30:00,0.12405,0.12411,0.12315,0.12377,1907800.0
2025-07-16 05:00:00,0.12381,0.12442,0.12359,0.12417,1591026.0
2025-07-16 05:30:00,0.12416,0.12458,0.12394,0.12407,989510.0
2025-07-16 06:00:00,0.12408,0.12477,0.12395,0.12422,1758463.0
2025-07-16 06:30:00,0.12421,0.12518,0.12403,0.12489,1305068.0
2025-07-16 07:00:00,0.12485,0.12513,0.12436,0.12513,1191946.0
2025-07-16 07:30:00,0.12511,0.12582,0.12489,0.12499,2007224.0
2025-07-16 08:00:00,0.12499,0.12545,0.1245,0.12475,1674892.0
2025-07-16 08:30:00,0.12475,0.1248,0.1243,0.12479,1050579.0
2025-07-16 09:00:00,0.12478,0.1252,0.12451,0.12507,1288206.0
2025-07-16 09:30:00,0.12508,0.12511,0.12452,0.12506,1011724.0
2025-07-16 10:00:00,0.12509,0.12517,0.12475,0.12488,650976.0
2025-07-16 10:30:00,0.12486,0.12504,0.12445,0.12445,1253892.0
2025-07-16 11:00:00,0.12446,0.12465,0.12409,0.12444,1264098.0
2025-07-16 11:30:00,0.12445,0.12457,0.12355,0.12402,1838376.0
2025-07-16 12:00:00,0.12401,0.12457,0.12399,0.12433,1068591.0
2025-07-16 12:30:00,0.12435,0.12498,0.12411,0.12466,1775349.0
2025-07-16 13:00:00,0.12466,0.12499,0.12431,0.12459,1719215.0
2025-07-16 13:30:00,0.1246,0.12496,0.12434,0.12492,1498071.0
2025-07-16 14:00:00,0.12494,0.12494,0.12421,0.12443,1059559.0
2025-07-16 14:30:00,0.12443,0.12494,0.12436,0.12485,1380593.0
2025-07-16 15:00:00,0.12491,0.12505,0.1233,0.1248,3592600.0
2025-07-16 15:30:00,0.12479,0.12487,0.12381,0.12486,1273685.0
2025-07-16 16:00:00,0.12484,0.12538,0.12457,0.1253,1169420.0
2025-07-16 16:30:00,0.12526,0.12552,0.12493,0.12521,1128508.0
2025-07-16 17:00:00,0.12522,0.12541,0.1247,0.12488,1238683.0
2025-07-16 17:30:00,0.12487,0.12515,0.12475,0.12498,757525.0
2025-07-16 18:00:00,0.12497,0.12546,0.12496,0.12529,1503335.0
2025-07-16 18:30:00,0.12529,0.12596,0.12526,0.12542,1319629.0
2025-07-16 19:00:00,0.12544,0.1255,0.12498,0.12534,747345.0
2025-07-16 19:30:00,0.12535,0.12535,0.12493,0.12512,567800.0
2025-07-16 20:00:00,0.12511,0.12594,0.12505,0.12594,1326127.0
2025-07-16 20:30:00,0.12592,0.12626,0.12559,0.12616,1452511.0
2025-07-16 21:00:00,0.12617,0.12654,0.12603,0.12654,896772.0
2025-07-16 21:30:00,0.12655,0.12713,0.12631,0.12713,1394701.0
2025-07-16 22:00:00,0.12711,0.12721,0.12666,0.12701,1175017.0
2025-07-16 22:30:00,0.12704,0.12704,0.12585,0.12617,2413718.0
2025-07-16 23:00:00,0.12619,0.12663,0.12569,0.12661,1394960.0
2025-07-16 23:30:00,0.12659,0.12855,0.12636,0.12854,2158260.0
2025-07-17 00:00:00,0.12853,0.1287,0.12701,0.12748,3038917.0
2025-07-17 00:30:00,0.12742,0.12785,0.12661,0.12663,1698773.0
2025-07-17 01:00:00,0.12661,0.12678,0.12522,0.12531,2576326.0
2025-07-17 01:30:00,0.1253,0.12544,0.12402,0.12468,2507745.0
2025-07-17 02:00:00,0.12462,0.12548,0.12442,0.12522,1179376.0
2025-07-17 02:30:00,0.12519,0.12566,0.12501,0.12545,741265.0
2025-07-17 03:00:00,0.12545,0.12555,0.12417,0.12445,1478333.0
2025-07-17 03:30:00,0.12443,0.12509,0.12404,0.12498,1073563.0
2025-07-17 04:00:00,0.12497,0.12534,0.12462,0.12486,1061831.0
2025-07-17 04:30:00,0.12487,0.12512,0.12433,0.12477,843848.0
2025-07-17 05:00:00,0.12477,0.12484,0.1243,0.12477,614926.0
2025-07-17 05:30:00,0.12482,0.12517,0.12436,0.12512,1095566.0
2025-07-17 06:00:00,0.12513,0.12559,0.1245,0.1254,1558357.0
2025-07-17 06:30:00,0.12541,0.12643,0.12527,0.12583,1822978.0
2025-07-17 07:00:00,0.12585,0.12585,0.12486,0.12507,1699947.0
2025-07-17 07:30:00,0.12505,0.12568,0.12505,0.12527,1037194.0
2025-07-17 08:00:00,0.12531,0.12544,0.12497,0.12506,825783.0
2025-07-17 08:30:00,0.12508,0.12512,0.12435,0.12499,1295966.0
2025-07-17 09:00:00,0.12498,0.12519,0.12472,0.12511,1901545.0
2025-07-17 09:30:00,0.12507,0.12573,0.12447,0.12478,3562669.0
2025-07-17 10:00:00,0.12479,0.12522,0.12469,0.12499,2212068.0
2025-07-17 10:30:00,0.12499,0.12529,0.12489,0.12513,1533675.0
2025-07-17 11:00:00,0.1251,0.12544,0.12491,0.12532,1152524.0
2025-07-17 11:30:00,0.12533,0.1254,0.12488,0.125,952693.0
2025-07-17 12:00:00,0.12499,0.12512,0.12434,0.12448,1921888.0
2025-07-17 12:30:00,0.12446,0.12544,0.12446,0.12519,1018757.0
2025-07-17 13:00:00,0.12519,0.12574,0.12503,0.12566,908661.0
2025-07-17 13:30:00,0.12566,0.12567,0.12414,0.12504,2035704.0
2025-07-17 14:00:00,0.12506,0.12544,0.12453,0.12497,1276458.0
2025-07-17 14:30:00,0.125,0.12532,0.12451,0.12459,870859.0
2025-07-17 15:00:00,0.1246,0.12507,0.12312,0.12323,3467738.0
2025-07-17 15:30:00,0.1232,0.1238,0.12318,0.12353,1321331.0
2025-07-17 16:00:00,0.12349,0.12382,0.12242,0.12279,2982481.0
2025-07-17 16:30:00,0.1228,0.12329,0.12174,0.12286,3083986.0
2025-07-17 17:00:00,0.12283,0.12356,0.12277,0.12289,1558387.0
2025-07-17 17:30:00,0.12287,0.12377,0.12268,0.12361,1067452.0
2025-07-17 18:00:00,0.12366,0.12401,0.12353,0.12392,1070485.0
2025-07-17 18:30:00,0.12391,0.12415,0.12369,0.12386,655568.0
2025-07-17 19:00:00,0.12387,0.12429,0.12383,0.1239,735441.0
2025-07-17 19:30:00,0.1239,0.12429,0.12243,0.1225,1106670.0
2025-07-17 20:00:00,0.1225,0.12311,0.12173,0.12282,2426397.0
2025-07-17 20:30:00,0.12283,0.1232,0.12275,0.1232,933896.0
2025-07-17 21:00:00,0.1232,0.12418,0.12311,0.12378,2358832.0
2025-07-17 21:30:00,0.12382,0.12397,0.12307,0.12394,889714.0
2025-07-17 22:00:00,0.12391,0.12513,0.12381,0.12499,1510324.0
2025-07-17 22:30:00,0.125,0.12626,0.12489,0.12555,1734342.0
2025-07-17 23:00:00,0.12556,0.12628,0.12529,0.12574,2205700.0
2025-07-17 23:30:00,0.12573,0.12577,0.12475,0.12574,2075362.0
2025-07-18 00:00:00,0.12573,0.12598,0.12433,0.12459,3542214.0
2025-07-18 00:30:00,0.12457,0.12506,0.12417,0.12434,2933264.0
2025-07-18 01:00:00,0.12437,0.12478,0.12371,0.12391,3371020.0
2025-07-18 01:30:00,0.12391,0.12462,0.12376,0.12449,1471427.0
2025-07-18 02:00:00,0.1245,0.12482,0.12397,0.12465,1572103.0
2025-07-18 02:30:00,0.12466,0.12513,0.12452,0.12497,1542059.0
2025-07-18 03:00:00,0.12495,0.12573,0.12484,0.1255,916377.0
2025-07-18 03:30:00,0.12551,0.12574,0.12513,0.12534,765264.0
2025-07-18 04:00:00,0.12536,0.12584,0.12532,0.12566,1547395.0
2025-07-18 04:30:00,0.12568,0.12602,0.12541,0.12591,1334963.0
2025-07-18 05:00:00,0.12591,0.12689,0.12587,0.12676,1437160.0
2025-07-18 05:30:00,0.12677,0.12754,0.12669,0.12751,1288242.0
2025-07-18 06:00:00,0.12751,0.12751,0.12632,0.12652,2227126.0
2025-07-18 06:30:00,0.12652,0.12714,0.12647,0.12702,1051105.0
2025-07-18 07:00:00,0.12702,0.12762,0.12598,0.12598,2090565.0
2025-07-18 07:30:00,0.12603,0.12667,0.12527,0.12543,2680958.0
2025-07-18 08:00:00,0.12545,0.12684,0.1254,0.12641,2911216.0
2025-07-18 08:30:00,0.12641,0.12641,0.12478,0.12564,2267618.0
2025-07-18 09:00:00,0.12564,0.12595,0.12527,0.12557,1004473.0
2025-07-18 09:30:00,0.12555,0.12633,0.12528,0.1263,1278439.0
2025-07-18 10:00:00,0.12629,0.12654,0.12517,0.1256,1307930.0
2025-07-18 10:30:00,0.1256,0.12617,0.12545,0.12608,765331.0
2025-07-18 11:00:00,0.12608,0.12611,0.12463,0.1249,1464012.0
2025-07-18 11:30:00,0.12488,0.12515,0.12458,0.12486,934624.0
2025-07-18 12:00:00,0.12483,0.12544,0.12475,0.12489,1041622.0
2025-07-18 12:30:00,0.12489,0.12583,0.12488,0.12583,1052039.0
2025-07-18 13:00:00,0.12579,0.12579,0.12485,0.12536,1500669.0
2025-07-18 13:30:00,0.12535,0.12572,0.12508,0.12522,1347466.0
2025-07-18 14:00:00,0.12522,0.12552,0.12342,0.12357,2405096.0
2025-07-18 14:30:00,0.12356,0.1237,0.12293,0.12345,2118232.0
2025-07-18 15:00:00,0.12341,0.12361,0.12133,0.12162,3196026.0
2025-07-18 15:30:00,0.12166,0.12245,0.12157,0.12211,2018179.0
2025-07-18 16:00:00,0.12212,0.12295,0.1219,0.12283,1644903.0
2025-07-18 16:30:00,0.12279,0.12344,0.12265,0.12284,761532.0
2025-07-18 17:00:00,0.12285,0.12326,0.12237,0.1232,798218.0
2025-07-18 17:30:00,0.12323,0.12344,0.12287,0.12326,702582.0
2025-07-18 18:00:00,0.12324,0.12324,0.1225,0.12297,460946.0
2025-07-18 18:30:00,0.12301,0.12313,0.12245,0.12252,796814.0
2025-07-18 19:00:00,0.12252,0.12324,0.122,0.12304,1181704.0
2025-07-18 19:30:00,0.12304,0.12304,0.122,0.12241,819124.0
2025-07-18 20:00:00,0.12248,0.12267,0.12102,0.12118,1552948.0
2025-07-18 20:30:00,0.12122,0.12212,0.12029,0.12172,3703297.0
2025-07-18 21:00:00,0.12173,0.1227,0.12157,0.12252,1251980.0
2025-07-18 21:30:00,0.12254,0.12327,0.12225,0.12249,922722.0
2025-07-18 22:00:00,0.12245,0.12315,0.122,0.12307,1374271.0
2025-07-18 22:30:00,0.12311,0.1232,0.12179,0.1222,1362653.0
2025-07-18 23:00:00,0.12221,0.12248,0.12129,0.12231,2097622.0
2025-07-18 23:30:00,0.12231,0.12337,0.12231,0.12288,1067758.0
2025-07-19 00:00:00,0.12292,0.12985,0.1229,0.12536,25740946.0
2025-07-19 00:30:00,0.12541,0.1274,0.12473,0.12676,11102685.0
2025-07-19 01:00:00,0.12672,0.128,0.1253,0.12687,10894725.0
2025-07-19 01:30:00,0.12687,0.13714,0.12686,0.13704,34023789.0
2025-07-19 02:00:00,0.13706,0.1396,0.13233,0.13454,50430331.0
2025-07-19 02:30:00,0.13457,0.13716,0.13126,0.13383,22300464.0
2025-07-19 03:00:00,0.13382,0.13441,0.1301,0.13395,17232470.0
2025-07-19 03:30:00,0.13394,0.13683,0.13356,0.13554,16087580.0
2025-07-19 04:00:00,0.13548,0.13548,0.13171,0.13284,10921395.0
2025-07-19 04:30:00,0.1328,0.13285,0.13049,0.13061,6869538.0
2025-07-19 05:00:00,0.13062,0.13074,0.12826,0.12838,9976109.0
2025-07-19 05:30:00,0.12837,0.12939,0.12836,0.12913,3751763.0
2025-07-19 06:00:00,0.12916,0.12941,0.12713,0.1273,4366703.0
2025-07-19 06:30:00,0.12728,0.12867,0.1269,0.12826,4540514.0
2025-07-19 07:00:00,0.12829,0.12892,0.12774,0.12797,2065582.0
2025-07-19 07:30:00,0.12797,0.12918,0.12775,0.12888,2092431.0
2025-07-19 08:00:00,0.12889,0.12936,0.12775,0.12779,3364114.0
2025-07-19 08:30:00,0.12784,0.12926,0.12733,0.12884,2918964.0
2025-07-19 09:00:00,0.12887,0.12887,0.12742,0.12761,2598344.0
2025-07-19 09:30:00,0.12762,0.12791,0.12722,0.12764,853136.0
2025-07-19 10:00:00,0.1276,0.12767,0.12636,0.12747,3293583.0
2025-07-19 10:30:00,0.12748,0.1278,0.12714,0.1275,1786912.0
2025-07-19 11:00:00,0.1275,0.12793,0.12694,0.12772,2485183.0
2025-07-19 11:30:00,0.12775,0.1286,0.12743,0.12748,3644493.0
2025-07-19 12:00:00,0.12749,0.12813,0.12701,0.12799,2426905.0
2025-07-19 12:30:00,0.128,0.12876,0.1276,0.12866,1622593.0
2025-07-19 13:00:00,0.12868,0.1287,0.12768,0.12809,1295997.0
2025-07-19 13:30:00,0.12804,0.12916,0.12771,0.12805,2852437.0
2025-07-19 14:00:00,0.12804,0.12808,0.12656,0.12684,2794802.0
2025-07-19 14:30:00,0.12685,0.127,0.12524,0.12591,3498921.0
2025-07-19 15:00:00,0.12588,0.12738,0.12566,0.12705,1987744.0
2025-07-19 15:30:00,0.12708,0.12722,0.12662,0.1269,1359185.0
2025-07-19 16:00:00,0.12695,0.12792,0.12637,0.12762,1666874.0
2025-07-19 16:30:00,0.12762,0.1282,0.12729,0.12782,1717337.0
2025-07-19 17:00:00,0.1278,0.12789,0.12648,0.12651,1728014.0
2025-07-19 17:30:00,0.12654,0.12766,0.12654,0.12762,1246824.0
2025-07-19 18:00:00,0.12762,0.12762,0.12677,0.12704,1483997.0
2025-07-19 18:30:00,0.12708,0.1275,0.12708,0.12716,735766.0
2025-07-19 19:00:00,0.12718,0.12762,0.12667,0.12737,1212748.0
2025-07-19 19:30:00,0.12738,0.12813,0.12738,0.12798,1010376.0
2025-07-19 20:00:00,0.12797,0.12805,0.12758,0.12803,1141366.0
2025-07-19 20:30:00,0.12804,0.12842,0.12783,0.12783,652542.0
2025-07-19 21:00:00,0.12783,0.1295,0.12775,0.1288,2464843.0
2025-07-19 21:30:00,0.12879,0.12879,0.12721,0.12821,1413447.0
2025-07-19 22:00:00,0.1282,0.12874,0.12765,0.12793,1210483.0
2025-07-19 22:30:00,0.12788,0.12855,0.12774,0.12841,1101128.0
2025-07-19 23:00:00,0.12843,0.12959,0.12812,0.12926,1943350.0
2025-07-19 23:30:00,0.12923,0.12975,0.1287,0.12968,2525816.0
2025-07-20 00:00:00,0.12962,0.13322,0.12798,0.13037,22392625.0
2025-07-20 00:30:00,0.13039,0.13271,0.12853,0.13142,10251615.0
2025-07-20 01:00:00,0.13142,0.13268,0.1301,0.13162,7537580.0
2025-07-20 01:30:00,0.13163,0.13509,0.13147,0.13302,10673224.0
2025-07-20 02:00:00,0.13303,0.13428,0.13266,0.13334,5047547.0
2025-07-20 02:30:00,0.13334,0.13345,0.13167,0.1321,4575377.0
2025-07-20 03:00:00,0.13208,0.13333,0.13199,0.13299,4126259.0
2025-07-20 03:30:00,0.13302,0.13405,0.13271,0.13361,2434072.0
2025-07-20 04:00:00,0.13362,0.134,0.13292,0.13298,3238581.0
2025-07-20 04:30:00,0.13292,0.13632,0.13259,0.13408,10970522.0
2025-07-20 05:00:00,0.13406,0.13476,0.13375,0.13463,3083971.0
2025-07-20 05:30:00,0.13463,0.13568,0.13462,0.13508,4074072.0
2025-07-20 06:00:00,0.13508,0.13613,0.13462,0.13573,2326708.0
2025-07-20 06:30:00,0.13568,0.13713,0.13449,0.13535,5397558.0
2025-07-20 07:00:00,0.13531,0.13554,0.13406,0.13505,2500549.0
2025-07-20 07:30:00,0.13503,0.13514,0.13413,0.13437,1686036.0
2025-07-20 08:00:00,0.13435,0.13481,0.13336,0.1342,3465465.0
2025-07-20 08:30:00,0.13419,0.13567,0.13395,0.13548,3433796.0
2025-07-20 09:00:00,0.13548,0.13597,0.13496,0.13553,2574468.0
2025-07-20 09:30:00,0.13556,0.13619,0.13528,0.13543,2084631.0
2025-07-20 10:00:00,0.13544,0.13545,0.13471,0.13486,1829867.0
2025-07-20 10:30:00,0.13488,0.13607,0.1347,0.13587,1458510.0
2025-07-20 11:00:00,0.13589,0.13878,0.13589,0.13807,4953755.0
2025-07-20 11:30:00,0.13809,0.13826,0.13711,0.13731,2197935.0
2025-07-20 12:00:00,0.13729,0.14438,0.13723,0.14103,21351847.0
2025-07-20 12:30:00,0.14106,0.14729,0.14092,0.14555,20389840.0
2025-07-20 13:00:00,0.14556,0.14641,0.14278,0.14345,11705069.0
2025-07-20 13:30:00,0.14345,0.14364,0.14206,0.14263,6733827.0
2025-07-20 14:00:00,0.14262,0.14332,0.1381,0.13892,12715850.0
2025-07-20 14:30:00,0.13888,0.13945,0.13828,0.13921,4848837.0
2025-07-20 15:00:00,0.13917,0.13933,0.13667,0.13846,4836240.0
2025-07-20 15:30:00,0.13847,0.13879,0.13717,0.1376,2765588.0
2025-07-20 16:00:00,0.1376,0.13863,0.13738,0.13843,2847729.0
2025-07-20 16:30:00,0.13843,0.13851,0.13744,0.1379,2645150.0
2025-07-20 17:00:00,0.13791,0.13933,0.13756,0.13883,4547470.0
2025-07-20 17:30:00,0.13884,0.13889,0.13783,0.13797,1704314.0
2025-07-20 18:00:00,0.13801,0.13808,0.13675,0.1374,1481077.0
2025-07-20 18:30:00,0.13737,0.13808,0.13716,0.13787,779341.0
2025-07-20 19:00:00,0.13788,0.13885,0.13777,0.13858,1545539.0
2025-07-20 19:30:00,0.1386,0.13876,0.13802,0.1386,794533.0
2025-07-20 20:00:00,0.13857,0.139,0.13793,0.13855,1335251.0
2025-07-20 20:30:00,0.13854,0.13987,0.13852,0.13969,971964.0
2025-07-20 21:00:00,0.13971,0.14044,0.13879,0.13983,2321059.0
2025-07-20 21:30:00,0.13985,0.14096,0.13985,0.14042,966863.0
2025-07-20 22:00:00,0.14044,0.14058,0.13581,0.13947,7944021.0
2025-07-20 22:30:00,0.13941,0.13975,0.13831,0.13909,3207607.0
2025-07-20 23:00:00,0.13915,0.14042,0.13808,0.14016,2489038.0
2025-07-20 23:30:00,0.14018,0.14342,0.14016,0.14203,7555841.0
2025-07-21 00:00:00,0.14205,0.14219,0.13683,0.1391,10655090.0
2025-07-21 00:30:00,0.13911,0.13995,0.13813,0.13972,3268395.0
2025-07-21 01:00:00,0.13974,0.14022,0.13759,0.13844,3588924.0
2025-07-21 01:30:00,0.13846,0.13907,0.13772,0.13884,2104740.0
2025-07-21 02:00:00,0.13886,0.13933,0.13825,0.13893,1870218.0
2025-07-21 02:30:00,0.13892,0.13894,0.13685,0.13717,3284815.0
2025-07-21 03:00:00,0.13716,0.13948,0.13648,0.13927,3217162.0
2025-07-21 03:30:00,0.13927,0.13927,0.13787,0.13865,1689115.0
2025-07-21 04:00:00,0.13863,0.13902,0.1381,0.13873,1596626.0
2025-07-21 04:30:00,0.1387,0.13924,0.1384,0.13869,1045298.0
2025-07-21 05:00:00,0.13867,0.13999,0.13841,0.13977,1160882.0
2025-07-21 05:30:00,0.13979,0.1405,0.13899,0.1392,2544627.0
2025-07-21 06:00:00,0.13919,0.1401,0.13913,0.14002,1379407.0
2025-07-21 06:30:00,0.13999,0.1408,0.13971,0.14056,1759216.0
2025-07-21 07:00:00,0.14058,0.14149,0.14054,0.14121,1747077.0
2025-07-21 07:30:00,0.14122,0.14171,0.14048,0.14092,1324375.0
2025-07-21 08:00:00,0.1409,0.14153,0.14032,0.14153,1225669.0
2025-07-21 08:30:00,0.14149,0.14164,0.13959,0.14015,1661890.0
2025-07-21 09:00:00,0.14013,0.14095,0.13976,0.14007,1698784.0
2025-07-21 09:30:00,0.14004,0.14049,0.13973,0.14013,2739740.0
2025-07-21 10:00:00,0.14014,0.14072,0.1398,0.14022,1182679.0
2025-07-21 10:30:00,0.14022,0.14153,0.13993,0.14139,1657507.0
2025-07-21 11:00:00,0.1414,0.14194,0.141,0.14138,1216511.0
2025-07-21 11:30:00,0.14135,0.14176,0.14041,0.14055,1348539.0
2025-07-21 12:00:00,0.14056,0.14141,0.14045,0.14112,1187475.0
2025-07-21 12:30:00,0.14114,0.14141,0.1407,0.14075,1144266.0
2025-07-21 13:00:00,0.14075,0.14097,0.13969,0.14022,1326606.0
2025-07-21 13:30:00,0.14022,0.14102,0.13984,0.14072,1080905.0
2025-07-21 14:00:00,0.14073,0.1409,0.13972,0.14069,1842963.0
2025-07-21 14:30:00,0.14069,0.14149,0.14059,0.14091,1847941.0
2025-07-21 15:00:00,0.14094,0.14118,0.14026,0.14043,1559708.0
2025-07-21 15:30:00,0.14045,0.14063,0.13923,0.13997,2569847.0
2025-07-21 16:00:00,0.13997,0.14274,0.1397,0.1426,5797109.0
2025-07-21 16:30:00,0.1426,0.1455,0.14231,0.14485,9903458.0
2025-07-21 17:00:00,0.14477,0.14649,0.14233,0.14371,10667043.0
2025-07-21 17:30:00,0.14372,0.14573,0.1437,0.14563,3885125.0
2025-07-21 18:00:00,0.1456,0.14572,0.14339,0.14404,3732950.0
2025-07-21 18:30:00,0.1441,0.14422,0.14277,0.14312,1867153.0
2025-07-21 19:00:00,0.14309,0.14407,0.14156,0.14171,2516887.0
2025-07-21 19:30:00,0.14171,0.14195,0.14088,0.14178,2130282.0
2025-07-21 20:00:00,0.14176,0.14303,0.14114,0.14238,1940483.0
2025-07-21 20:30:00,0.14237,0.14322,0.14234,0.14297,1058552.0
2025-07-21 21:00:00,0.14294,0.14348,0.14267,0.14302,703001.0
2025-07-21 21:30:00,0.14302,0.1446,0.14266,0.14421,849023.0
2025-07-21 22:00:00,0.14425,0.14425,0.14317,0.14367,1099486.0
2025-07-21 22:30:00,0.14368,0.14522,0.14353,0.14497,1913480.0
2025-07-21 23:00:00,0.14497,0.14658,0.1442,0.14653,3176376.0
2025-07-21 23:30:00,0.14653,0.1475,0.14615,0.14643,3673222.0
2025-07-22 00:00:00,0.1464,0.14837,0.14453,0.14614,12522955.0
2025-07-22 00:30:00,0.14611,0.14705,0.14259,0.14292,5545011.0
2025-07-22 01:00:00,0.1429,0.14296,0.13865,0.14164,8524376.0
2025-07-22 01:30:00,0.1416,0.14275,0.14131,0.14199,3318527.0
2025-07-22 02:00:00,0.14201,0.14208,0.14054,0.14167,2186014.0
2025-07-22 02:30:00,0.1417,0.1432,0.14007,0.14115,3413539.0
2025-07-22 03:00:00,0.14114,0.14151,0.13973,0.1404,2097315.0
2025-07-22 03:30:00,0.14034,0.14086,0.13966,0.14057,2497677.0
2025-07-22 04:00:00,0.14057,0.14096,0.13811,0.13832,2665129.0
2025-07-22 04:30:00,0.13834,0.13977,0.13665,0.13682,4433594.0
2025-07-22 05:00:00,0.13677,0.1394,0.13672,0.13812,3788899.0
2025-07-22 05:30:00,0.13811,0.13872,0.13725,0.13869,2288546.0
2025-07-22 06:00:00,0.13872,0.14026,0.13822,0.14002,1468003.0
2025-07-22 06:30:00,0.14004,0.14027,0.13896,0.13958,1368162.0
2025-07-22 07:00:00,0.13959,0.14031,0.1394,0.1402,980910.0
2025-07-22 07:30:00,0.14024,0.14033,0.13885,0.13898,1374801.0
2025-07-22 08:00:00,0.13897,0.139,0.13562,0.13593,5910319.0
2025-07-22 08:30:00,0.13593,0.13717,0.13592,0.13675,2575610.0
2025-07-22 09:00:00,0.13676,0.13748,0.13553,0.13712,2595039.0
2025-07-22 09:30:00,0.13716,0.13855,0.13716,0.13757,1738356.0
2025-07-22 10:00:00,0.1376,0.13851,0.13749,0.13817,1101224.0
2025-07-22 10:30:00,0.13821,0.13921,0.13818,0.13871,1657836.0
2025-07-22 11:00:00,0.13868,0.13906,0.13787,0.13815,1379331.0
2025-07-22 11:30:00,0.13818,0.13901,0.13747,0.13834,1255039.0
2025-07-22 12:00:00,0.13831,0.13926,0.13831,0.13908,1291101.0
2025-07-22 12:30:00,0.13904,0.13949,0.13826,0.13949,1779992.0
2025-07-22 13:00:00,0.13948,0.13971,0.13859,0.13893,1213337.0
2025-07-22 13:30:00,0.13893,0.13992,0.13765,0.13776,2369915.0
2025-07-22 14:00:00,0.13776,0.13859,0.13676,0.13825,1705680.0
2025-07-22 14:30:00,0.13824,0.13914,0.13812,0.13914,987376.0
2025-07-22 15:00:00,0.13915,0.13988,0.13881,0.13899,1228892.0
2025-07-22 15:30:00,0.139,0.13929,0.13839,0.13913,880338.0
2025-07-22 16:00:00,0.13912,0.1396,0.13838,0.13934,1001206.0
2025-07-22 16:30:00,0.13936,0.13968,0.13887,0.13919,710307.0
2025-07-22 17:00:00,0.13921,0.13949,0.13817,0.13868,1377767.0
2025-07-22 17:30:00,0.13869,0.13913,0.13791,0.1383,1647408.0
2025-07-22 18:00:00,0.13836,0.13915,0.13797,0.13901,1045217.0
2025-07-22 18:30:00,0.13912,0.13988,0.13874,0.13955,1387182.0
2025-07-22 19:00:00,0.13954,0.13966,0.13887,0.13914,591924.0
2025-07-22 19:30:00,0.13917,0.13917,0.1377,0.13801,907593.0
2025-07-22 20:00:00,0.138,0.13896,0.13783,0.13886,1038767.0
2025-07-22 20:30:00,0.13885,0.13937,0.13857,0.1393,837298.0
2025-07-22 21:00:00,0.13931,0.13974,0.13864,0.13951,687285.0
2025-07-22 21:30:00,0.13951,0.14094,0.13944,0.14053,906195.0
2025-07-22 22:00:00,0.14054,0.14071,0.13994,0.14053,1001611.0
2025-07-22 22:30:00,0.14056,0.14128,0.14041,0.14116,674868.0
2025-07-22 23:00:00,0.14117,0.14195,0.14114,0.14179,611602.0
2025-07-22 23:30:00,0.14176,0.1424,0.14118,0.14205,1388179.0
2025-07-23 00:00:00,0.14203,0.14802,0.14192,0.14466,28942575.0
2025-07-23 00:30:00,0.14468,0.14576,0.14251,0.14293,5757667.0
2025-07-23 01:00:00,0.14299,0.14406,0.14082,0.14353,7148956.0
2025-07-23 01:30:00,0.14355,0.14515,0.14326,0.14488,2561712.0
2025-07-23 02:00:00,0.1449,0.14526,0.14418,0.14517,3575477.0
2025-07-23 02:30:00,0.14518,0.15925,0.1448,0.15173,49128180.0
2025-07-23 03:00:00,0.15171,0.1615,0.15149,0.15707,46686983.0
2025-07-23 03:30:00,0.15698,0.16225,0.15587,0.15846,29864636.0
2025-07-23 04:00:00,0.15853,0.16132,0.15727,0.15983,15659333.0
2025-07-23 04:30:00,0.15987,0.16045,0.15647,0.15813,11176244.0
2025-07-23 05:00:00,0.15813,0.16542,0.15802,0.16407,18049709.0
2025-07-23 05:30:00,0.16413,0.16665,0.15836,0.16051,23986882.0
2025-07-23 06:00:00,0.16046,0.16226,0.15725,0.15818,12517365.0
2025-07-23 06:30:00,0.15815,0.16058,0.1577,0.15985,8205095.0
2025-07-23 07:00:00,0.15987,0.16014,0.15818,0.15902,4879319.0
2025-07-23 07:30:00,0.15907,0.1604,0.15734,0.15845,8743837.0
2025-07-23 08:00:00,0.15846,0.15852,0.1522,0.15356,16139330.0
2025-07-23 08:30:00,0.15353,0.15483,0.15299,0.15377,6259478.0
2025-07-23 09:00:00,0.15381,0.15392,0.15019,0.15061,11271302.0
2025-07-23 09:30:00,0.15062,0.15063,0.14859,0.14893,8617181.0
2025-07-23 10:00:00,0.14892,0.1501,0.14682,0.14973,8700034.0
2025-07-23 10:30:00,0.14971,0.15144,0.14952,0.15101,7798685.0
2025-07-23 11:00:00,0.15097,0.15621,0.15013,0.15403,15862742.0
2025-07-23 11:30:00,0.15398,0.15814,0.15271,0.15391,22077933.0
2025-07-23 12:00:00,0.15389,0.15456,0.15096,0.15216,14169005.0
2025-07-23 12:30:00,0.15216,0.15348,0.14974,0.15002,8676959.0
2025-07-23 13:00:00,0.1501,0.15224,0.14899,0.14946,9137907.0
2025-07-23 13:30:00,0.14947,0.14964,0.142,0.14287,23163594.0
2025-07-23 14:00:00,0.14287,0.14564,0.14264,0.14537,8648329.0
2025-07-23 14:30:00,0.14532,0.1499,0.14394,0.1466,14955625.0
2025-07-23 15:00:00,0.14656,0.14699,0.14434,0.14588,6082281.0
2025-07-23 15:30:00,0.14588,0.14801,0.14588,0.14731,4195989.0
2025-07-23 16:00:00,0.14724,0.14819,0.14536,0.14605,6329657.0
2025-07-23 16:30:00,0.14612,0.14612,0.14452,0.1448,3221073.0
2025-07-23 17:00:00,0.14486,0.14538,0.14365,0.1442,5231893.0
2025-07-23 17:30:00,0.14417,0.14602,0.1438,0.14589,2127982.0
2025-07-23 18:00:00,0.14594,0.14702,0.14518,0.14653,3411846.0
2025-07-23 18:30:00,0.14653,0.147,0.14545,0.14603,1563719.0
2025-07-23 19:00:00,0.14606,0.14616,0.14449,0.14462,2086263.0
2025-07-23 19:30:00,0.14456,0.14555,0.14413,0.14427,1504884.0
2025-07-23 20:00:00,0.14427,0.14463,0.14261,0.14321,3175479.0
2025-07-23 20:30:00,0.14312,0.14312,0.13825,0.14011,9062896.0
2025-07-23 21:00:00,0.1401,0.14135,0.13458,0.13635,7180426.0
2025-07-23 21:30:00,0.13631,0.13949,0.13475,0.13824,5487897.0
2025-07-23 22:00:00,0.13828,0.14048,0.13763,0.14011,3185540.0
2025-07-23 22:30:00,0.14015,0.14177,0.13969,0.14005,2722773.0
2025-07-23 23:00:00,0.14009,0.14075,0.13896,0.14059,3352495.0
2025-07-23 23:30:00,0.14057,0.1411,0.13884,0.14101,2997379.0
2025-07-24 00:00:00,0.14096,0.14096,0.1352,0.13785,12435702.0
2025-07-24 00:30:00,0.13782,0.14104,0.13701,0.14057,5204851.0
2025-07-24 01:00:00,0.14053,0.1436,0.13782,0.14042,20176331.0
2025-07-24 01:30:00,0.1404,0.14216,0.13904,0.13908,5027362.0
2025-07-24 02:00:00,0.13909,0.13953,0.13764,0.13813,3676553.0
2025-07-24 02:30:00,0.13815,0.13978,0.13789,0.13815,1880805.0
2025-07-24 03:00:00,0.13821,0.13964,0.13782,0.13876,1879378.0
2025-07-24 03:30:00,0.1388,0.13881,0.13701,0.13727,3894162.0
2025-07-24 04:00:00,0.13725,0.13818,0.13618,0.13647,3369824.0
2025-07-24 04:30:00,0.13645,0.13666,0.13423,0.13517,4360771.0
2025-07-24 05:00:00,0.13519,0.13539,0.1315,0.13228,10340332.0
2025-07-24 05:30:00,0.13227,0.13284,0.12869,0.12986,9089932.0
2025-07-24 06:00:00,0.1299,0.13254,0.12943,0.13207,8436751.0
2025-07-24 06:30:00,0.13206,0.13233,0.12708,0.12851,9456735.0
2025-07-24 07:00:00,0.12849,0.13092,0.12768,0.13059,4964606.0
2025-07-24 07:30:00,0.1306,0.13071,0.12963,0.13055,3872749.0
2025-07-24 08:00:00,0.13058,0.13324,0.13039,0.13209,4999761.0
2025-07-24 08:30:00,0.13216,0.13318,0.13216,0.13293,2114094.0
2025-07-24 09:00:00,0.13292,0.13365,0.13255,0.13293,2635707.0
2025-07-24 09:30:00,0.13291,0.13374,0.13162,0.13318,4675054.0
2025-07-24 10:00:00,0.13316,0.13364,0.13153,0.13178,2771165.0
2025-07-24 10:30:00,0.13179,0.13304,0.13078,0.13285,2561031.0
2025-07-24 11:00:00,0.13283,0.13412,0.1327,0.13404,1470588.0
2025-07-24 11:30:00,0.13402,0.13443,0.13366,0.13382,1576049.0
2025-07-24 12:00:00,0.13379,0.13426,0.13226,0.13293,2618866.0
2025-07-24 12:30:00,0.13292,0.13292,0.13168,0.1325,3199092.0
2025-07-24 13:00:00,0.13251,0.13321,0.13219,0.13289,1721277.0
2025-07-24 13:30:00,0.13286,0.13384,0.13205,0.1337,3960947.0
2025-07-24 14:00:00,0.13369,0.13473,0.13241,0.13435,3782717.0
2025-07-24 14:30:00,0.13441,0.13645,0.13428,0.13642,3730851.0
2025-07-24 15:00:00,0.13635,0.13653,0.13407,0.13407,3539567.0
2025-07-24 15:30:00,0.13408,0.13451,0.13334,0.13448,3217722.0
2025-07-24 16:00:00,0.1345,0.13493,0.13274,0.13274,1978931.0
2025-07-24 16:30:00,0.13276,0.13319,0.13234,0.13277,1653025.0
2025-07-24 17:00:00,0.13277,0.13492,0.13268,0.13463,945612.0
2025-07-24 17:30:00,0.13462,0.13515,0.13462,0.13492,919085.0
2025-07-24 18:00:00,0.13493,0.13531,0.13405,0.1349,848279.0
2025-07-24 18:30:00,0.13492,0.13494,0.13415,0.13455,1084196.0
2025-07-24 19:00:00,0.13453,0.1355,0.13428,0.13492,874729.0
2025-07-24 19:30:00,0.13494,0.13494,0.13387,0.13397,1377260.0
2025-07-24 20:00:00,0.13397,0.13495,0.13366,0.13495,718200.0
2025-07-24 20:30:00,0.13495,0.1359,0.13476,0.1357,1021926.0
2025-07-24 21:00:00,0.13571,0.13694,0.13546,0.1365,1678969.0
2025-07-24 21:30:00,0.13649,0.13665,0.13559,0.13564,1174135.0
2025-07-24 22:00:00,0.13566,0.13634,0.13468,0.13634,1199312.0
2025-07-24 22:30:00,0.13636,0.13808,0.13627,0.13768,2180207.0
2025-07-24 23:00:00,0.13768,0.13775,0.13596,0.13634,2713119.0
2025-07-24 23:30:00,0.13632,0.13839,0.13598,0.13826,2515134.0
2025-07-25 00:00:00,0.13829,0.14151,0.13402,0.13594,15752703.0
2025-07-25 00:30:00,0.13592,0.13613,0.13401,0.13448,3975762.0
2025-07-25 01:00:00,0.13447,0.13493,0.1331,0.13492,3281929.0
2025-07-25 01:30:00,0.13491,0.13681,0.13435,0.1364,2607463.0
2025-07-25 02:00:00,0.13645,0.13746,0.13571,0.1366,2422304.0
2025-07-25 02:30:00,0.13664,0.13676,0.13264,0.13286,4304542.0
2025-07-25 03:00:00,0.13285,0.13356,0.13188,0.13202,2485681.0
2025-07-25 03:30:00,0.13203,0.13203,0.12945,0.13095,4857296.0
2025-07-25 04:00:00,0.13094,0.13128,0.12875,0.13006,3515651.0
2025-07-25 04:30:00,0.13002,0.13197,0.13002,0.13185,2279394.0
2025-07-25 05:00:00,0.13186,0.13193,0.13017,0.13082,2661447.0
2025-07-25 05:30:00,0.13087,0.13091,0.12994,0.13036,1432246.0
2025-07-25 06:00:00,0.13037,0.13037,0.12821,0.1288,2975021.0
2025-07-25 06:30:00,0.12882,0.13114,0.12834,0.13055,2443690.0
2025-07-25 07:00:00,0.13054,0.13162,0.12924,0.13089,2693458.0
2025-07-25 07:30:00,0.13091,0.13096,0.12883,0.13009,2179052.0
2025-07-25 08:00:00,0.13017,0.13261,0.12993,0.13217,2648369.0
2025-07-25 08:30:00,0.13217,0.13218,0.13024,0.13115,2381045.0
2025-07-25 09:00:00,0.13116,0.13243,0.13026,0.13225,1666609.0
2025-07-25 09:30:00,0.13229,0.13348,0.13198,0.13341,2007118.0
2025-07-25 10:00:00,0.1334,0.13408,0.132,0.13208,1535687.0
2025-07-25 10:30:00,0.13207,0.13324,0.13207,0.13321,1206306.0
2025-07-25 11:00:00,0.13321,0.13392,0.13307,0.13368,671838.0
2025-07-25 11:30:00,0.13367,0.13385,0.13275,0.13337,1507923.0
2025-07-25 12:00:00,0.1334,0.13371,0.13274,0.13299,1635292.0
2025-07-25 12:30:00,0.13298,0.13404,0.13212,0.13241,2918163.0
2025-07-25 13:00:00,0.13248,0.13402,0.13248,0.13317,2045653.0
2025-07-25 13:30:00,0.13318,0.13375,0.13226,0.13298,2529046.0
2025-07-25 14:00:00,0.13304,0.13376,0.1308,0.13101,3396889.0
2025-07-25 14:30:00,0.1311,0.13136,0.12935,0.12994,3822872.0
2025-07-25 15:00:00,0.12988,0.13111,0.1296,0.13027,2345349.0
2025-07-25 15:30:00,0.13026,0.13079,0.12876,0.13053,2926331.0
2025-07-25 16:00:00,0.13051,0.13104,0.12969,0.13074,1342949.0
2025-07-25 16:30:00,0.13071,0.13177,0.13012,0.13166,1696334.0
2025-07-25 17:00:00,0.13168,0.132,0.13099,0.13163,1089959.0
2025-07-25 17:30:00,0.13161,0.13196,0.13084,0.13154,1277264.0
2025-07-25 18:00:00,0.13152,0.13196,0.13133,0.13175,562715.0
2025-07-25 18:30:00,0.13175,0.13185,0.13111,0.1313,731480.0
2025-07-25 19:00:00,0.13128,0.13158,0.13099,0.13122,598275.0
2025-07-25 19:30:00,0.13122,0.1327,0.13122,0.13141,1102059.0
2025-07-25 20:00:00,0.1314,0.13292,0.13129,0.13279,1009102.0
2025-07-25 20:30:00,0.13279,0.13324,0.13255,0.13323,1015160.0
2025-07-25 21:00:00,0.13319,0.13359,0.13302,0.13356,771575.0
2025-07-25 21:30:00,0.13357,0.13372,0.13324,0.13334,474186.0
2025-07-25 22:00:00,0.13344,0.13438,0.13344,0.13428,460823.0
2025-07-25 22:30:00,0.13428,0.13429,0.13394,0.13424,412304.0
2025-07-25 23:00:00,0.13425,0.13439,0.13352,0.13439,680239.0
2025-07-25 23:30:00,0.13438,0.13497,0.13396,0.1348,1092462.0
2025-07-26 00:00:00,0.13479,0.13519,0.13288,0.13439,4480808.0
2025-07-26 00:30:00,0.13439,0.13449,0.13283,0.13302,1388886.0
2025-07-26 01:00:00,0.13303,0.13357,0.13289,0.13335,507024.0
2025-07-26 01:30:00,0.13336,0.1335,0.13259,0.13264,358845.0
2025-07-26 02:00:00,0.13269,0.13402,0.13269,0.1339,874173.0
2025-07-26 02:30:00,0.13391,0.13402,0.13347,0.13376,784159.0
2025-07-26 03:00:00,0.13377,0.13409,0.13343,0.13362,623419.0
2025-07-26 03:30:00,0.13363,0.13394,0.1336,0.13368,312367.0
2025-07-26 04:00:00,0.13373,0.13418,0.13362,0.1337,938586.0
2025-07-26 04:30:00,0.13375,0.13421,0.13315,0.13344,1463570.0
2025-07-26 05:00:00,0.13345,0.1338,0.13328,0.13373,271869.0
2025-07-26 05:30:00,0.13372,0.13395,0.1334,0.13375,538993.0
2025-07-26 06:00:00,0.13376,0.13378,0.13303,0.13323,517017.0
2025-07-26 06:30:00,0.13324,0.13345,0.13308,0.13324,357975.0
2025-07-26 07:00:00,0.13326,0.13349,0.13315,0.13339,249721.0
2025-07-26 07:30:00,0.13339,0.13381,0.13332,0.13364,519004.0
2025-07-26 08:00:00,0.13367,0.13394,0.13346,0.13382,507074.0
2025-07-26 08:30:00,0.13383,0.13394,0.13352,0.13379,325392.0
2025-07-26 09:00:00,0.13378,0.13385,0.13308,0.13319,1151052.0
2025-07-26 09:30:00,0.13321,0.13374,0.13312,0.1337,583550.0
2025-07-26 10:00:00,0.13371,0.13389,0.13349,0.13357,255532.0
2025-07-26 10:30:00,0.13357,0.13379,0.1333,0.13343,430476.0
2025-07-26 11:00:00,0.13341,0.13381,0.13324,0.13337,340577.0
2025-07-26 11:30:00,0.13335,0.13339,0.13288,0.13288,617701.0
2025-07-26 12:00:00,0.13289,0.13313,0.13264,0.133,439831.0
2025-07-26 12:30:00,0.133,0.13307,0.13275,0.13276,501576.0
2025-07-26 13:00:00,0.13278,0.13343,0.13258,0.13325,271694.0
2025-07-26 13:30:00,0.13326,0.13358,0.13293,0.13296,297704.0
2025-07-26 14:00:00,0.13297,0.13332,0.13276,0.13279,324648.0
2025-07-26 14:30:00,0.13278,0.13326,0.13266,0.1331,782614.0
2025-07-26 15:00:00,0.13309,0.13332,0.13244,0.13305,685558.0
2025-07-26 15:30:00,0.13306,0.13325,0.13293,0.13325,441322.0
2025-07-26 16:00:00,0.13327,0.13353,0.13292,0.13344,554986.0
2025-07-26 16:30:00,0.13343,0.13352,0.13289,0.133,453816.0
2025-07-26 17:00:00,0.13303,0.13307,0.13264,0.13284,504225.0
2025-07-26 17:30:00,0.13283,0.13283,0.13231,0.13254,435763.0
2025-07-26 18:00:00,0.13254,0.13264,0.13175,0.13227,766890.0
2025-07-26 18:30:00,0.13228,0.13294,0.13228,0.13281,555770.0
2025-07-26 19:00:00,0.13284,0.13305,0.13277,0.13296,315684.0
2025-07-26 19:30:00,0.13295,0.13337,0.13295,0.13333,235440.0
2025-07-26 20:00:00,0.13334,0.13337,0.13277,0.13278,547466.0
2025-07-26 20:30:00,0.13279,0.13298,0.13263,0.13285,197516.0
2025-07-26 21:00:00,0.13281,0.13337,0.13251,0.13311,623465.0
2025-07-26 21:30:00,0.13311,0.13349,0.13301,0.13349,354806.0
2025-07-26 22:00:00,0.13345,0.13415,0.13331,0.13345,884098.0
2025-07-26 22:30:00,0.13341,0.13395,0.13317,0.13369,603826.0
2025-07-26 23:00:00,0.13373,0.13373,0.13313,0.13329,622159.0
2025-07-26 23:30:00,0.13328,0.13389,0.13285,0.13314,1610290.0
2025-07-27 00:00:00,0.13313,0.13314,0.13188,0.13223,1908218.0
2025-07-27 00:30:00,0.13234,0.13303,0.1322,0.13286,849169.0
2025-07-27 01:00:00,0.13289,0.13325,0.1326,0.13284,1019514.0
2025-07-27 01:30:00,0.13286,0.13301,0.13244,0.13255,787552.0
2025-07-27 02:00:00,0.13255,0.13277,0.13217,0.13247,393309.0
2025-07-27 02:30:00,0.13247,0.13321,0.13246,0.13296,644267.0
2025-07-27 03:00:00,0.13298,0.13303,0.13241,0.13257,518005.0
2025-07-27 03:30:00,0.13257,0.13261,0.13235,0.13241,258961.0
2025-07-27 04:00:00,0.13242,0.13274,0.13225,0.13264,657896.0
2025-07-27 04:30:00,0.13265,0.13327,0.13261,0.13312,502250.0
2025-07-27 05:00:00,0.13315,0.13336,0.1329,0.13322,779321.0
2025-07-27 05:30:00,0.13322,0.13337,0.13281,0.13308,839607.0
2025-07-27 06:00:00,0.13306,0.13316,0.13255,0.13267,397805.0
2025-07-27 06:30:00,0.13266,0.13335,0.1326,0.13335,538542.0
2025-07-27 07:00:00,0.13333,0.13456,0.1332,0.13391,1138699.0
2025-07-27 07:30:00,0.13392,0.134,0.13341,0.13391,1897968.0
2025-07-27 08:00:00,0.13388,0.13487,0.13376,0.13482,2475926.0
2025-07-27 08:30:00,0.1348,0.13482,0.1339,0.13416,1307522.0
2025-07-27 09:00:00,0.13416,0.13512,0.13399,0.13476,2542870.0
2025-07-27 09:30:00,0.13476,0.13492,0.13434,0.1347,734567.0
2025-07-27 10:00:00,0.1347,0.13489,0.13451,0.13451,378628.0
2025-07-27 10:30:00,0.13455,0.13521,0.13414,0.13509,2572921.0
2025-07-27 11:00:00,0.13509,0.13513,0.13418,0.13422,1465890.0
2025-07-27 11:30:00,0.13422,0.13432,0.13368,0.13387,1369058.0
2025-07-27 12:00:00,0.13385,0.13396,0.13303,0.13364,1402006.0
2025-07-27 12:30:00,0.13362,0.13396,0.13312,0.13391,618498.0
2025-07-27 13:00:00,0.1339,0.13426,0.13379,0.13412,465945.0
2025-07-27 13:30:00,0.13411,0.13456,0.13378,0.13447,804432.0
2025-07-27 14:00:00,0.13446,0.13487,0.13401,0.13471,969360.0
2025-07-27 14:30:00,0.13477,0.13478,0.13413,0.13456,645616.0
2025-07-27 15:00:00,0.13455,0.13466,0.13401,0.13438,485860.0
2025-07-27 15:30:00,0.13436,0.13442,0.13406,0.13418,514827.0
2025-07-27 16:00:00,0.13418,0.13486,0.13417,0.13481,852577.0
2025-07-27 16:30:00,0.1348,0.1353,0.13431,0.13467,958962.0
2025-07-27 17:00:00,0.13467,0.135,0.13441,0.13495,618745.0
2025-07-27 17:30:00,0.13495,0.13501,0.13462,0.13493,254500.0
2025-07-27 18:00:00,0.13494,0.13529,0.13485,0.13507,340882.0
2025-07-27 18:30:00,0.13508,0.13518,0.13461,0.13463,674621.0
2025-07-27 19:00:00,0.13462,0.13465,0.13399,0.13415,472783.0
2025-07-27 19:30:00,0.13417,0.13448,0.13414,0.13447,194535.0
2025-07-27 20:00:00,0.13449,0.13497,0.13448,0.13488,249683.0
2025-07-27 20:30:00,0.13487,0.13508,0.13458,0.13472,212689.0
2025-07-27 21:00:00,0.13474,0.13508,0.13443,0.13506,363155.0
2025-07-27 21:30:00,0.13507,0.13537,0.1349,0.13494,427464.0
2025-07-27 22:00:00,0.13494,0.13588,0.13493,0.13565,639812.0
2025-07-27 22:30:00,0.13565,0.13569,0.1348,0.13504,976374.0
2025-07-27 23:00:00,0.13507,0.13507,0.1343,0.13458,521222.0
2025-07-27 23:30:00,0.13457,0.1351,0.1341,0.13494,562721.0
2025-07-28 00:00:00,0.13496,0.1352,0.1333,0.13488,2289784.0
2025-07-28 00:30:00,0.13484,0.13485,0.13344,0.13359,1186028.0
2025-07-28 01:00:00,0.13358,0.1339,0.13311,0.13358,819416.0
2025-07-28 01:30:00,0.13354,0.1338,0.13318,0.13373,673077.0
2025-07-28 02:00:00,0.13373,0.13504,0.13347,0.13488,1678344.0
2025-07-28 02:30:00,0.1349,0.13552,0.1348,0.13524,1209159.0
2025-07-28 03:00:00,0.13523,0.13539,0.13463,0.13468,688592.0
2025-07-28 03:30:00,0.13468,0.13516,0.13468,0.13502,319897.0
2025-07-28 04:00:00,0.13503,0.13521,0.13462,0.13499,746834.0
2025-07-28 04:30:00,0.13498,0.13537,0.13479,0.13527,395539.0
2025-07-28 05:00:00,0.13525,0.13544,0.13493,0.13533,713315.0
2025-07-28 05:30:00,0.13528,0.13528,0.13467,0.1349,817046.0
2025-07-28 06:00:00,0.13489,0.13492,0.13451,0.13467,853337.0
2025-07-28 06:30:00,0.13466,0.13468,0.13394,0.13416,876795.0
2025-07-28 07:00:00,0.13418,0.13436,0.13324,0.13361,1174894.0
2025-07-28 07:30:00,0.1336,0.1336,0.13272,0.13339,1542765.0
2025-07-28 08:00:00,0.13333,0.13339,0.13266,0.13283,609298.0
2025-07-28 08:30:00,0.1328,0.13283,0.13227,0.13278,553400.0
2025-07-28 09:00:00,0.1328,0.13286,0.13223,0.1324,564600.0
2025-07-28 09:30:00,0.13237,0.13305,0.13231,0.1329,625526.0
2025-07-28 10:00:00,0.13281,0.13291,0.13255,0.13286,281897.0
2025-07-28 10:30:00,0.13284,0.13289,0.13235,0.13288,330367.0
2025-07-28 11:00:00,0.13287,0.13327,0.13267,0.13267,958982.0
2025-07-28 11:30:00,0.13266,0.1328,0.13223,0.1326,695916.0
2025-07-28 12:00:00,0.13259,0.13277,0.13231,0.1325,440427.0
2025-07-28 12:30:00,0.13249,0.13272,0.13136,0.13194,1320369.0
2025-07-28 13:00:00,0.13194,0.132,0.12975,0.13009,2650968.0
2025-07-28 13:30:00,0.13009,0.13113,0.12956,0.1301,2654719.0
2025-07-28 14:00:00,0.13016,0.1303,0.12834,0.12881,3635513.0
2025-07-28 14:30:00,0.12876,0.12971,0.12843,0.12912,1548480.0
2025-07-28 15:00:00,0.12909,0.1296,0.12895,0.12933,941693.0
2025-07-28 15:30:00,0.12931,0.12944,0.128,0.12861,1335281.0
2025-07-28 16:00:00,0.12864,0.12881,0.12808,0.12877,1156186.0
2025-07-28 16:30:00,0.12874,0.12918,0.12832,0.12864,855713.0
2025-07-28 17:00:00,0.12863,0.12879,0.12776,0.12865,813622.0
2025-07-28 17:30:00,0.12862,0.12879,0.1282,0.12825,452011.0
2025-07-28 18:00:00,0.12828,0.12839,0.12729,0.1277,1106715.0
2025-07-28 18:30:00,0.12771,0.12804,0.12691,0.12773,1142313.0
2025-07-28 19:00:00,0.12775,0.12852,0.12773,0.12831,797498.0
2025-07-28 19:30:00,0.12827,0.12835,0.1272,0.1282,1131985.0
2025-07-28 20:00:00,0.12822,0.12832,0.12702,0.12715,901451.0
2025-07-28 20:30:00,0.12712,0.12764,0.12692,0.12743,844202.0
2025-07-28 21:00:00,0.12746,0.12762,0.12604,0.12648,2011634.0
2025-07-28 21:30:00,0.12648,0.12762,0.12638,0.12685,1841834.0
2025-07-28 22:00:00,0.12689,0.1271,0.12627,0.1266,1068823.0
2025-07-28 22:30:00,0.12658,0.12665,0.125,0.12591,1995651.0
2025-07-28 23:00:00,0.1259,0.12633,0.12548,0.12569,943246.0
2025-07-28 23:30:00,0.12564,0.12597,0.12514,0.12588,1467707.0
2025-07-29 00:00:00,0.1259,0.1284,0.12513,0.12607,7598223.0
2025-07-29 00:30:00,0.12609,0.12631,0.12321,0.12515,4055192.0
2025-07-29 01:00:00,0.12515,0.12563,0.1248,0.12541,931893.0
2025-07-29 01:30:00,0.12543,0.12567,0.12442,0.12443,624369.0
2025-07-29 02:00:00,0.12443,0.12485,0.12349,0.12426,1818634.0
2025-07-29 02:30:00,0.12428,0.1246,0.12344,0.12393,1619053.0
2025-07-29 03:00:00,0.12393,0.12563,0.12386,0.12479,1838197.0
2025-07-29 03:30:00,0.12478,0.12547,0.12438,0.12528,940033.0
2025-07-29 04:00:00,0.12529,0.12564,0.12511,0.12524,576649.0
2025-07-29 04:30:00,0.1252,0.12547,0.12472,0.12477,684403.0
2025-07-29 05:00:00,0.12476,0.12546,0.1247,0.12543,943397.0
2025-07-29 05:30:00,0.12543,0.12621,0.1253,0.12614,1193246.0
2025-07-29 06:00:00,0.12613,0.12633,0.1256,0.12611,1251401.0
2025-07-29 06:30:00,0.12611,0.12653,0.12596,0.12628,630927.0
2025-07-29 07:00:00,0.12628,0.12673,0.12628,0.12644,740366.0
2025-07-29 07:30:00,0.12643,0.12738,0.1264,0.12706,1242213.0
2025-07-29 08:00:00,0.12707,0.12721,0.12656,0.12659,1129330.0
2025-07-29 08:30:00,0.12664,0.12721,0.1266,0.12701,790560.0
2025-07-29 09:00:00,0.12703,0.12715,0.12607,0.12674,1101170.0
2025-07-29 09:30:00,0.12675,0.12675,0.12595,0.1262,1460331.0
2025-07-29 10:00:00,0.12623,0.12636,0.12514,0.12545,1968546.0
2025-07-29 10:30:00,0.12546,0.1258,0.1243,0.12455,1851849.0
2025-07-29 11:00:00,0.12452,0.12513,0.1245,0.12501,1518547.0
2025-07-29 11:30:00,0.12501,0.12522,0.12448,0.12514,729131.0
2025-07-29 12:00:00,0.12514,0.12557,0.12484,0.12539,1208493.0
2025-07-29 12:30:00,0.12544,0.12584,0.1251,0.12522,1279094.0
2025-07-29 13:00:00,0.1252,0.12584,0.12498,0.12568,742786.0
2025-07-29 13:30:00,0.12569,0.12572,0.12393,0.12406,1604855.0
2025-07-29 14:00:00,0.12407,0.12419,0.1225,0.12354,3280930.0
2025-07-29 14:30:00,0.1236,0.12373,0.12155,0.12222,2763099.0
2025-07-29 15:00:00,0.12221,0.12273,0.12183,0.12222,1036127.0
2025-07-29 15:30:00,0.12223,0.12305,0.12172,0.12253,1242044.0
2025-07-29 16:00:00,0.12254,0.12294,0.12187,0.12243,1590078.0
2025-07-29 16:30:00,0.12245,0.1235,0.12185,0.1235,1673276.0
2025-07-29 17:00:00,0.12352,0.1239,0.12338,0.12382,1186055.0
2025-07-29 17:30:00,0.12382,0.12398,0.12311,0.12353,750394.0
2025-07-29 18:00:00,0.12355,0.12372,0.12329,0.12372,392448.0
2025-07-29 18:30:00,0.12373,0.12383,0.12335,0.12357,266817.0
2025-07-29 19:00:00,0.12356,0.12396,0.1223,0.12256,958728.0
2025-07-29 19:30:00,0.12254,0.12298,0.12249,0.12271,513287.0
2025-07-29 20:00:00,0.12273,0.12343,0.12187,0.1228,1260280.0
2025-07-29 20:30:00,0.12276,0.12288,0.12217,0.12267,451602.0
2025-07-29 21:00:00,0.12271,0.12308,0.12241,0.12296,619006.0
2025-07-29 21:30:00,0.123,0.12453,0.12291,0.12399,637928.0
2025-07-29 22:00:00,0.12399,0.12405,0.12315,0.12375,1204637.0
2025-07-29 22:30:00,0.12374,0.12387,0.12347,0.12375,660884.0
2025-07-29 23:00:00,0.12377,0.12414,0.1235,0.12376,774995.0
2025-07-29 23:30:00,0.12377,0.12442,0.12375,0.12435,572929.0
2025-07-30 00:00:00,0.12436,0.12469,0.12292,0.12333,2283948.0
2025-07-30 00:30:00,0.12332,0.12363,0.12232,0.12291,1991160.0
2025-07-30 01:00:00,0.12293,0.12312,0.12185,0.12245,761696.0
2025-07-30 01:30:00,0.12244,0.1239,0.12233,0.12348,1051904.0
2025-07-30 02:00:00,0.1235,0.12389,0.12303,0.12342,794198.0
2025-07-30 02:30:00,0.1234,0.12365,0.12292,0.123,795872.0
2025-07-30 03:00:00,0.12301,0.1231,0.12243,0.12285,1253555.0
2025-07-30 03:30:00,0.12283,0.12331,0.12274,0.12279,517455.0
2025-07-30 04:00:00,0.12275,0.12311,0.12258,0.1226,277060.0
2025-07-30 04:30:00,0.12264,0.12264,0.12199,0.12225,595442.0
2025-07-30 05:00:00,0.12221,0.12268,0.12187,0.12259,635266.0
2025-07-30 05:30:00,0.12258,0.12299,0.12233,0.12273,603301.0
2025-07-30 06:00:00,0.12272,0.12307,0.12255,0.12263,541516.0
2025-07-30 06:30:00,0.12266,0.1232,0.12234,0.12308,552322.0
2025-07-30 07:00:00,0.12308,0.12325,0.12241,0.12287,684545.0
2025-07-30 07:30:00,0.1229,0.12304,0.12209,0.12237,606271.0
2025-07-30 08:00:00,0.12238,0.12265,0.12185,0.12222,742482.0
2025-07-30 08:30:00,0.12225,0.12297,0.12197,0.12262,514701.0
2025-07-30 09:00:00,0.12264,0.12265,0.12084,0.12116,2613252.0
2025-07-30 09:30:00,0.12119,0.12208,0.12096,0.1218,2517617.0
2025-07-30 10:00:00,0.1218,0.12207,0.12157,0.12187,463325.0
2025-07-30 10:30:00,0.12187,0.12216,0.12069,0.12088,1037253.0
2025-07-30 11:00:00,0.12085,0.12117,0.11866,0.11933,3966015.0
2025-07-30 11:30:00,0.11933,0.12021,0.11895,0.12013,3121363.0
2025-07-30 12:00:00,0.1201,0.12071,0.1193,0.12051,2458820.0
2025-07-30 12:30:00,0.12056,0.12106,0.12009,0.12062,1498564.0
2025-07-30 13:00:00,0.12062,0.12095,0.12003,0.1203,1035578.0
2025-07-30 13:30:00,0.12027,0.12102,0.12019,0.12087,1149981.0
2025-07-30 14:00:00,0.12082,0.12142,0.12054,0.12095,934864.0
2025-07-30 14:30:00,0.12094,0.12227,0.12091,0.12195,1362091.0
2025-07-30 15:00:00,0.12197,0.12222,0.12123,0.12153,1005418.0
2025-07-30 15:30:00,0.12151,0.1223,0.12126,0.12199,1775321.0
2025-07-30 16:00:00,0.12201,0.12257,0.12164,0.12207,940333.0
2025-07-30 16:30:00,0.12206,0.12229,0.1219,0.12214,323048.0
2025-07-30 17:00:00,0.12212,0.1224,0.12184,0.12203,799079.0
2025-07-30 17:30:00,0.12204,0.12234,0.12188,0.12225,260250.0
2025-07-30 18:00:00,0.12225,0.12245,0.1217,0.1221,1103360.0
2025-07-30 18:30:00,0.12206,0.12224,0.12046,0.12049,2337145.0
2025-07-30 19:00:00,0.1205,0.12052,0.11788,0.1196,4122087.0
2025-07-30 19:30:00,0.11961,0.1214,0.1194,0.12126,2306393.0
2025-07-30 20:00:00,0.12128,0.12168,0.12093,0.12132,2331557.0
2025-07-30 20:30:00,0.1213,0.12162,0.12098,0.12132,1383572.0
2025-07-30 21:00:00,0.12133,0.12158,0.12106,0.12109,359389.0
2025-07-30 21:30:00,0.1211,0.12177,0.1209,0.12171,1151623.0
2025-07-30 22:00:00,0.12168,0.12184,0.121,0.12125,1802901.0
2025-07-30 22:30:00,0.12126,0.1219,0.12125,0.12189,1229214.0
2025-07-30 23:00:00,0.12187,0.12288,0.12186,0.12285,1353719.0
2025-07-30 23:30:00,0.12286,0.12351,0.12239,0.12322,2216730.0
2025-07-31 00:00:00,0.12322,0.12498,0.12238,0.12376,13941876.0
2025-07-31 00:30:00,0.12379,0.12384,0.12265,0.12327,3723199.0
2025-07-31 01:00:00,0.12329,0.12333,0.12256,0.12307,2847328.0
2025-07-31 01:30:00,0.12308,0.12353,0.12307,0.12328,1192665.0
2025-07-31 02:00:00,0.12329,0.12362,0.12325,0.1236,334873.0
2025-07-31 02:30:00,0.12359,0.12402,0.12335,0.12348,798695.0
2025-07-31 03:00:00,0.12349,0.12417,0.12349,0.12404,1308625.0
2025-07-31 03:30:00,0.12404,0.12421,0.12384,0.12395,563909.0
2025-07-31 04:00:00,0.12396,0.12404,0.12384,0.12393,289149.0
2025-07-31 04:30:00,0.12393,0.12412,0.12386,0.12402,347995.0
2025-07-31 05:00:00,0.12402,0.12435,0.12388,0.12405,395680.0
2025-07-31 05:30:00,0.12403,0.12421,0.12397,0.12409,231854.0
2025-07-31 06:00:00,0.12409,0.12421,0.12387,0.12413,216533.0
2025-07-31 06:30:00,0.12413,0.12438,0.12403,0.12429,424009.0
2025-07-31 07:00:00,0.12429,0.12434,0.12396,0.12404,374307.0
2025-07-31 07:30:00,0.12405,0.12406,0.12347,0.12379,1303520.0
2025-07-31 08:00:00,0.1238,0.12445,0.12377,0.12433,1084642.0
2025-07-31 08:30:00,0.1243,0.12439,0.1241,0.12435,403208.0
2025-07-31 09:00:00,0.12433,0.12449,0.1239,0.1242,2832958.0
2025-07-31 09:30:00,0.12423,0.12459,0.12399,0.1245,1755920.0
2025-07-31 10:00:00,0.12452,0.12459,0.12425,0.12437,218760.0
2025-07-31 10:30:00,0.12437,0.12454,0.12414,0.12417,403631.0
2025-07-31 11:00:00,0.12418,0.12432,0.1238,0.12396,889552.0
2025-07-31 11:30:00,0.12398,0.12411,0.1233,0.12374,1167673.0
2025-07-31 12:00:00,0.12371,0.12375,0.12241,0.12309,2594222.0
2025-07-31 12:30:00,0.12313,0.12317,0.12259,0.12278,1146347.0
2025-07-31 13:00:00,0.12276,0.12276,0.12122,0.12173,4208256.0
2025-07-31 13:30:00,0.12167,0.12198,0.12097,0.12158,2532992.0
2025-07-31 14:00:00,0.12166,0.12176,0.12002,0.12014,2480479.0
2025-07-31 14:30:00,0.12012,0.12062,0.11989,0.12008,1381814.0
2025-07-31 15:00:00,0.12006,0.12031,0.11956,0.1202,898179.0
2025-07-31 15:30:00,0.12017,0.12043,0.11985,0.12026,727275.0
2025-07-31 16:00:00,0.12022,0.12116,0.12004,0.12111,1109188.0
2025-07-31 16:30:00,0.12108,0.12204,0.12108,0.12164,1196619.0
2025-07-31 17:00:00,0.12165,0.12167,0.12056,0.12076,906750.0
2025-07-31 17:30:00,0.1208,0.12107,0.1203,0.12048,753189.0
2025-07-31 18:00:00,0.12052,0.12066,0.11977,0.12066,1596795.0
2025-07-31 18:30:00,0.12065,0.12098,0.12042,0.1206,616106.0
2025-07-31 19:00:00,0.12062,0.12073,0.11999,0.12035,557887.0
2025-07-31 19:30:00,0.12038,0.12049,0.11989,0.12034,1128769.0
2025-07-31 20:00:00,0.12033,0.12039,0.1197,0.11999,1013886.0
2025-07-31 20:30:00,0.11998,0.12021,0.11975,0.11997,431944.0
2025-07-31 21:00:00,0.11997,0.12025,0.11973,0.12004,472853.0
2025-07-31 21:30:00,0.12005,0.12022,0.11868,0.11943,1880096.0
2025-07-31 22:00:00,0.11944,0.11944,0.11857,0.11904,1291600.0
2025-07-31 22:30:00,0.11905,0.1192,0.11861,0.11906,850778.0
2025-07-31 23:00:00,0.11905,0.11918,0.11821,0.11825,1177159.0
2025-07-31 23:30:00,0.11825,0.11831,0.1173,0.11757,1704772.0
2025-08-01 00:00:00,0.11759,0.118,0.11537,0.11588,7557751.0
2025-08-01 00:30:00,0.1159,0.11597,0.11286,0.11542,11283160.0
2025-08-01 01:00:00,0.1154,0.11589,0.11412,0.11476,3986012.0
2025-08-01 01:30:00,0.11473,0.11557,0.11451,0.11534,6228045.0
2025-08-01 02:00:00,0.11531,0.11674,0.115,0.11583,3067603.0
2025-08-01 02:30:00,0.11585,0.11653,0.11572,0.11635,1915951.0
2025-08-01 03:00:00,0.11636,0.11687,0.11611,0.11676,865298.0
2025-08-01 03:30:00,0.11677,0.11678,0.11583,0.11598,1014852.0
2025-08-01 04:00:00,0.11598,0.1161,0.11568,0.11584,675757.0
2025-08-01 04:30:00,0.11586,0.11606,0.11566,0.11571,313796.0
2025-08-01 05:00:00,0.1157,0.11593,0.11534,0.11567,786587.0
2025-08-01 05:30:00,0.11567,0.11573,0.11463,0.11499,1844872.0
2025-08-01 06:00:00,0.11497,0.11523,0.1142,0.11424,1366453.0
2025-08-01 06:30:00,0.11422,0.11479,0.1141,0.11464,876271.0
2025-08-01 07:00:00,0.11465,0.11543,0.11432,0.11495,2217887.0
2025-08-01 07:30:00,0.11495,0.11528,0.11447,0.1149,2147043.0
2025-08-01 08:00:00,0.11491,0.11494,0.11307,0.11336,3534891.0
2025-08-01 08:30:00,0.1134,0.11439,0.11315,0.11401,1916255.0
2025-08-01 09:00:00,0.11396,0.11486,0.11392,0.11431,2565338.0
2025-08-01 09:30:00,0.11433,0.1145,0.11396,0.11399,864321.0
2025-08-01 10:00:00,0.11398,0.11446,0.11381,0.11404,1390433.0
2025-08-01 10:30:00,0.11406,0.11438,0.11354,0.11373,1509361.0
2025-08-01 11:00:00,0.11374,0.11391,0.11317,0.11364,2120774.0
2025-08-01 11:30:00,0.11361,0.11457,0.11323,0.11452,2295215.0
2025-08-01 12:00:00,0.11448,0.1148,0.11385,0.11415,1825372.0
2025-08-01 12:30:00,0.11418,0.11497,0.11377,0.11409,2953221.0
2025-08-01 13:00:00,0.11408,0.11459,0.11392,0.11416,1338358.0
2025-08-01 13:30:00,0.11415,0.11452,0.11212,0.11233,3947938.0
2025-08-01 14:00:00,0.1123,0.11543,0.11204,0.1154,3721909.0
2025-08-01 14:30:00,0.11541,0.11562,0.11512,0.1152,1452953.0
2025-08-01 15:00:00,0.11522,0.11529,0.1139,0.11403,1973281.0
2025-08-01 15:30:00,0.11407,0.11521,0.11389,0.11518,1512728.0
2025-08-01 16:00:00,0.11515,0.11557,0.11481,0.11543,955390.0
2025-08-01 16:30:00,0.11542,0.11542,0.11402,0.11404,1394340.0
2025-08-01 17:00:00,0.11403,0.11408,0.11314,0.11399,1690378.0
2025-08-01 17:30:00,0.11402,0.1146,0.11316,0.11323,2402783.0
2025-08-01 18:00:00,0.11324,0.11454,0.11255,0.11433,2031289.0
2025-08-01 18:30:00,0.11426,0.11464,0.11352,0.11379,1198265.0
2025-08-01 19:00:00,0.11376,0.11429,0.1137,0.11414,1346861.0
2025-08-01 19:30:00,0.11413,0.115,0.11408,0.11482,967310.0
2025-08-01 20:00:00,0.11481,0.11541,0.11336,0.11375,2446078.0
2025-08-01 20:30:00,0.1138,0.11463,0.11265,0.1144,2372033.0
2025-08-01 21:00:00,0.11444,0.11514,0.11414,0.11511,992446.0
2025-08-01 21:30:00,0.11516,0.1154,0.1148,0.11483,307089.0
2025-08-01 22:00:00,0.11485,0.11502,0.11126,0.11185,3352429.0
2025-08-01 22:30:00,0.1119,0.11283,0.11085,0.11244,4677641.0
2025-08-01 23:00:00,0.1125,0.11453,0.11237,0.11432,1689247.0
2025-08-01 23:30:00,0.11435,0.11485,0.11396,0.11461,731458.0
2025-08-02 00:00:00,0.11462,0.11493,0.1142,0.1147,1009775.0
2025-08-02 00:30:00,0.11471,0.11527,0.11442,0.11519,982173.0
2025-08-02 01:00:00,0.11521,0.11548,0.11439,0.11472,2967132.0
2025-08-02 01:30:00,0.11471,0.11519,0.11461,0.11514,475558.0
2025-08-02 02:00:00,0.11514,0.11515,0.11468,0.11471,266236.0
2025-08-02 02:30:00,0.11473,0.11493,0.11466,0.11472,163027.0
2025-08-02 03:00:00,0.11475,0.1149,0.1146,0.11466,248275.0
2025-08-02 03:30:00,0.11469,0.11489,0.11459,0.11476,236285.0
2025-08-02 04:00:00,0.11477,0.11492,0.11435,0.11475,782118.0
2025-08-02 04:30:00,0.11475,0.1153,0.11472,0.11509,734893.0
2025-08-02 05:00:00,0.1151,0.1151,0.11468,0.11505,347594.0
2025-08-02 05:30:00,0.11504,0.11504,0.11457,0.11461,356907.0
2025-08-02 06:00:00,0.11461,0.11463,0.11333,0.11336,1481440.0
2025-08-02 06:30:00,0.11337,0.11337,0.11233,0.11285,1604212.0
2025-08-02 07:00:00,0.11284,0.11335,0.11181,0.11322,2122436.0
2025-08-02 07:30:00,0.11323,0.11447,0.11311,0.11447,1033476.0
2025-08-02 08:00:00,0.11445,0.11446,0.11343,0.11353,1081531.0
2025-08-02 08:30:00,0.11352,0.11352,0.11294,0.11304,835896.0
2025-08-02 09:00:00,0.113,0.11341,0.11298,0.11312,456320.0
2025-08-02 09:30:00,0.11308,0.11311,0.11251,0.11307,760509.0
2025-08-02 10:00:00,0.11307,0.11308,0.11232,0.11268,732315.0
2025-08-02 10:30:00,0.11267,0.11287,0.11215,0.11283,587582.0
2025-08-02 11:00:00,0.1128,0.11371,0.11227,0.11364,939185.0
2025-08-02 11:30:00,0.11372,0.11374,0.11311,0.11322,521760.0
2025-08-02 12:00:00,0.1132,0.11324,0.11273,0.11283,490821.0
2025-08-02 12:30:00,0.11282,0.11297,0.11211,0.11281,985907.0
2025-08-02 13:00:00,0.11281,0.11284,0.11223,0.1123,550916.0
2025-08-02 13:30:00,0.11226,0.11304,0.11207,0.11281,626904.0
2025-08-02 14:00:00,0.11285,0.11322,0.11187,0.11207,1493869.0
2025-08-02 14:30:00,0.11205,0.11205,0.11053,0.1109,2099035.0
2025-08-02 15:00:00,0.11088,0.11208,0.11087,0.1118,1075168.0
2025-08-02 15:30:00,0.11182,0.11184,0.11053,0.11085,1390824.0
2025-08-02 16:00:00,0.11087,0.11177,0.11058,0.11104,1843782.0
2025-08-02 16:30:00,0.1111,0.1119,0.11009,0.11141,1516700.0
2025-08-02 17:00:00,0.11148,0.11222,0.11129,0.11198,1010410.0
2025-08-02 17:30:00,0.11203,0.11208,0.10974,0.10984,1334935.0
2025-08-02 18:00:00,0.10982,0.11027,0.10886,0.10908,2005066.0
2025-08-02 18:30:00,0.10905,0.10986,0.10886,0.10919,1986934.0
2025-08-02 19:00:00,0.10921,0.11035,0.10871,0.11029,1674710.0
2025-08-02 19:30:00,0.11028,0.11078,0.10971,0.10985,1106591.0
2025-08-02 20:00:00,0.10984,0.11071,0.10973,0.11048,1023314.0
2025-08-02 20:30:00,0.11044,0.11123,0.1102,0.11123,830277.0
2025-08-02 21:00:00,0.11123,0.11149,0.11048,0.11053,1459471.0
2025-08-02 21:30:00,0.11056,0.11124,0.11056,0.11084,602766.0
2025-08-02 22:00:00,0.11083,0.11172,0.11023,0.11023,1195945.0
2025-08-02 22:30:00,0.11023,0.11135,0.11023,0.11118,548686.0
2025-08-02 23:00:00,0.11117,0.11127,0.1101,0.1101,804018.0
2025-08-02 23:30:00,0.11008,0.11143,0.11003,0.11065,2413007.0
2025-08-03 00:00:00,0.11064,0.11129,0.1098,0.10999,1513994.0
2025-08-03 00:30:00,0.10995,0.11178,0.1091,0.11178,2383875.0
2025-08-03 01:00:00,0.11176,0.11186,0.11095,0.11156,1955151.0
2025-08-03 01:30:00,0.11158,0.11162,0.11106,0.11124,1319029.0
2025-08-03 02:00:00,0.11128,0.1121,0.11128,0.11151,905134.0
2025-08-03 02:30:00,0.11153,0.11194,0.11151,0.11185,325544.0
2025-08-03 03:00:00,0.11186,0.11198,0.11168,0.11181,397760.0
2025-08-03 03:30:00,0.1118,0.11197,0.11171,0.11176,207396.0
2025-08-03 04:00:00,0.11177,0.11202,0.11116,0.11189,1300614.0
2025-08-03 04:30:00,0.11187,0.11195,0.1115,0.11195,339358.0
2025-08-03 05:00:00,0.11196,0.11218,0.11192,0.11217,370517.0
2025-08-03 05:30:00,0.11217,0.11218,0.11172,0.11191,191442.0
2025-08-03 06:00:00,0.11191,0.11234,0.11173,0.11204,451680.0
2025-08-03 06:30:00,0.11205,0.11221,0.11191,0.11212,167321.0
2025-08-03 07:00:00,0.11214,0.11235,0.11202,0.11221,311603.0
2025-08-03 07:30:00,0.11221,0.11236,0.11188,0.11203,591464.0
2025-08-03 08:00:00,0.11206,0.1128,0.11198,0.11229,879122.0
2025-08-03 08:30:00,0.1123,0.11244,0.11211,0.11234,281444.0
2025-08-03 09:00:00,0.11235,0.11311,0.11213,0.11274,1296140.0
2025-08-03 09:30:00,0.11274,0.11308,0.11257,0.11281,546405.0
2025-08-03 10:00:00,0.11279,0.11315,0.11279,0.11294,471832.0
2025-08-03 10:30:00,0.11293,0.11302,0.11284,0.11287,226203.0
2025-08-03 11:00:00,0.11285,0.1133,0.11285,0.11297,750451.0
2025-08-03 11:30:00,0.11294,0.113,0.11275,0.11283,343937.0
2025-08-03 12:00:00,0.11283,0.11296,0.11258,0.11281,497931.0
2025-08-03 12:30:00,0.1128,0.11291,0.11259,0.11265,424423.0
2025-08-03 13:00:00,0.11263,0.11286,0.11253,0.11269,471502.0
2025-08-03 13:30:00,0.11268,0.11288,0.11263,0.11281,379176.0
2025-08-03 14:00:00,0.11282,0.11308,0.11257,0.11279,688338.0
2025-08-03 14:30:00,0.11283,0.11299,0.11265,0.1129,312350.0
2025-08-03 15:00:00,0.1129,0.11332,0.11271,0.11327,403650.0
2025-08-03 15:30:00,0.11329,0.11331,0.11285,0.11318,413938.0
2025-08-03 16:00:00,0.11317,0.11326,0.11298,0.11322,301610.0
2025-08-03 16:30:00,0.11322,0.11335,0.11304,0.11333,434982.0
2025-08-03 17:00:00,0.11336,0.11339,0.1131,0.11318,241370.0
2025-08-03 17:30:00,0.11317,0.11358,0.11317,0.11344,739722.0
2025-08-03 18:00:00,0.11344,0.11352,0.1131,0.11332,405266.0
2025-08-03 18:30:00,0.11328,0.11356,0.11316,0.11354,331006.0
2025-08-03 19:00:00,0.11353,0.11359,0.11328,0.11356,310937.0
2025-08-03 19:30:00,0.11357,0.11368,0.11312,0.11315,327936.0
2025-08-03 20:00:00,0.11317,0.11317,0.1129,0.11304,279226.0
2025-08-03 20:30:00,0.11304,0.11323,0.11296,0.11317,256056.0
2025-08-03 21:00:00,0.11316,0.11342,0.11311,0.11336,187775.0
2025-08-03 21:30:00,0.11336,0.11362,0.11324,0.11335,271457.0
2025-08-03 22:00:00,0.11336,0.11358,0.11294,0.11308,334547.0
2025-08-03 22:30:00,0.11306,0.11365,0.11306,0.11357,492550.0
2025-08-03 23:00:00,0.11359,0.11408,0.11345,0.11376,561282.0
2025-08-03 23:30:00,0.11373,0.11385,0.11324,0.11329,314238.0
2025-08-04 00:00:00,0.11331,0.11424,0.11284,0.11386,1937186.0
2025-08-04 00:30:00,0.11384,0.11489,0.11371,0.11471,1392149.0
2025-08-04 01:00:00,0.11468,0.11482,0.11408,0.11439,1235921.0
2025-08-04 01:30:00,0.11439,0.1146,0.11384,0.11392,931232.0
2025-08-04 02:00:00,0.11394,0.11419,0.11378,0.11399,790425.0
2025-08-04 02:30:00,0.11394,0.1144,0.11387,0.11438,310672.0
2025-08-04 03:00:00,0.11439,0.11443,0.11396,0.11398,228754.0
2025-08-04 03:30:00,0.11397,0.11414,0.11367,0.1139,527852.0
2025-08-04 04:00:00,0.1139,0.11418,0.11371,0.11415,606279.0
2025-08-04 04:30:00,0.11413,0.11413,0.11372,0.11383,462831.0
2025-08-04 05:00:00,0.11383,0.11386,0.11299,0.11333,1660106.0
2025-08-04 05:30:00,0.11335,0.11367,0.11285,0.11348,1418121.0
2025-08-04 06:00:00,0.11348,0.11356,0.11251,0.11295,891670.0
2025-08-04 06:30:00,0.11294,0.11356,0.11283,0.1133,1536314.0
2025-08-04 07:00:00,0.1133,0.11352,0.11313,0.11336,556219.0
2025-08-04 07:30:00,0.11336,0.11391,0.11323,0.11371,375533.0
2025-08-04 08:00:00,0.11372,0.11399,0.11348,0.11352,385971.0
2025-08-04 08:30:00,0.11351,0.11401,0.11325,0.1137,840660.0
2025-08-04 09:00:00,0.1137,0.11375,0.11336,0.11357,330324.0
2025-08-04 09:30:00,0.11357,0.11377,0.11314,0.1132,490172.0
2025-08-04 10:00:00,0.11325,0.11367,0.11306,0.11348,652071.0
2025-08-04 10:30:00,0.11352,0.11361,0.11318,0.11327,343294.0
2025-08-04 11:00:00,0.11328,0.11343,0.11292,0.11318,292689.0
2025-08-04 11:30:00,0.11318,0.11341,0.11241,0.11319,1151233.0
2025-08-04 12:00:00,0.1132,0.11334,0.11291,0.11325,585734.0
2025-08-04 12:30:00,0.11321,0.11368,0.11301,0.1136,357613.0
2025-08-04 13:00:00,0.11361,0.11442,0.11298,0.11312,5044194.0
2025-08-04 13:30:00,0.11312,0.11461,0.1131,0.11451,1697332.0
2025-08-04 14:00:00,0.11455,0.11542,0.11446,0.11511,3085152.0
2025-08-04 14:30:00,0.11511,0.11511,0.11435,0.11456,2023115.0
2025-08-04 15:00:00,0.11456,0.1149,0.11438,0.11466,751261.0
2025-08-04 15:30:00,0.11462,0.11466,0.114,0.11442,529819.0
2025-08-04 16:00:00,0.1144,0.11485,0.11436,0.11448,632549.0
2025-08-04 16:30:00,0.11447,0.11533,0.11447,0.11527,861951.0
2025-08-04 17:00:00,0.11525,0.11572,0.11508,0.1152,1262807.0
2025-08-04 17:30:00,0.11523,0.11527,0.11484,0.11494,595287.0
2025-08-04 18:00:00,0.11494,0.11503,0.11458,0.11478,412979.0
2025-08-04 18:30:00,0.11476,0.11481,0.11435,0.11472,1137061.0
2025-08-04 19:00:00,0.11471,0.11485,0.11438,0.11451,473837.0
2025-08-04 19:30:00,0.11453,0.11491,0.11397,0.1146,1353402.0
2025-08-04 20:00:00,0.11457,0.1146,0.11442,0.11454,292734.0
2025-08-04 20:30:00,0.11456,0.11492,0.11456,0.11481,380827.0
2025-08-04 21:00:00,0.11481,0.11551,0.11479,0.11538,345118.0
2025-08-04 21:30:00,0.11538,0.11567,0.1153,0.11542,353185.0
2025-08-04 22:00:00,0.11542,0.1157,0.11534,0.11549,311037.0
2025-08-04 22:30:00,0.11548,0.1158,0.11534,0.1158,161546.0
2025-08-04 23:00:00,0.1158,0.11626,0.1156,0.11607,1230756.0
2025-08-04 23:30:00,0.11607,0.11647,0.11591,0.11601,686393.0
2025-08-05 00:00:00,0.11601,0.11879,0.11553,0.1174,10181213.0
2025-08-05 00:30:00,0.11741,0.11767,0.11634,0.11647,1929399.0
2025-08-05 01:00:00,0.11648,0.11668,0.11567,0.11616,1997797.0
2025-08-05 01:30:00,0.11618,0.11674,0.11543,0.11565,1588581.0
2025-08-05 02:00:00,0.11566,0.116,0.11522,0.11557,567091.0
2025-08-05 02:30:00,0.11555,0.11605,0.11554,0.11597,347591.0
2025-08-05 03:00:00,0.11598,0.11602,0.11439,0.11496,1357182.0
2025-08-05 03:30:00,0.11496,0.11562,0.11432,0.1145,1469262.0
2025-08-05 04:00:00,0.11451,0.11501,0.1143,0.11468,2727542.0
2025-08-05 04:30:00,0.11466,0.11491,0.11426,0.11457,2297245.0
2025-08-05 05:00:00,0.11457,0.11504,0.11414,0.11438,1603869.0
2025-08-05 05:30:00,0.11439,0.1144,0.1135,0.11407,1261067.0
2025-08-05 06:00:00,0.11409,0.11466,0.11355,0.11446,2448044.0
2025-08-05 06:30:00,0.11446,0.11475,0.1138,0.11429,5120483.0
2025-08-05 07:00:00,0.11429,0.11446,0.11375,0.11383,913218.0
2025-08-05 07:30:00,0.11384,0.11386,0.11283,0.11337,1988268.0
2025-08-05 08:00:00,0.11336,0.11412,0.11307,0.11386,1278905.0
2025-08-05 08:30:00,0.11385,0.1142,0.11343,0.1141,1736081.0
2025-08-05 09:00:00,0.1141,0.11461,0.11403,0.11455,1288028.0
2025-08-05 09:30:00,0.11448,0.11517,0.11439,0.11509,362266.0
2025-08-05 10:00:00,0.1151,0.1157,0.11481,0.11548,1888103.0
2025-08-05 10:30:00,0.11549,0.11588,0.11525,0.11566,1309783.0
2025-08-05 11:00:00,0.1157,0.11596,0.11544,0.1158,586573.0
2025-08-05 11:30:00,0.11581,0.11605,0.11556,0.11593,468878.0
2025-08-05 12:00:00,0.11591,0.11625,0.11498,0.1153,2226447.0
2025-08-05 12:30:00,0.11531,0.11542,0.11407,0.11466,1341655.0
2025-08-05 13:00:00,0.11459,0.11522,0.11441,0.11504,509426.0
2025-08-05 13:30:00,0.11503,0.11539,0.11466,0.11521,678618.0
2025-08-05 14:00:00,0.11519,0.11519,0.11271,0.11298,3437882.0
2025-08-05 14:30:00,0.11304,0.11336,0.11245,0.11306,4121249.0
2025-08-05 15:00:00,0.11306,0.11332,0.11218,0.11249,2257975.0
2025-08-05 15:30:00,0.11249,0.1125,0.11163,0.11199,2546655.0
2025-08-05 16:00:00,0.11202,0.11285,0.11178,0.11238,1629859.0
2025-08-05 16:30:00,0.11246,0.11278,0.11147,0.11209,1888736.0
2025-08-05 17:00:00,0.11204,0.11273,0.11195,0.11256,580668.0
2025-08-05 17:30:00,0.11255,0.1129,0.11224,0.11277,1133365.0
2025-08-05 18:00:00,0.11277,0.1128,0.11207,0.11227,697207.0
2025-08-05 18:30:00,0.11227,0.11234,0.1117,0.11222,489134.0
2025-08-05 19:00:00,0.11222,0.1126,0.11183,0.11187,485189.0
2025-08-05 19:30:00,0.11185,0.11219,0.11116,0.11159,965978.0
2025-08-05 20:00:00,0.1116,0.11236,0.1116,0.11235,1181759.0
2025-08-05 20:30:00,0.11236,0.11244,0.11148,0.11152,561252.0
2025-08-05 21:00:00,0.11154,0.11223,0.11131,0.11178,1108567.0
2025-08-05 21:30:00,0.11178,0.11225,0.11124,0.11128,1102875.0
2025-08-05 22:00:00,0.11126,0.11173,0.11042,0.11155,1503822.0
2025-08-05 22:30:00,0.11157,0.11194,0.11148,0.1119,209273.0
2025-08-05 23:00:00,0.11191,0.11233,0.11187,0.11227,874119.0
2025-08-05 23:30:00,0.11228,0.11271,0.1122,0.11258,803539.0
2025-08-06 00:00:00,0.11258,0.11266,0.11178,0.1119,1641237.0
2025-08-06 00:30:00,0.11192,0.11216,0.1108,0.11107,2399888.0
2025-08-06 01:00:00,0.11108,0.11111,0.1103,0.11043,970814.0
2025-08-06 01:30:00,0.11046,0.11124,0.11035,0.11101,766830.0
2025-08-06 02:00:00,0.11099,0.11099,0.10988,0.11053,646391.0
2025-08-06 02:30:00,0.11054,0.11069,0.11029,0.11035,274316.0
2025-08-06 03:00:00,0.11033,0.11042,0.10936,0.10979,1494286.0
2025-08-06 03:30:00,0.10981,0.11018,0.10959,0.10972,970913.0
2025-08-06 04:00:00,0.10971,0.11008,0.10906,0.10935,1942612.0
2025-08-06 04:30:00,0.10935,0.10981,0.10919,0.10971,314767.0
2025-08-06 05:00:00,0.1097,0.11083,0.10949,0.11058,3597130.0
2025-08-06 05:30:00,0.11057,0.11104,0.1102,0.11036,1094874.0
2025-08-06 06:00:00,0.11037,0.11065,0.11024,0.11033,1069723.0
2025-08-06 06:30:00,0.11035,0.11116,0.11028,0.11084,1182944.0
2025-08-06 07:00:00,0.11085,0.11184,0.11078,0.11173,709970.0
2025-08-06 07:30:00,0.11173,0.11173,0.11102,0.11138,858324.0
2025-08-06 08:00:00,0.11138,0.11138,0.11069,0.111,1612357.0
2025-08-06 08:30:00,0.11095,0.11095,0.11013,0.11061,860333.0
2025-08-06 09:00:00,0.11059,0.11144,0.11033,0.11123,1297870.0
2025-08-06 09:30:00,0.11123,0.11143,0.11075,0.11088,478329.0
2025-08-06 10:00:00,0.11089,0.11116,0.11044,0.11065,837320.0
2025-08-06 10:30:00,0.11064,0.11111,0.11044,0.11057,1039327.0
2025-08-06 11:00:00,0.11057,0.11121,0.11048,0.11113,643413.0
2025-08-06 11:30:00,0.11112,0.11127,0.11054,0.11085,1090688.0
2025-08-06 12:00:00,0.11084,0.11113,0.11006,0.11052,889067.0
2025-08-06 12:30:00,0.11049,0.11087,0.11035,0.11047,317245.0
2025-08-06 13:00:00,0.11046,0.11061,0.11026,0.11052,321986.0
2025-08-06 13:30:00,0.11053,0.11095,0.10993,0.11064,1477889.0
2025-08-06 14:00:00,0.11061,0.1117,0.11046,0.11092,1117026.0
2025-08-06 14:30:00,0.1109,0.11204,0.11077,0.11178,1697828.0
2025-08-06 15:00:00,0.11182,0.11234,0.11166,0.1119,1658980.0
2025-08-06 15:30:00,0.1119,0.11308,0.11185,0.11295,1416876.0
2025-08-06 16:00:00,0.11296,0.1132,0.11249,0.11253,708902.0
2025-08-06 16:30:00,0.1125,0.11254,0.11193,0.1123,917751.0
2025-08-06 17:00:00,0.11231,0.11272,0.11215,0.11272,410406.0
2025-08-06 17:30:00,0.11274,0.11311,0.11261,0.11311,607153.0
2025-08-06 18:00:00,0.11311,0.11354,0.11276,0.11311,1030054.0
2025-08-06 18:30:00,0.11312,0.1133,0.11286,0.1129,268136.0
2025-08-06 19:00:00,0.11296,0.11316,0.11285,0.11292,218785.0
2025-08-06 19:30:00,0.11295,0.11301,0.1127,0.11291,189613.0
2025-08-06 20:00:00,0.11291,0.11302,0.11265,0.11275,291205.0
2025-08-06 20:30:00,0.11272,0.11282,0.11259,0.11278,216459.0
2025-08-06 21:00:00,0.11277,0.1131,0.11271,0.11305,228675.0
2025-08-06 21:30:00,0.11303,0.11303,0.11254,0.1129,282400.0
2025-08-06 22:00:00,0.11289,0.11297,0.11271,0.11293,177033.0
2025-08-06 22:30:00,0.11293,0.113,0.1127,0.11296,115499.0
2025-08-06 23:00:00,0.11296,0.11299,0.1127,0.11278,117161.0
2025-08-06 23:30:00,0.11279,0.11302,0.11278,0.11296,95184.0
2025-08-07 00:00:00,0.11296,0.11332,0.11272,0.11314,619118.0
2025-08-07 00:30:00,0.1132,0.11329,0.11283,0.11312,451617.0
2025-08-07 01:00:00,0.11312,0.11408,0.113,0.1138,1176793.0
2025-08-07 01:30:00,0.11378,0.11388,0.11306,0.11326,950235.0
2025-08-07 02:00:00,0.11326,0.1133,0.11263,0.11323,817666.0
2025-08-07 02:30:00,0.11322,0.11333,0.11288,0.11313,246469.0
2025-08-07 03:00:00,0.11312,0.11319,0.11262,0.11295,281508.0
2025-08-07 03:30:00,0.11296,0.11331,0.11295,0.11312,291250.0
2025-08-07 04:00:00,0.1131,0.11412,0.11304,0.11364,624326.0
2025-08-07 04:30:00,0.11366,0.11465,0.11366,0.11403,1563529.0
2025-08-07 05:00:00,0.11404,0.11421,0.11382,0.11407,643269.0
2025-08-07 05:30:00,0.11404,0.11462,0.11395,0.11434,665879.0
2025-08-07 06:00:00,0.11436,0.11476,0.11412,0.11459,679667.0
2025-08-07 06:30:00,0.1146,0.11484,0.11436,0.11457,365210.0
2025-08-07 07:00:00,0.11457,0.11475,0.11424,0.1146,404510.0
2025-08-07 07:30:00,0.11461,0.11465,0.1143,0.11446,198803.0
2025-08-07 08:00:00,0.11446,0.11501,0.11446,0.11476,421437.0
2025-08-07 08:30:00,0.11477,0.11479,0.11434,0.11438,290947.0
2025-08-07 09:00:00,0.11438,0.11474,0.11426,0.11465,398541.0
2025-08-07 09:30:00,0.11465,0.11481,0.1139,0.11403,1604000.0
2025-08-07 10:00:00,0.11406,0.11525,0.11364,0.11524,2752872.0
2025-08-07 10:30:00,0.11526,0.11562,0.11519,0.11546,776388.0
2025-08-07 11:00:00,0.11545,0.11606,0.11545,0.11601,828275.0
2025-08-07 11:30:00,0.11602,0.11602,0.11567,0.11589,624735.0
2025-08-07 12:00:00,0.11585,0.11609,0.11546,0.11565,874473.0
2025-08-07 12:30:00,0.11562,0.11562,0.11506,0.11529,1474080.0
2025-08-07 13:00:00,0.1153,0.11612,0.1153,0.11582,825291.0
2025-08-07 13:30:00,0.11574,0.116,0.11548,0.11585,1163158.0
2025-08-07 14:00:00,0.11585,0.11591,0.11538,0.11545,509060.0
2025-08-07 14:30:00,0.11546,0.11558,0.11497,0.11524,1084286.0
2025-08-07 15:00:00,0.1152,0.11544,0.11489,0.11535,542831.0
2025-08-07 15:30:00,0.1154,0.11548,0.11528,0.11532,228655.0
2025-08-07 16:00:00,0.11533,0.11569,0.11513,0.11538,296925.0
2025-08-07 16:30:00,0.11539,0.11548,0.11363,0.11467,1655096.0
2025-08-07 17:00:00,0.11467,0.11505,0.11446,0.11476,848120.0
2025-08-07 17:30:00,0.11475,0.11509,0.11456,0.11483,1028759.0
2025-08-07 18:00:00,0.11485,0.11507,0.11443,0.11481,606095.0
2025-08-07 18:30:00,0.1148,0.11484,0.11461,0.11473,213450.0
2025-08-07 19:00:00,0.11474,0.11495,0.11459,0.11492,588668.0
2025-08-07 19:30:00,0.11492,0.11574,0.11484,0.11574,858382.0
2025-08-07 20:00:00,0.11578,0.11597,0.11558,0.11579,374095.0
2025-08-07 20:30:00,0.1158,0.11595,0.11574,0.11578,297693.0
2025-08-07 21:00:00,0.11578,0.11666,0.11576,0.11642,703078.0
2025-08-07 21:30:00,0.11643,0.11667,0.11617,0.11622,726524.0
2025-08-07 22:00:00,0.11622,0.11678,0.1162,0.11665,608361.0
2025-08-07 22:30:00,0.11666,0.11695,0.1164,0.11682,501296.0
2025-08-07 23:00:00,0.11682,0.11698,0.11657,0.11673,429816.0
2025-08-07 23:30:00,0.11673,0.11721,0.11672,0.11712,907186.0
2025-08-08 00:00:00,0.1171,0.11739,0.11608,0.11685,2628143.0
2025-08-08 00:30:00,0.11685,0.11767,0.11661,0.11677,1788522.0
2025-08-08 01:00:00,0.11676,0.11721,0.1164,0.11679,2006579.0
2025-08-08 01:30:00,0.11681,0.11691,0.11641,0.11665,446554.0
2025-08-08 02:00:00,0.11665,0.11694,0.11639,0.11659,1102425.0
2025-08-08 02:30:00,0.11658,0.11744,0.11654,0.11712,668371.0
2025-08-08 03:00:00,0.11714,0.11768,0.11671,0.11759,2048017.0
2025-08-08 03:30:00,0.11758,0.11761,0.11674,0.11709,1080611.0
2025-08-08 04:00:00,0.11705,0.11707,0.11636,0.11684,1312982.0
2025-08-08 04:30:00,0.11685,0.1171,0.11657,0.11657,714623.0
2025-08-08 05:00:00,0.11657,0.11684,0.11644,0.11674,383806.0
2025-08-08 05:30:00,0.11674,0.11676,0.11654,0.11663,283736.0
2025-08-08 06:00:00,0.11663,0.11695,0.11626,0.11686,1287201.0
2025-08-08 06:30:00,0.11686,0.11699,0.11662,0.11693,514748.0
2025-08-08 07:00:00,0.11693,0.1173,0.11667,0.11697,1552927.0
2025-08-08 07:30:00,0.11695,0.11731,0.11683,0.11721,651089.0
2025-08-08 08:00:00,0.11719,0.11773,0.11702,0.11724,990230.0
2025-08-08 08:30:00,0.11721,0.11721,0.11686,0.11703,549685.0
2025-08-08 09:00:00,0.11704,0.11718,0.11652,0.11674,961138.0
2025-08-08 09:30:00,0.11678,0.1173,0.11669,0.11721,615814.0
2025-08-08 10:00:00,0.11721,0.1173,0.117,0.11704,213108.0
2025-08-08 10:30:00,0.11706,0.11732,0.11662,0.11698,1813453.0
2025-08-08 11:00:00,0.11698,0.11739,0.11695,0.11723,1111840.0
2025-08-08 11:30:00,0.11724,0.1175,0.11715,0.11741,259163.0
2025-08-08 12:00:00,0.11741,0.11746,0.11695,0.11708,462605.0
2025-08-08 12:30:00,0.11708,0.11715,0.11635,0.11645,1181305.0
2025-08-08 13:00:00,0.11646,0.11695,0.11645,0.11693,538731.0
2025-08-08 13:30:00,0.11695,0.11821,0.11672,0.11821,2499842.0
2025-08-08 14:00:00,0.11823,0.11881,0.1173,0.11772,3624249.0
2025-08-08 14:30:00,0.11773,0.1178,0.11681,0.1174,2756734.0
2025-08-08 15:00:00,0.1174,0.11748,0.11632,0.11655,1179110.0
2025-08-08 15:30:00,0.11654,0.11666,0.1158,0.11653,835505.0
2025-08-08 16:00:00,0.11651,0.11687,0.11648,0.11668,557222.0
2025-08-08 16:30:00,0.11667,0.11704,0.11654,0.11702,564436.0
2025-08-08 17:00:00,0.11702,0.11809,0.11694,0.11793,1072670.0
2025-08-08 17:30:00,0.11795,0.1188,0.11795,0.11879,831367.0
2025-08-08 18:00:00,0.11876,0.11892,0.11844,0.11856,917354.0
2025-08-08 18:30:00,0.11857,0.11871,0.11811,0.11829,472460.0
2025-08-08 19:00:00,0.11832,0.11857,0.1182,0.11837,381541.0
2025-08-08 19:30:00,0.11834,0.11857,0.11806,0.11853,282834.0
2025-08-08 20:00:00,0.11854,0.11869,0.11802,0.1182,384326.0
2025-08-08 20:30:00,0.11822,0.11841,0.11815,0.11836,136620.0
2025-08-08 21:00:00,0.11835,0.11854,0.11814,0.11844,523134.0
2025-08-08 21:30:00,0.11843,0.11864,0.11823,0.11861,604541.0
2025-08-08 22:00:00,0.1186,0.11908,0.11832,0.11901,969441.0
2025-08-08 22:30:00,0.11904,0.11904,0.11865,0.11883,507488.0
2025-08-08 23:00:00,0.1188,0.11903,0.11875,0.11877,307559.0
2025-08-08 23:30:00,0.11877,0.11887,0.11849,0.11887,422405.0
2025-08-09 00:00:00,0.11887,0.11919,0.11877,0.11898,794723.0
2025-08-09 00:30:00,0.11898,0.11937,0.11866,0.11927,670772.0
2025-08-09 01:00:00,0.11927,0.11941,0.11893,0.1192,513616.0
2025-08-09 01:30:00,0.11921,0.11952,0.11888,0.11928,917326.0
2025-08-09 02:00:00,0.11929,0.11935,0.11909,0.1192,116957.0
2025-08-09 02:30:00,0.11918,0.1192,0.1189,0.119,244141.0
2025-08-09 03:00:00,0.11901,0.11919,0.11872,0.11909,508824.0
2025-08-09 03:30:00,0.11908,0.1193,0.11894,0.11909,763007.0
2025-08-09 04:00:00,0.11907,0.11928,0.11887,0.11891,698714.0
2025-08-09 04:30:00,0.1189,0.11935,0.1189,0.11906,591561.0
2025-08-09 05:00:00,0.11908,0.12102,0.11905,0.12073,2230679.0
2025-08-09 05:30:00,0.12073,0.12091,0.12037,0.12039,1040791.0
2025-08-09 06:00:00,0.12038,0.12054,0.11972,0.12012,1506088.0
2025-08-09 06:30:00,0.12009,0.12014,0.11959,0.12001,974708.0
2025-08-09 07:00:00,0.12001,0.12055,0.11988,0.12055,2167964.0
2025-08-09 07:30:00,0.12054,0.12063,0.1202,0.12055,1182868.0
2025-08-09 08:00:00,0.12055,0.12058,0.12031,0.12054,330482.0
2025-08-09 08:30:00,0.12055,0.12091,0.12043,0.1208,477810.0
2025-08-09 09:00:00,0.12079,0.12136,0.12061,0.12114,603066.0
2025-08-09 09:30:00,0.12113,0.12151,0.12086,0.12133,804109.0
2025-08-09 10:00:00,0.12133,0.12191,0.1213,0.12151,1066135.0
2025-08-09 10:30:00,0.12151,0.12179,0.12143,0.12161,263767.0
2025-08-09 11:00:00,0.12156,0.12156,0.12089,0.12138,903920.0
2025-08-09 11:30:00,0.12138,0.1215,0.12119,0.12141,204501.0
2025-08-09 12:00:00,0.12142,0.12235,0.12117,0.12223,1206048.0
2025-08-09 12:30:00,0.12223,0.1223,0.12167,0.12193,452389.0
2025-08-09 13:00:00,0.12195,0.12219,0.1212,0.12153,636757.0
2025-08-09 13:30:00,0.12152,0.12161,0.12068,0.12086,1505671.0
2025-08-09 14:00:00,0.12086,0.12133,0.12029,0.12115,1569109.0
2025-08-09 14:30:00,0.12115,0.1212,0.12076,0.12117,521749.0
2025-08-09 15:00:00,0.12118,0.12178,0.12096,0.12157,2455655.0
2025-08-09 15:30:00,0.12155,0.12159,0.12112,0.12117,1133761.0
2025-08-09 16:00:00,0.12116,0.12212,0.12115,0.12156,782509.0
2025-08-09 16:30:00,0.12157,0.12208,0.12135,0.12137,916741.0
2025-08-09 17:00:00,0.12137,0.1222,0.12108,0.12202,857724.0
2025-08-09 17:30:00,0.12202,0.12221,0.12184,0.12205,278253.0
2025-08-09 18:00:00,0.12204,0.12207,0.12172,0.12206,187148.0
2025-08-09 18:30:00,0.12206,0.12225,0.12189,0.12211,275784.0
2025-08-09 19:00:00,0.1221,0.12274,0.12198,0.12257,672294.0
2025-08-09 19:30:00,0.12257,0.12259,0.1222,0.12233,255013.0
2025-08-09 20:00:00,0.12231,0.12266,0.12198,0.1226,367109.0
2025-08-09 20:30:00,0.12259,0.12312,0.12249,0.12303,719907.0
2025-08-09 21:00:00,0.12302,0.12302,0.12187,0.12187,2179757.0
2025-08-09 21:30:00,0.12186,0.12217,0.12158,0.12204,542907.0
2025-08-09 22:00:00,0.12205,0.12294,0.12205,0.12283,1479928.0
2025-08-09 22:30:00,0.1228,0.12298,0.12155,0.12188,2074805.0
2025-08-09 23:00:00,0.12189,0.12224,0.12154,0.12189,1072112.0
2025-08-09 23:30:00,0.12188,0.122,0.12159,0.12164,1026299.0
2025-08-10 00:00:00,0.12161,0.12236,0.12158,0.1219,1967653.0
2025-08-10 00:30:00,0.12191,0.12258,0.12161,0.12234,1168156.0
2025-08-10 01:00:00,0.12235,0.12255,0.1218,0.12212,1933486.0
2025-08-10 01:30:00,0.12213,0.12255,0.12203,0.12211,509040.0
2025-08-10 02:00:00,0.12208,0.12258,0.12203,0.12214,635264.0
2025-08-10 02:30:00,0.12208,0.12219,0.12103,0.12169,2369400.0
2025-08-10 03:00:00,0.12167,0.12251,0.12127,0.12231,2018115.0
2025-08-10 03:30:00,0.1223,0.1227,0.12189,0.1227,847534.0
2025-08-10 04:00:00,0.12269,0.12329,0.1224,0.12327,575428.0
2025-08-10 04:30:00,0.12329,0.12329,0.12285,0.12299,438107.0
2025-08-10 05:00:00,0.12298,0.12298,0.12203,0.12214,493909.0
2025-08-10 05:30:00,0.1221,0.12239,0.1218,0.12193,297254.0
2025-08-10 06:00:00,0.12193,0.12198,0.12056,0.12081,1703082.0
2025-08-10 06:30:00,0.12077,0.12148,0.12066,0.12106,1552740.0
2025-08-10 07:00:00,0.12107,0.12161,0.12073,0.12088,949067.0
2025-08-10 07:30:00,0.12087,0.12107,0.11879,0.11923,3890539.0
2025-08-10 08:00:00,0.11922,0.11952,0.11787,0.11937,2679718.0
2025-08-10 08:30:00,0.11937,0.11998,0.11936,0.11976,1014178.0
2025-08-10 09:00:00,0.11976,0.11996,0.11945,0.11962,458726.0
2025-08-10 09:30:00,0.11962,0.11981,0.11921,0.11939,278503.0
2025-08-10 10:00:00,0.11939,0.1196,0.11896,0.11896,419172.0
2025-08-10 10:30:00,0.11896,0.11921,0.11853,0.11873,988758.0
2025-08-10 11:00:00,0.11874,0.11917,0.11856,0.11911,359523.0
2025-08-10 11:30:00,0.11911,0.11934,0.11848,0.11848,1002669.0
2025-08-10 12:00:00,0.1185,0.11884,0.1184,0.11873,374601.0
2025-08-10 12:30:00,0.11872,0.1193,0.11872,0.11918,312870.0
2025-08-10 13:00:00,0.11919,0.11931,0.11892,0.11912,384373.0
2025-08-10 13:30:00,0.11911,0.11927,0.11838,0.11851,2213623.0
2025-08-10 14:00:00,0.1185,0.11915,0.11825,0.11911,1314451.0
2025-08-10 14:30:00,0.1191,0.11981,0.11904,0.11967,1652885.0
2025-08-10 15:00:00,0.11967,0.11982,0.11917,0.11963,631561.0
2025-08-10 15:30:00,0.11962,0.11977,0.11939,0.11952,160504.0
2025-08-10 16:00:00,0.1195,0.12002,0.11936,0.11988,471476.0
2025-08-10 16:30:00,0.11985,0.1199,0.11965,0.11984,218020.0
2025-08-10 17:00:00,0.11986,0.11996,0.11945,0.11965,317032.0
2025-08-10 17:30:00,0.11967,0.12002,0.11964,0.12,229446.0
2025-08-10 18:00:00,0.12,0.12002,0.11983,0.11991,533816.0
2025-08-10 18:30:00,0.11991,0.12044,0.11991,0.12044,287678.0
2025-08-10 19:00:00,0.12043,0.12101,0.12043,0.1207,516544.0
2025-08-10 19:30:00,0.12068,0.12084,0.12039,0.1204,329460.0
2025-08-10 20:00:00,0.1204,0.12045,0.11981,0.11994,604548.0
2025-08-10 20:30:00,0.11996,0.12031,0.11992,0.11994,227711.0
2025-08-10 21:00:00,0.11995,0.12014,0.11962,0.11996,456536.0
2025-08-10 21:30:00,0.11995,0.12009,0.11944,0.12009,444592.0
2025-08-10 22:00:00,0.12008,0.12027,0.11957,0.12004,1189387.0
2025-08-10 22:30:00,0.12005,0.12054,0.11987,0.12039,2201156.0
2025-08-10 23:00:00,0.1204,0.12062,0.11982,0.12024,714880.0
2025-08-10 23:30:00,0.12024,0.12068,0.12024,0.12057,536962.0
2025-08-11 00:00:00,0.12057,0.12072,0.11972,0.12057,1633324.0
2025-08-11 00:30:00,0.12057,0.12057,0.11964,0.11964,637067.0
2025-08-11 01:00:00,0.11957,0.12069,0.11943,0.12056,2063186.0
2025-08-11 01:30:00,0.12052,0.12108,0.12051,0.12069,1745182.0
2025-08-11 02:00:00,0.12071,0.12141,0.12069,0.12123,1048081.0
2025-08-11 02:30:00,0.12124,0.12181,0.12119,0.12165,710275.0
2025-08-11 03:00:00,0.12166,0.1217,0.12102,0.1214,1611067.0
2025-08-11 03:30:00,0.12136,0.12176,0.12129,0.1217,367091.0
2025-08-11 04:00:00,0.12169,0.12196,0.12163,0.12163,465199.0
2025-08-11 04:30:00,0.12162,0.12173,0.12128,0.12128,588650.0
2025-08-11 05:00:00,0.12127,0.12151,0.12118,0.12131,365184.0
2025-08-11 05:30:00,0.1213,0.12137,0.12093,0.12099,258849.0
2025-08-11 06:00:00,0.121,0.12116,0.12082,0.12096,363873.0
2025-08-11 06:30:00,0.12098,0.12135,0.12065,0.12102,1357131.0
2025-08-11 07:00:00,0.12102,0.1211,0.1202,0.12026,558241.0
2025-08-11 07:30:00,0.12026,0.12029,0.11933,0.11949,1136452.0
2025-08-11 08:00:00,0.11948,0.1198,0.11917,0.11972,429849.0
2025-08-11 08:30:00,0.11972,0.12031,0.11968,0.12014,960552.0
2025-08-11 09:00:00,0.12013,0.12033,0.11969,0.12004,1136620.0
2025-08-11 09:30:00,0.12003,0.12007,0.11899,0.11933,1522225.0
2025-08-11 10:00:00,0.11932,0.11942,0.11848,0.11913,2147487.0
2025-08-11 10:30:00,0.11914,0.11922,0.11834,0.11846,1620015.0
2025-08-11 11:00:00,0.11845,0.1185,0.117,0.117,2779705.0
2025-08-11 11:30:00,0.11697,0.11728,0.11555,0.11592,3615188.0
2025-08-11 12:00:00,0.11592,0.11656,0.11569,0.11603,3187431.0
2025-08-11 12:30:00,0.11603,0.11635,0.11566,0.11622,1823479.0
2025-08-11 13:00:00,0.11621,0.11623,0.11511,0.11537,1919292.0
2025-08-11 13:30:00,0.11538,0.11752,0.11537,0.11693,3541716.0
2025-08-11 14:00:00,0.11696,0.1175,0.11693,0.1172,2546217.0
2025-08-11 14:30:00,0.11718,0.11777,0.11694,0.1174,1679143.0
2025-08-11 15:00:00,0.11737,0.11762,0.11675,0.11729,617814.0
2025-08-11 15:30:00,0.11729,0.11794,0.11717,0.11782,317017.0
2025-08-11 16:00:00,0.11784,0.11853,0.11782,0.11808,1367084.0
2025-08-11 16:30:00,0.11808,0.11813,0.11713,0.1177,1441188.0
2025-08-11 17:00:00,0.11766,0.11817,0.11732,0.11764,1771492.0
2025-08-11 17:30:00,0.11764,0.11764,0.11698,0.11727,219420.0
2025-08-11 18:00:00,0.11727,0.11761,0.11638,0.1175,1339144.0
2025-08-11 18:30:00,0.11752,0.11778,0.1171,0.11751,693979.0
2025-08-11 19:00:00,0.11748,0.11761,0.11711,0.11741,182343.0
2025-08-11 19:30:00,0.1174,0.11742,0.11607,0.1167,865619.0
2025-08-11 20:00:00,0.11669,0.11679,0.11616,0.11647,679590.0
2025-08-11 20:30:00,0.1165,0.11685,0.11632,0.11658,1311687.0
2025-08-11 21:00:00,0.1166,0.11696,0.11612,0.11617,1422446.0
2025-08-11 21:30:00,0.11618,0.11624,0.1148,0.11529,1656039.0
2025-08-11 22:00:00,0.1153,0.11547,0.11418,0.11458,2269851.0
2025-08-11 22:30:00,0.11459,0.11527,0.11435,0.1149,846412.0
2025-08-11 23:00:00,0.11489,0.11541,0.1147,0.11521,584793.0
2025-08-11 23:30:00,0.11521,0.11563,0.11493,0.11503,870980.0
2025-08-12 00:00:00,0.11504,0.11605,0.11494,0.11564,2339855.0
2025-08-12 00:30:00,0.11564,0.1165,0.11515,0.1163,1416526.0
2025-08-12 01:00:00,0.11631,0.11652,0.11599,0.11645,687810.0
2025-08-12 01:30:00,0.11645,0.11708,0.11624,0.11658,1233619.0
2025-08-12 02:00:00,0.1166,0.11684,0.11605,0.11681,1275455.0
2025-08-12 02:30:00,0.11679,0.1169,0.11642,0.11643,426979.0
2025-08-12 03:00:00,0.11643,0.11658,0.116,0.11611,474638.0
2025-08-12 03:30:00,0.11612,0.11651,0.11612,0.11619,196021.0
2025-08-12 04:00:00,0.11615,0.11641,0.11586,0.11623,332057.0
2025-08-12 04:30:00,0.11624,0.11673,0.11622,0.11642,215708.0
2025-08-12 05:00:00,0.11639,0.11639,0.11534,0.11542,1019131.0
2025-08-12 05:30:00,0.11541,0.11577,0.11498,0.11545,1760324.0
2025-08-12 06:00:00,0.11547,0.1159,0.11452,0.11586,2433111.0
2025-08-12 06:30:00,0.11585,0.1161,0.11516,0.11545,844732.0
2025-08-12 07:00:00,0.11545,0.11614,0.11545,0.11603,601177.0
2025-08-12 07:30:00,0.11604,0.1162,0.116,0.11614,232671.0
2025-08-12 08:00:00,0.11615,0.11618,0.11525,0.11533,1051790.0
2025-08-12 08:30:00,0.11531,0.11575,0.11487,0.11491,495967.0
2025-08-12 09:00:00,0.11488,0.115,0.11429,0.11496,1220594.0
2025-08-12 09:30:00,0.11497,0.11515,0.11425,0.11453,1065978.0
2025-08-12 10:00:00,0.11454,0.11474,0.11381,0.11453,789211.0
2025-08-12 10:30:00,0.11456,0.11475,0.11413,0.11437,315813.0
2025-08-12 11:00:00,0.11439,0.11442,0.11369,0.1142,559246.0
2025-08-12 11:30:00,0.11423,0.11477,0.11422,0.1146,726636.0
2025-08-12 12:00:00,0.1146,0.11518,0.11426,0.11509,663944.0
2025-08-12 12:30:00,0.11517,0.11694,0.11517,0.11629,3828057.0
2025-08-12 13:00:00,0.11631,0.11642,0.1155,0.11633,1443104.0
2025-08-12 13:30:00,0.11634,0.11659,0.11501,0.11559,2496076.0
2025-08-12 14:00:00,0.11559,0.11631,0.11541,0.11621,746262.0
2025-08-12 14:30:00,0.11622,0.11666,0.11602,0.11658,762730.0
2025-08-12 15:00:00,0.11657,0.11717,0.11651,0.1171,795839.0
2025-08-12 15:30:00,0.11716,0.1178,0.1171,0.11771,1221337.0
2025-08-12 16:00:00,0.11772,0.11819,0.11756,0.11815,1017303.0
2025-08-12 16:30:00,0.11814,0.11885,0.11808,0.11875,1369594.0
2025-08-12 17:00:00,0.11875,0.11912,0.11844,0.11852,2389189.0
2025-08-12 17:30:00,0.11853,0.11892,0.11816,0.11842,653954.0
2025-08-12 18:00:00,0.11843,0.11946,0.11835,0.11909,1271793.0
2025-08-12 18:30:00,0.11909,0.1192,0.11874,0.11896,535587.0
2025-08-12 19:00:00,0.11897,0.11941,0.11889,0.11909,513408.0
2025-08-12 19:30:00,0.11911,0.11939,0.11881,0.11934,804822.0
2025-08-12 20:00:00,0.11938,0.12007,0.11919,0.1198,756790.0
2025-08-12 20:30:00,0.1198,0.12018,0.11959,0.11987,1145148.0
2025-08-12 21:00:00,0.11988,0.11993,0.11918,0.11952,848374.0
2025-08-12 21:30:00,0.11951,0.12001,0.11904,0.11955,924191.0
2025-08-12 22:00:00,0.11954,0.11972,0.11921,0.11961,645307.0
2025-08-12 22:30:00,0.1196,0.11968,0.1194,0.11965,355091.0
2025-08-12 23:00:00,0.11965,0.12022,0.11963,0.11993,664125.0
2025-08-12 23:30:00,0.11992,0.12009,0.11939,0.11957,1546273.0
2025-08-13 00:00:00,0.11957,0.1201,0.11955,0.11959,1330551.0
2025-08-13 00:30:00,0.1196,0.11999,0.11957,0.11966,535037.0
2025-08-13 01:00:00,0.11965,0.11971,0.11831,0.11881,3463893.0
2025-08-13 01:30:00,0.11881,0.11893,0.11805,0.11876,1274864.0
2025-08-13 02:00:00,0.1188,0.11884,0.11828,0.11881,727609.0
2025-08-13 02:30:00,0.11881,0.11968,0.11878,0.11962,838798.0
2025-08-13 03:00:00,0.11961,0.11999,0.11915,0.11945,711939.0
2025-08-13 03:30:00,0.11941,0.1201,0.11938,0.11962,467461.0
2025-08-13 04:00:00,0.11963,0.12013,0.11956,0.11984,600135.0
2025-08-13 04:30:00,0.11984,0.11986,0.1192,0.11947,335099.0
2025-08-13 05:00:00,0.11947,0.11972,0.11916,0.11921,685728.0
2025-08-13 05:30:00,0.1193,0.11932,0.11855,0.11881,592373.0
2025-08-13 06:00:00,0.11882,0.11903,0.11833,0.11845,1225755.0
2025-08-13 06:30:00,0.11845,0.11908,0.11844,0.11879,979517.0
2025-08-13 07:00:00,0.11879,0.11943,0.11879,0.11924,679121.0
2025-08-13 07:30:00,0.11925,0.11937,0.11881,0.11932,463397.0
2025-08-13 08:00:00,0.11933,0.11992,0.11924,0.11982,2192813.0
2025-08-13 08:30:00,0.11982,0.11999,0.11967,0.11989,630519.0
2025-08-13 09:00:00,0.11989,0.12048,0.11989,0.12026,549528.0
2025-08-13 09:30:00,0.12025,0.12064,0.12009,0.12054,601545.0
2025-08-13 10:00:00,0.12054,0.12089,0.12042,0.12085,626628.0
2025-08-13 10:30:00,0.12085,0.12086,0.12053,0.12069,397036.0
2025-08-13 11:00:00,0.12068,0.12134,0.12054,0.12085,1646450.0
2025-08-13 11:30:00,0.12085,0.12093,0.12051,0.12067,432770.0
2025-08-13 12:00:00,0.12062,0.12108,0.1206,0.121,504896.0
2025-08-13 12:30:00,0.121,0.1211,0.12028,0.12035,371302.0
2025-08-13 13:00:00,0.12037,0.12202,0.12033,0.12181,1291482.0
2025-08-13 13:30:00,0.12184,0.12197,0.12042,0.1213,3244417.0
2025-08-13 14:00:00,0.12133,0.12169,0.1202,0.1211,1882915.0
2025-08-13 14:30:00,0.12111,0.12153,0.12025,0.12038,2080658.0
2025-08-13 15:00:00,0.12038,0.121,0.11988,0.1205,1979483.0
2025-08-13 15:30:00,0.12052,0.12093,0.12016,0.1207,666327.0
2025-08-13 16:00:00,0.12073,0.12149,0.12066,0.12123,758681.0
2025-08-13 16:30:00,0.12121,0.12138,0.12022,0.12056,934666.0
2025-08-13 17:00:00,0.12057,0.12097,0.12046,0.12079,678905.0
2025-08-13 17:30:00,0.12079,0.12094,0.12066,0.1208,295903.0
2025-08-13 18:00:00,0.12079,0.121,0.12025,0.1204,497305.0
2025-08-13 18:30:00,0.1204,0.12062,0.11986,0.12045,821657.0
2025-08-13 19:00:00,0.12044,0.12094,0.12034,0.1208,364944.0
2025-08-13 19:30:00,0.1208,0.1211,0.1207,0.1211,438428.0
2025-08-13 20:00:00,0.12112,0.12115,0.12039,0.1206,989544.0
2025-08-13 20:30:00,0.12061,0.12083,0.12049,0.12052,235779.0
2025-08-13 21:00:00,0.12048,0.12102,0.12035,0.12089,550399.0
2025-08-13 21:30:00,0.12088,0.12102,0.12061,0.12074,565552.0
2025-08-13 22:00:00,0.1207,0.12105,0.12069,0.12098,467640.0
2025-08-13 22:30:00,0.12098,0.1216,0.12096,0.12118,1034685.0
2025-08-13 23:00:00,0.12118,0.12172,0.12113,0.1213,474715.0
2025-08-13 23:30:00,0.1213,0.12165,0.12095,0.12103,458082.0
2025-08-14 00:00:00,0.12102,0.12143,0.12077,0.12114,1133242.0
2025-08-14 00:30:00,0.12115,0.12164,0.12002,0.12022,2288193.0
2025-08-14 01:00:00,0.12023,0.12058,0.12007,0.12047,1043427.0
2025-08-14 01:30:00,0.12048,0.12091,0.12031,0.12079,980615.0
2025-08-14 02:00:00,0.12078,0.12092,0.12032,0.12054,289411.0
2025-08-14 02:30:00,0.12054,0.1219,0.1205,0.12183,883941.0
2025-08-14 03:00:00,0.12183,0.12185,0.12136,0.1216,485582.0
2025-08-14 03:30:00,0.1216,0.12172,0.12121,0.12131,579605.0
2025-08-14 04:00:00,0.12127,0.12144,0.12085,0.12113,719753.0
2025-08-14 04:30:00,0.12113,0.12113,0.12038,0.12039,688199.0
2025-08-14 05:00:00,0.12037,0.1206,0.11991,0.12014,696269.0
2025-08-14 05:30:00,0.12014,0.12024,0.11917,0.11957,1575701.0
2025-08-14 06:00:00,0.11958,0.11967,0.11822,0.11848,1615405.0
2025-08-14 06:30:00,0.11852,0.11941,0.11848,0.11924,1036139.0
2025-08-14 07:00:00,0.11924,0.1195,0.11862,0.11884,949114.0
2025-08-14 07:30:00,0.11884,0.11927,0.11848,0.11925,1028861.0
2025-08-14 08:00:00,0.11924,0.1193,0.11841,0.11873,1374095.0
2025-08-14 08:30:00,0.11873,0.11932,0.11818,0.11932,2600275.0
2025-08-14 09:00:00,0.11931,0.11957,0.11832,0.11935,2661390.0
2025-08-14 09:30:00,0.11934,0.11935,0.11877,0.11899,464185.0
2025-08-14 10:00:00,0.119,0.11903,0.11849,0.1186,311171.0
2025-08-14 10:30:00,0.1186,0.1188,0.11725,0.11821,2302708.0
2025-08-14 11:00:00,0.11821,0.11845,0.11802,0.11838,422351.0
2025-08-14 11:30:00,0.11838,0.11846,0.11796,0.11825,404346.0
2025-08-14 12:00:00,0.11829,0.11848,0.11764,0.11843,1095622.0
2025-08-14 12:30:00,0.11845,0.11845,0.11293,0.11355,8049867.0
2025-08-14 13:00:00,0.11353,0.11466,0.11161,0.11333,5390706.0
2025-08-14 13:30:00,0.11337,0.11487,0.11296,0.11409,2393335.0
2025-08-14 14:00:00,0.11411,0.11474,0.1137,0.11471,948008.0
2025-08-14 14:30:00,0.11471,0.11517,0.11403,0.11438,1026687.0
2025-08-14 15:00:00,0.11441,0.11481,0.11346,0.11367,1679154.0
2025-08-14 15:30:00,0.11368,0.11403,0.11347,0.1136,984022.0
2025-08-14 16:00:00,0.11362,0.11366,0.11201,0.11227,1426152.0
2025-08-14 16:30:00,0.11221,0.11228,0.11155,0.11189,1150605.0
2025-08-14 17:00:00,0.11184,0.11247,0.11121,0.11245,982560.0
2025-08-14 17:30:00,0.11245,0.11256,0.11188,0.11225,647239.0
2025-08-14 18:00:00,0.11226,0.11237,0.11071,0.11164,885569.0
2025-08-14 18:30:00,0.11163,0.11232,0.11159,0.11188,383650.0
2025-08-14 19:00:00,0.11188,0.11222,0.11183,0.11214,357236.0
2025-08-14 19:30:00,0.11214,0.11215,0.11138,0.11145,418343.0
2025-08-14 20:00:00,0.11142,0.11183,0.11112,0.11162,848260.0
2025-08-14 20:30:00,0.11162,0.11189,0.11119,0.11183,375600.0
2025-08-14 21:00:00,0.11183,0.1119,0.11077,0.11082,930685.0
2025-08-14 21:30:00,0.11082,0.11113,0.11024,0.11109,840195.0
2025-08-14 22:00:00,0.11109,0.11134,0.11064,0.11129,510938.0
2025-08-14 22:30:00,0.1113,0.1116,0.11125,0.1115,517196.0
2025-08-14 23:00:00,0.1115,0.11193,0.11137,0.1119,668426.0
2025-08-14 23:30:00,0.1119,0.11195,0.11154,0.11176,526934.0
2025-08-15 00:00:00,0.11176,0.1126,0.11154,0.11202,1245593.0
2025-08-15 00:30:00,0.11202,0.11275,0.11167,0.11203,1298903.0
2025-08-15 01:00:00,0.11203,0.11262,0.11179,0.11242,519161.0
2025-08-15 01:30:00,0.11242,0.11281,0.11227,0.11269,493907.0
2025-08-15 02:00:00,0.11269,0.11282,0.11248,0.11266,424268.0
2025-08-15 02:30:00,0.11268,0.11288,0.1125,0.1126,358571.0
2025-08-15 03:00:00,0.1126,0.11311,0.11255,0.11311,230737.0
2025-08-15 03:30:00,0.11311,0.1136,0.11306,0.11333,605583.0
2025-08-15 04:00:00,0.11332,0.11345,0.1129,0.113,554259.0
2025-08-15 04:30:00,0.113,0.11323,0.11279,0.11291,200646.0
2025-08-15 05:00:00,0.11291,0.11311,0.11277,0.113,453691.0
2025-08-15 05:30:00,0.113,0.11333,0.11278,0.11329,231422.0
2025-08-15 06:00:00,0.11329,0.11382,0.11329,0.11356,446559.0
2025-08-15 06:30:00,0.11356,0.11368,0.11331,0.11332,211871.0
2025-08-15 07:00:00,0.11332,0.11357,0.11312,0.11344,422768.0
2025-08-15 07:30:00,0.11342,0.11365,0.11317,0.11361,272334.0
2025-08-15 08:00:00,0.11361,0.11383,0.11338,0.11374,225913.0
2025-08-15 08:30:00,0.11374,0.11384,0.11338,0.11351,165960.0
2025-08-15 09:00:00,0.11351,0.11377,0.11302,0.11308,543222.0
2025-08-15 09:30:00,0.11308,0.1134,0.1127,0.11302,847343.0
2025-08-15 10:00:00,0.11303,0.11418,0.11291,0.11418,1901011.0
2025-08-15 10:30:00,0.11423,0.11489,0.11392,0.11398,2048733.0
2025-08-15 11:00:00,0.11396,0.11407,0.11346,0.11355,1611136.0
2025-08-15 11:30:00,0.11355,0.11395,0.11337,0.11365,419943.0
2025-08-15 12:00:00,0.11369,0.11382,0.11224,0.11293,2678823.0
2025-08-15 12:30:00,0.11291,0.11405,0.11254,0.11323,1755506.0
2025-08-15 13:00:00,0.11322,0.11335,0.11285,0.1132,1113261.0
2025-08-15 13:30:00,0.11319,0.11329,0.1121,0.11262,1158281.0
2025-08-15 14:00:00,0.11261,0.11279,0.11174,0.11197,921154.0
2025-08-15 14:30:00,0.11196,0.11211,0.11105,0.1113,1291748.0
2025-08-15 15:00:00,0.11131,0.11139,0.11044,0.11055,1719059.0
2025-08-15 15:30:00,0.11062,0.11074,0.10929,0.10987,1819351.0
2025-08-15 16:00:00,0.10987,0.11027,0.10928,0.11017,1181501.0
2025-08-15 16:30:00,0.11015,0.11081,0.11012,0.11066,781085.0
2025-08-15 17:00:00,0.11066,0.11143,0.11012,0.11129,693974.0
2025-08-15 17:30:00,0.11129,0.11171,0.11103,0.1115,954967.0
2025-08-15 18:00:00,0.1115,0.11151,0.11101,0.11106,316009.0
2025-08-15 18:30:00,0.11106,0.11135,0.11073,0.1109,826040.0
2025-08-15 19:00:00,0.11093,0.11151,0.11071,0.11115,352814.0
2025-08-15 19:30:00,0.11116,0.11128,0.111,0.11118,242048.0
2025-08-15 20:00:00,0.11119,0.11191,0.11103,0.11173,435792.0
2025-08-15 20:30:00,0.11171,0.11197,0.11127,0.11196,614968.0
2025-08-15 21:00:00,0.11198,0.1122,0.11143,0.11174,462441.0
2025-08-15 21:30:00,0.11172,0.11189,0.1116,0.11187,139807.0
2025-08-15 22:00:00,0.1119,0.11238,0.11176,0.11209,322587.0
2025-08-15 22:30:00,0.11213,0.11279,0.11209,0.1127,462741.0
2025-08-15 23:00:00,0.1127,0.11284,0.11196,0.11229,628190.0
2025-08-15 23:30:00,0.1123,0.1125,0.11213,0.11246,410163.0
2025-08-16 00:00:00,0.11246,0.11262,0.11227,0.11249,671190.0
2025-08-16 00:30:00,0.11248,0.11298,0.11248,0.11284,599168.0
2025-08-16 01:00:00,0.11285,0.11297,0.11265,0.1129,158317.0
2025-08-16 01:30:00,0.11288,0.11315,0.11282,0.11309,491938.0
2025-08-16 02:00:00,0.11312,0.11312,0.11283,0.11299,202775.0
2025-08-16 02:30:00,0.11299,0.11302,0.11269,0.11285,309255.0
2025-08-16 03:00:00,0.11285,0.11335,0.11283,0.11321,208643.0
2025-08-16 03:30:00,0.11319,0.11326,0.11302,0.11312,211975.0
2025-08-16 04:00:00,0.11313,0.11343,0.11295,0.11342,331105.0
2025-08-16 04:30:00,0.11344,0.11385,0.11344,0.11373,650684.0
2025-08-16 05:00:00,0.11374,0.11391,0.11351,0.1136,841820.0
2025-08-16 05:30:00,0.11359,0.11373,0.11323,0.11343,640166.0
2025-08-16 06:00:00,0.11342,0.1136,0.11325,0.11347,285963.0
2025-08-16 06:30:00,0.11347,0.11351,0.11316,0.11344,169029.0
2025-08-16 07:00:00,0.11346,0.11383,0.11345,0.11373,310284.0
2025-08-16 07:30:00,0.11375,0.11402,0.11369,0.11382,190238.0
2025-08-16 08:00:00,0.11383,0.1141,0.11361,0.11392,380525.0
2025-08-16 08:30:00,0.11389,0.11413,0.11386,0.11394,203754.0
2025-08-16 09:00:00,0.1139,0.11402,0.11382,0.11394,176489.0
2025-08-16 09:30:00,0.11395,0.11409,0.11308,0.11308,465444.0
2025-08-16 10:00:00,0.11309,0.11361,0.11282,0.11346,702846.0
2025-08-16 10:30:00,0.11346,0.11347,0.11325,0.1134,187428.0
2025-08-16 11:00:00,0.11342,0.11399,0.11342,0.11353,274285.0
2025-08-16 11:30:00,0.11353,0.11363,0.11307,0.11315,327541.0
2025-08-16 12:00:00,0.11316,0.11406,0.11315,0.11382,1008148.0
2025-08-16 12:30:00,0.11386,0.11405,0.11344,0.11366,209793.0
2025-08-16 13:00:00,0.11366,0.11389,0.11364,0.11372,246799.0
2025-08-16 13:30:00,0.1137,0.11371,0.11305,0.11317,329651.0
2025-08-16 14:00:00,0.11318,0.11395,0.11315,0.11382,400012.0
2025-08-16 14:30:00,0.1138,0.11391,0.11348,0.11372,174053.0
2025-08-16 15:00:00,0.11373,0.11408,0.11373,0.11399,312732.0
2025-08-16 15:30:00,0.11399,0.11406,0.11383,0.1139,196421.0
2025-08-16 16:00:00,0.11388,0.11409,0.11376,0.1139,397200.0
2025-08-16 16:30:00,0.11394,0.11403,0.11371,0.11392,161425.0
2025-08-16 17:00:00,0.11392,0.11399,0.11365,0.11376,111814.0
2025-08-16 17:30:00,0.11375,0.11382,0.11345,0.11368,152163.0
2025-08-16 18:00:00,0.11367,0.11393,0.11364,0.11383,142962.0
2025-08-16 18:30:00,0.11383,0.11394,0.1137,0.11393,54743.0
2025-08-16 19:00:00,0.11391,0.11414,0.11386,0.11405,138955.0
2025-08-16 19:30:00,0.11404,0.11408,0.11378,0.11397,194359.0
2025-08-16 20:00:00,0.11394,0.11409,0.11381,0.11398,129509.0
2025-08-16 20:30:00,0.11398,0.1142,0.11386,0.11409,118664.0
2025-08-16 21:00:00,0.11408,0.11408,0.11385,0.11399,78588.0
2025-08-16 21:30:00,0.114,0.114,0.11388,0.11394,82200.0
2025-08-16 22:00:00,0.11393,0.1143,0.11366,0.11426,283362.0
2025-08-16 22:30:00,0.11427,0.11455,0.11427,0.11449,195922.0
2025-08-16 23:00:00,0.11448,0.11465,0.11404,0.1141,391250.0
2025-08-16 23:30:00,0.11411,0.11503,0.11373,0.11456,4415238.0
2025-08-17 00:00:00,0.11457,0.11468,0.11417,0.11432,451235.0
2025-08-17 00:30:00,0.11428,0.11449,0.11415,0.11429,208307.0
2025-08-17 01:00:00,0.11428,0.11431,0.11406,0.1142,226778.0
2025-08-17 01:30:00,0.11414,0.11448,0.11408,0.11421,233553.0
2025-08-17 02:00:00,0.11421,0.11444,0.11395,0.11444,230499.0
2025-08-17 02:30:00,0.11444,0.11486,0.11434,0.11486,324746.0
2025-08-17 03:00:00,0.11489,0.11502,0.11448,0.11461,307542.0
2025-08-17 03:30:00,0.1146,0.11504,0.11452,0.1148,188621.0
2025-08-17 04:00:00,0.11482,0.11532,0.11478,0.11529,1003994.0
2025-08-17 04:30:00,0.11529,0.11556,0.11515,0.11552,346867.0
2025-08-17 05:00:00,0.11552,0.11561,0.11511,0.11511,836224.0
2025-08-17 05:30:00,0.11518,0.11547,0.11512,0.11535,357277.0
2025-08-17 06:00:00,0.11534,0.11542,0.11481,0.11484,676207.0
2025-08-17 06:30:00,0.11485,0.11504,0.11485,0.11499,83599.0
2025-08-17 07:00:00,0.11501,0.11539,0.11501,0.11512,343831.0
2025-08-17 07:30:00,0.11512,0.11552,0.11496,0.11551,529149.0
2025-08-17 08:00:00,0.1155,0.11561,0.11532,0.11543,283591.0
2025-08-17 08:30:00,0.11544,0.11575,0.11539,0.11564,318372.0
2025-08-17 09:00:00,0.11564,0.11565,0.11526,0.11533,352633.0
2025-08-17 09:30:00,0.11535,0.11538,0.11522,0.11526,146510.0
2025-08-17 10:00:00,0.11526,0.11526,0.11491,0.11492,233196.0
2025-08-17 10:30:00,0.11492,0.11506,0.11488,0.11499,221200.0
2025-08-17 11:00:00,0.11501,0.11515,0.11493,0.11507,137319.0
2025-08-17 11:30:00,0.11508,0.11527,0.115,0.11525,136058.0
2025-08-17 12:00:00,0.11526,0.11536,0.11509,0.11516,191479.0
2025-08-17 12:30:00,0.11515,0.11522,0.115,0.11503,94128.0
2025-08-17 13:00:00,0.11502,0.11528,0.11501,0.11519,203916.0
2025-08-17 13:30:00,0.11519,0.11551,0.11519,0.11543,243162.0
2025-08-17 14:00:00,0.11544,0.11544,0.11502,0.11531,252476.0
2025-08-17 14:30:00,0.11529,0.11547,0.11519,0.11533,170145.0
2025-08-17 15:00:00,0.11535,0.11535,0.11491,0.11496,652849.0
2025-08-17 15:30:00,0.11497,0.1152,0.11471,0.11486,989459.0
2025-08-17 16:00:00,0.11487,0.11546,0.11486,0.1152,628961.0
2025-08-17 16:30:00,0.11518,0.1152,0.11474,0.1149,316706.0
2025-08-17 17:00:00,0.11491,0.11505,0.11469,0.11486,333623.0
2025-08-17 17:30:00,0.11484,0.115,0.11475,0.11478,182721.0
2025-08-17 18:00:00,0.11478,0.11481,0.11437,0.11446,263003.0
2025-08-17 18:30:00,0.11446,0.11472,0.11352,0.11431,404933.0
2025-08-17 19:00:00,0.11432,0.11463,0.11416,0.11442,325267.0
2025-08-17 19:30:00,0.11441,0.11441,0.11396,0.11417,249181.0
2025-08-17 20:00:00,0.11419,0.11436,0.11396,0.11425,308587.0
2025-08-17 20:30:00,0.11425,0.1144,0.11412,0.11412,129964.0
2025-08-17 21:00:00,0.11413,0.11425,0.11396,0.11419,159301.0
2025-08-17 21:30:00,0.11419,0.11425,0.114,0.11413,81549.0
2025-08-17 22:00:00,0.11414,0.11456,0.11395,0.11441,266665.0
2025-08-17 22:30:00,0.11442,0.11468,0.11442,0.1145,363400.0
2025-08-17 23:00:00,0.11451,0.11455,0.11403,0.11408,296908.0
2025-08-17 23:30:00,0.1141,0.11434,0.11394,0.11401,161772.0
2025-08-18 00:00:00,0.114,0.11402,0.11322,0.11346,898840.0
2025-08-18 00:30:00,0.11346,0.1138,0.11328,0.11373,557138.0
2025-08-18 01:00:00,0.1137,0.11385,0.11294,0.11294,632504.0
2025-08-18 01:30:00,0.11294,0.11314,0.11221,0.11247,1000335.0
2025-08-18 02:00:00,0.11246,0.11268,0.11168,0.11168,1190187.0
2025-08-18 02:30:00,0.11167,0.1119,0.11058,0.11074,488063.0
2025-08-18 03:00:00,0.11075,0.11095,0.10992,0.11002,1007473.0
2025-08-18 03:30:00,0.11001,0.11075,0.10958,0.1107,851106.0
2025-08-18 04:00:00,0.11068,0.11111,0.11012,0.11105,1052098.0
2025-08-18 04:30:00,0.11104,0.11142,0.11093,0.11105,1010723.0
2025-08-18 05:00:00,0.11107,0.11133,0.11094,0.11094,221272.0
2025-08-18 05:30:00,0.11095,0.11126,0.11028,0.11122,494905.0
2025-08-18 06:00:00,0.11124,0.11779,0.11124,0.1129,40582466.0
2025-08-18 06:30:00,0.11287,0.11364,0.11017,0.11088,6524064.0
2025-08-18 07:00:00,0.11087,0.11132,0.10929,0.11004,2239002.0
2025-08-18 07:30:00,0.11003,0.11071,0.10971,0.10997,895099.0
2025-08-18 08:00:00,0.10996,0.11018,0.10957,0.10991,1216635.0
2025-08-18 08:30:00,0.1099,0.11042,0.10925,0.10944,1280735.0
2025-08-18 09:00:00,0.10944,0.10945,0.10836,0.10883,2223245.0
2025-08-18 09:30:00,0.10881,0.11044,0.10872,0.10979,1723248.0
2025-08-18 10:00:00,0.10982,0.10999,0.10947,0.1099,482579.0
2025-08-18 10:30:00,0.10987,0.11033,0.10958,0.10967,447070.0
2025-08-18 11:00:00,0.10967,0.10971,0.10948,0.10962,198349.0
2025-08-18 11:30:00,0.10961,0.11014,0.10936,0.11002,683369.0
2025-08-18 12:00:00,0.11002,0.11119,0.11001,0.11039,1487815.0
2025-08-18 12:30:00,0.11043,0.11115,0.11038,0.1109,550426.0
2025-08-18 13:00:00,0.11091,0.11117,0.11043,0.11086,655637.0
2025-08-18 13:30:00,0.11087,0.1111,0.10981,0.10981,549112.0
2025-08-18 14:00:00,0.10986,0.111,0.10985,0.11081,666300.0
2025-08-18 14:30:00,0.11079,0.11088,0.10954,0.11083,1147399.0
2025-08-18 15:00:00,0.11083,0.11107,0.10995,0.11016,910629.0
2025-08-18 15:30:00,0.11017,0.11095,0.11005,0.11079,479202.0
2025-08-18 16:00:00,0.1108,0.11158,0.1108,0.11111,880901.0
2025-08-18 16:30:00,0.1111,0.11124,0.1107,0.11081,378782.0
2025-08-18 17:00:00,0.11084,0.11115,0.11043,0.11096,393424.0
2025-08-18 17:30:00,0.11097,0.11159,0.11083,0.11088,425251.0
2025-08-18 18:00:00,0.11089,0.11134,0.11072,0.1112,402487.0
2025-08-18 18:30:00,0.1112,0.1115,0.11117,0.11142,128723.0
2025-08-18 19:00:00,0.11142,0.11161,0.11093,0.11138,391620.0
2025-08-18 19:30:00,0.11139,0.11152,0.11114,0.11131,215801.0
2025-08-18 20:00:00,0.11128,0.11148,0.11111,0.11143,120991.0
2025-08-18 20:30:00,0.11145,0.11152,0.1109,0.11126,185611.0
2025-08-18 21:00:00,0.11125,0.11182,0.11121,0.11167,265080.0
2025-08-18 21:30:00,0.11166,0.11192,0.11146,0.1119,419319.0
2025-08-18 22:00:00,0.1119,0.11297,0.11185,0.11242,1110210.0
2025-08-18 22:30:00,0.11245,0.11284,0.11194,0.11211,1565714.0
2025-08-18 23:00:00,0.11212,0.11251,0.11201,0.11234,570444.0
2025-08-18 23:30:00,0.11229,0.11231,0.11178,0.11205,448492.0
2025-08-19 00:00:00,0.11208,0.11218,0.11124,0.11124,761391.0
2025-08-19 00:30:00,0.11124,0.11256,0.11093,0.11246,1124085.0
2025-08-19 01:00:00,0.11246,0.11262,0.11199,0.11205,392845.0
2025-08-19 01:30:00,0.11205,0.11205,0.11155,0.11172,444989.0
2025-08-19 02:00:00,0.11173,0.11279,0.11173,0.1122,1414011.0
2025-08-19 02:30:00,0.11219,0.11239,0.11161,0.11167,419924.0
2025-08-19 03:00:00,0.11168,0.11173,0.111,0.11112,786413.0
2025-08-19 03:30:00,0.1111,0.11113,0.10968,0.11,1079511.0
2025-08-19 04:00:00,0.10999,0.11029,0.10938,0.10948,662824.0
2025-08-19 04:30:00,0.10953,0.1106,0.10951,0.11059,502202.0
2025-08-19 05:00:00,0.11061,0.11091,0.11041,0.1109,290556.0
2025-08-19 05:30:00,0.11095,0.11102,0.11076,0.11078,152483.0
2025-08-19 06:00:00,0.11077,0.11077,0.11015,0.11022,302396.0
2025-08-19 06:30:00,0.11022,0.11033,0.10995,0.11012,193147.0
2025-08-19 07:00:00,0.11014,0.1102,0.10967,0.10975,193517.0
2025-08-19 07:30:00,0.10974,0.11052,0.10974,0.11026,355129.0
2025-08-19 08:00:00,0.1103,0.11046,0.10969,0.1099,453704.0
2025-08-19 08:30:00,0.1099,0.11018,0.10935,0.10948,667983.0
2025-08-19 09:00:00,0.10953,0.11062,0.10936,0.11057,709492.0
2025-08-19 09:30:00,0.11059,0.11086,0.1105,0.11067,378614.0
2025-08-19 10:00:00,0.11067,0.11095,0.11048,0.1108,358001.0
2025-08-19 10:30:00,0.1108,0.11093,0.11059,0.11093,288390.0
2025-08-19 11:00:00,0.1109,0.11159,0.11078,0.11137,465817.0
2025-08-19 11:30:00,0.11133,0.11138,0.11088,0.11129,391322.0
2025-08-19 12:00:00,0.11129,0.11153,0.11114,0.11114,181103.0
2025-08-19 12:30:00,0.11118,0.11145,0.11092,0.11145,550909.0
2025-08-19 13:00:00,0.11145,0.11157,0.11111,0.11149,235887.0
2025-08-19 13:30:00,0.11149,0.1118,0.11035,0.11097,775688.0
2025-08-19 14:00:00,0.11096,0.11139,0.10956,0.10956,915767.0
2025-08-19 14:30:00,0.10959,0.10992,0.10898,0.10936,1099480.0
2025-08-19 15:00:00,0.10941,0.11017,0.10884,0.11011,774017.0
2025-08-19 15:30:00,0.11016,0.11025,0.10923,0.10925,515570.0
2025-08-19 16:00:00,0.10924,0.10925,0.10868,0.10868,552558.0
2025-08-19 16:30:00,0.10871,0.10899,0.10834,0.10852,741920.0
2025-08-19 17:00:00,0.10848,0.10873,0.10767,0.10825,1019635.0
2025-08-19 17:30:00,0.10827,0.10879,0.10819,0.10851,506419.0
2025-08-19 18:00:00,0.10849,0.10864,0.10814,0.10825,407721.0
2025-08-19 18:30:00,0.10826,0.10864,0.10751,0.10789,740331.0
2025-08-19 19:00:00,0.10788,0.10833,0.10714,0.10831,1363745.0
2025-08-19 19:30:00,0.10832,0.10868,0.10793,0.10805,471448.0
2025-08-19 20:00:00,0.10806,0.10846,0.10769,0.10832,286606.0
2025-08-19 20:30:00,0.10831,0.10912,0.10831,0.1091,245125.0
2025-08-19 21:00:00,0.10909,0.10913,0.10839,0.10847,240629.0
2025-08-19 21:30:00,0.10845,0.10863,0.10833,0.10863,131497.0
2025-08-19 22:00:00,0.10863,0.10871,0.10803,0.10828,213375.0
2025-08-19 22:30:00,0.1083,0.10864,0.10826,0.10834,138915.0
2025-08-19 23:00:00,0.10835,0.10835,0.10759,0.10772,403755.0
2025-08-19 23:30:00,0.10771,0.10781,0.10713,0.10739,462084.0
2025-08-20 00:00:00,0.10739,0.10796,0.10721,0.10743,539219.0
2025-08-20 00:30:00,0.10747,0.10784,0.10725,0.10758,394601.0
2025-08-20 01:00:00,0.10758,0.10787,0.10699,0.107,259720.0
2025-08-20 01:30:00,0.107,0.10732,0.1062,0.10727,831096.0
2025-08-20 02:00:00,0.10728,0.10792,0.10724,0.1073,1212461.0
2025-08-20 02:30:00,0.10735,0.1078,0.1073,0.10761,381710.0
2025-08-20 03:00:00,0.10761,0.10824,0.10744,0.10824,446632.0
2025-08-20 03:30:00,0.10821,0.10824,0.10767,0.10776,281759.0
2025-08-20 04:00:00,0.10776,0.10826,0.10776,0.10806,624752.0
2025-08-20 04:30:00,0.10803,0.10828,0.10789,0.10805,376736.0
2025-08-20 05:00:00,0.10804,0.10805,0.10758,0.10784,186771.0
2025-08-20 05:30:00,0.10783,0.10815,0.10775,0.10807,92036.0
2025-08-20 06:00:00,0.10808,0.10822,0.10761,0.10779,147212.0
2025-08-20 06:30:00,0.10781,0.10808,0.1077,0.10801,150342.0
2025-08-20 07:00:00,0.10805,0.10842,0.10802,0.10825,164320.0
2025-08-20 07:30:00,0.10822,0.10822,0.10784,0.10784,155897.0
2025-08-20 08:00:00,0.10784,0.10866,0.10776,0.10866,217733.0
2025-08-20 08:30:00,0.10864,0.10892,0.10855,0.10878,201552.0
2025-08-20 09:00:00,0.10876,0.10876,0.10859,0.10862,170241.0
2025-08-20 09:30:00,0.10862,0.10877,0.10828,0.10835,185150.0
2025-08-20 10:00:00,0.10835,0.10855,0.10831,0.10835,117415.0
2025-08-20 10:30:00,0.10835,0.10868,0.1083,0.10858,82305.0
2025-08-20 11:00:00,0.10856,0.10858,0.10808,0.10808,500945.0
2025-08-20 11:30:00,0.10808,0.10809,0.10704,0.10806,995214.0
2025-08-20 12:00:00,0.10809,0.10886,0.10799,0.10834,1105600.0
2025-08-20 12:30:00,0.10835,0.10854,0.10813,0.10843,310076.0
2025-08-20 13:00:00,0.10844,0.10844,0.10749,0.10777,719288.0
2025-08-20 13:30:00,0.10776,0.10811,0.10667,0.10677,1347661.0
2025-08-20 14:00:00,0.10678,0.10741,0.10618,0.10727,1048471.0
2025-08-20 14:30:00,0.10732,0.10912,0.10732,0.10875,904879.0
2025-08-20 15:00:00,0.10871,0.11007,0.10859,0.10987,1184349.0
2025-08-20 15:30:00,0.10985,0.10992,0.10895,0.10912,516465.0
2025-08-20 16:00:00,0.10914,0.1104,0.10914,0.11039,452819.0
2025-08-20 16:30:00,0.11038,0.11038,0.10974,0.10978,241484.0
2025-08-20 17:00:00,0.10982,0.11029,0.10975,0.10998,215709.0
2025-08-20 17:30:00,0.10994,0.11069,0.10992,0.11043,216840.0
2025-08-20 18:00:00,0.11045,0.11057,0.10918,0.1092,317681.0
2025-08-20 18:30:00,0.10922,0.11002,0.10919,0.10985,272383.0
2025-08-20 19:00:00,0.10985,0.11082,0.10982,0.11071,274617.0
2025-08-20 19:30:00,0.11071,0.11105,0.11063,0.11089,237011.0
2025-08-20 20:00:00,0.11093,0.11108,0.11086,0.11108,235633.0
2025-08-20 20:30:00,0.11107,0.1112,0.11088,0.11103,296780.0
2025-08-20 21:00:00,0.11105,0.11134,0.11076,0.1109,208078.0
2025-08-20 21:30:00,0.1109,0.11129,0.11077,0.11127,193665.0
2025-08-20 22:00:00,0.11124,0.11146,0.11105,0.11134,206627.0
2025-08-20 22:30:00,0.11134,0.11153,0.11116,0.1115,190034.0
2025-08-20 23:00:00,0.11149,0.1115,0.11097,0.11111,286299.0
2025-08-20 23:30:00,0.11112,0.11131,0.11079,0.11121,384055.0
2025-08-21 00:00:00,0.11118,0.11119,0.11047,0.11061,637935.0
2025-08-21 00:30:00,0.11061,0.11083,0.11049,0.11078,400906.0
2025-08-21 01:00:00,0.11072,0.11078,0.1103,0.11051,310415.0
2025-08-21 01:30:00,0.11051,0.11135,0.11045,0.11135,269862.0
2025-08-21 02:00:00,0.11131,0.11155,0.11022,0.11041,474593.0
2025-08-21 02:30:00,0.11043,0.11043,0.10994,0.1103,187139.0
2025-08-21 03:00:00,0.11033,0.11144,0.11033,0.11083,544004.0
2025-08-21 03:30:00,0.11081,0.11088,0.1106,0.11078,178821.0
2025-08-21 04:00:00,0.11076,0.11084,0.11039,0.11055,255531.0
2025-08-21 04:30:00,0.11057,0.11091,0.11054,0.11061,148294.0
2025-08-21 05:00:00,0.11061,0.11064,0.11023,0.11049,249658.0
2025-08-21 05:30:00,0.11052,0.11096,0.11052,0.11091,238787.0
2025-08-21 06:00:00,0.11096,0.11101,0.11022,0.11034,173054.0
2025-08-21 06:30:00,0.11035,0.11059,0.11029,0.11038,102790.0
2025-08-21 07:00:00,0.11038,0.11055,0.10969,0.10995,342292.0
2025-08-21 07:30:00,0.10992,0.11034,0.10983,0.11029,273662.0
2025-08-21 08:00:00,0.11026,0.1104,0.10963,0.1097,222802.0
2025-08-21 08:30:00,0.10971,0.10977,0.10939,0.10943,476063.0
2025-08-21 09:00:00,0.10943,0.10947,0.1089,0.10913,218459.0
2025-08-21 09:30:00,0.10913,0.1096,0.10909,0.1093,227611.0
2025-08-21 10:00:00,0.10916,0.10949,0.10912,0.10942,95327.0
2025-08-21 10:30:00,0.10942,0.10952,0.10926,0.10938,104444.0
2025-08-21 11:00:00,0.10938,0.10961,0.10932,0.10943,166678.0
2025-08-21 11:30:00,0.1095,0.10966,0.10896,0.10908,231073.0
2025-08-21 12:00:00,0.10907,0.1092,0.1086,0.10866,324309.0
2025-08-21 12:30:00,0.10868,0.10905,0.10819,0.10839,436995.0
2025-08-21 13:00:00,0.10838,0.10898,0.10822,0.10894,190306.0
2025-08-21 13:30:00,0.10896,0.10922,0.10841,0.10861,734725.0
2025-08-21 14:00:00,0.10864,0.10949,0.10844,0.1094,470958.0
2025-08-21 14:30:00,0.10936,0.10936,0.10791,0.10805,291526.0
2025-08-21 15:00:00,0.10805,0.10823,0.10759,0.1078,721024.0
2025-08-21 15:30:00,0.10777,0.10797,0.1072,0.10727,356894.0
2025-08-21 16:00:00,0.10727,0.1078,0.10709,0.10734,386451.0
2025-08-21 16:30:00,0.10735,0.10751,0.10685,0.10695,276087.0
2025-08-21 17:00:00,0.10694,0.10697,0.10677,0.10686,311983.0
2025-08-21 17:30:00,0.10686,0.1074,0.10686,0.10721,145403.0
2025-08-21 18:00:00,0.10719,0.10747,0.10694,0.10742,279101.0
2025-08-21 18:30:00,0.10742,0.10783,0.10704,0.10783,236085.0
2025-08-21 19:00:00,0.10777,0.10798,0.10709,0.10726,379559.0
2025-08-21 19:30:00,0.10726,0.10731,0.10682,0.10696,226221.0
2025-08-21 20:00:00,0.10697,0.10712,0.10675,0.10692,265189.0
2025-08-21 20:30:00,0.10692,0.10753,0.1067,0.10724,343116.0
2025-08-21 21:00:00,0.10724,0.10771,0.10688,0.10769,147154.0
2025-08-21 21:30:00,0.10771,0.10778,0.10736,0.10774,210740.0
2025-08-21 22:00:00,0.10769,0.108,0.10769,0.1078,194461.0
2025-08-21 22:30:00,0.1078,0.10795,0.10755,0.10765,229932.0
2025-08-21 23:00:00,0.10767,0.10769,0.10716,0.10734,279779.0
2025-08-21 23:30:00,0.10734,0.10743,0.10687,0.10742,397617.0
2025-08-22 00:00:00,0.10741,0.10821,0.10741,0.10796,862038.0
2025-08-22 00:30:00,0.10795,0.10805,0.10747,0.10754,555991.0
2025-08-22 01:00:00,0.10754,0.10778,0.10694,0.10756,365086.0
2025-08-22 01:30:00,0.10756,0.10783,0.10738,0.1078,159128.0
2025-08-22 02:00:00,0.1078,0.10868,0.10755,0.10859,710162.0
2025-08-22 02:30:00,0.10859,0.1086,0.10819,0.10819,222865.0
2025-08-22 03:00:00,0.10822,0.10854,0.10786,0.10789,215874.0
2025-08-22 03:30:00,0.10793,0.10801,0.10721,0.10748,228075.0
2025-08-22 04:00:00,0.10745,0.10831,0.10745,0.10802,176225.0
2025-08-22 04:30:00,0.10802,0.10833,0.10762,0.10793,319157.0
2025-08-22 05:00:00,0.10787,0.10806,0.10762,0.10767,136277.0
2025-08-22 05:30:00,0.10768,0.10848,0.10762,0.10832,297920.0
2025-08-22 06:00:00,0.10826,0.10876,0.10814,0.10858,167424.0
2025-08-22 06:30:00,0.10861,0.10866,0.10774,0.10803,307586.0
2025-08-22 07:00:00,0.10804,0.10871,0.10787,0.10871,208995.0
2025-08-22 07:30:00,0.10869,0.10869,0.10835,0.10852,91669.0
2025-08-22 08:00:00,0.10852,0.10878,0.10809,0.10829,574032.0
2025-08-22 08:30:00,0.10834,0.10866,0.10795,0.10795,685489.0
2025-08-22 09:00:00,0.10798,0.10823,0.10753,0.10799,1054284.0
2025-08-22 09:30:00,0.10803,0.10828,0.10785,0.10811,266846.0
2025-08-22 10:00:00,0.10811,0.10812,0.10696,0.10714,1454523.0
2025-08-22 10:30:00,0.10714,0.10714,0.10687,0.10691,690217.0
2025-08-22 11:00:00,0.10691,0.10691,0.10607,0.1062,891068.0
2025-08-22 11:30:00,0.1062,0.10643,0.10606,0.10617,471690.0
2025-08-22 12:00:00,0.10617,0.10629,0.10527,0.10537,1231108.0
2025-08-22 12:30:00,0.1053,0.10573,0.10435,0.10524,1824527.0
2025-08-22 13:00:00,0.10521,0.1057,0.10494,0.10569,537201.0
2025-08-22 13:30:00,0.10568,0.10675,0.10516,0.10587,1121832.0
2025-08-22 14:00:00,0.10589,0.10988,0.10589,0.10935,5100369.0
2025-08-22 14:30:00,0.10931,0.11017,0.10916,0.11008,1424382.0
2025-08-22 15:00:00,0.11008,0.11114,0.11008,0.11105,2110083.0
2025-08-22 15:30:00,0.11106,0.1115,0.11078,0.11078,561632.0
2025-08-22 16:00:00,0.11084,0.11227,0.11084,0.11209,1098695.0
2025-08-22 16:30:00,0.1121,0.11258,0.11189,0.1124,1067147.0
2025-08-22 17:00:00,0.11244,0.11307,0.11244,0.11299,706717.0
2025-08-22 17:30:00,0.11299,0.11305,0.11251,0.11285,650843.0
2025-08-22 18:00:00,0.11286,0.11308,0.11266,0.11301,417066.0
2025-08-22 18:30:00,0.11303,0.11333,0.11274,0.11287,731158.0
2025-08-22 19:00:00,0.11295,0.11353,0.11291,0.11348,454706.0
2025-08-22 19:30:00,0.11348,0.11403,0.11343,0.11358,565147.0
2025-08-22 20:00:00,0.1136,0.11397,0.11359,0.11376,311707.0
2025-08-22 20:30:00,0.11377,0.11398,0.11366,0.11388,249409.0
2025-08-22 21:00:00,0.11389,0.11432,0.11384,0.11411,422888.0
2025-08-22 21:30:00,0.11413,0.11424,0.11389,0.11389,301755.0
2025-08-22 22:00:00,0.11391,0.11408,0.11361,0.11382,342407.0
2025-08-22 22:30:00,0.11382,0.11392,0.11362,0.11376,245066.0
2025-08-22 23:00:00,0.11376,0.11393,0.11371,0.11393,106983.0
2025-08-22 23:30:00,0.11393,0.1143,0.11393,0.11407,302242.0
2025-08-23 00:00:00,0.11407,0.11418,0.11361,0.11388,503540.0
2025-08-23 00:30:00,0.1139,0.11433,0.11386,0.11401,503922.0
2025-08-23 01:00:00,0.11397,0.11405,0.11327,0.11329,420794.0
2025-08-23 01:30:00,0.11329,0.11353,0.11282,0.1135,560832.0
2025-08-23 02:00:00,0.11349,0.11353,0.11214,0.11214,630015.0
2025-08-23 02:30:00,0.11216,0.11244,0.11137,0.11238,905889.0
2025-08-23 03:00:00,0.11235,0.11261,0.112,0.11238,332765.0
2025-08-23 03:30:00,0.11242,0.11253,0.11206,0.11226,139667.0
2025-08-23 04:00:00,0.11222,0.11272,0.11222,0.11261,224148.0
2025-08-23 04:30:00,0.11262,0.11333,0.11262,0.11333,379036.0
2025-08-23 05:00:00,0.11333,0.11378,0.11318,0.11367,452972.0
2025-08-23 05:30:00,0.1137,0.11416,0.11363,0.11407,458863.0
2025-08-23 06:00:00,0.11405,0.11414,0.1137,0.11399,383816.0
2025-08-23 06:30:00,0.11399,0.11405,0.1136,0.11385,351261.0
2025-08-23 07:00:00,0.11386,0.11402,0.11351,0.11351,821840.0
2025-08-23 07:30:00,0.1135,0.11387,0.11332,0.11346,408221.0
2025-08-23 08:00:00,0.11351,0.11379,0.11311,0.11318,592946.0
2025-08-23 08:30:00,0.11315,0.11334,0.11302,0.11332,302039.0
2025-08-23 09:00:00,0.11331,0.11359,0.11309,0.11353,806479.0
2025-08-23 09:30:00,0.11353,0.11381,0.11343,0.11375,429350.0
2025-08-23 10:00:00,0.11374,0.11385,0.11273,0.113,754979.0
2025-08-23 10:30:00,0.113,0.11309,0.11262,0.11274,191289.0
2025-08-23 11:00:00,0.11275,0.11312,0.11262,0.11264,170888.0
2025-08-23 11:30:00,0.11265,0.11292,0.11251,0.11265,166966.0
2025-08-23 12:00:00,0.11268,0.11311,0.11233,0.11283,259496.0
2025-08-23 12:30:00,0.11285,0.11292,0.11251,0.11257,220734.0
2025-08-23 13:00:00,0.11257,0.11287,0.11254,0.11273,195350.0
2025-08-23 13:30:00,0.11271,0.11288,0.11244,0.11255,318780.0
2025-08-23 14:00:00,0.11258,0.11298,0.11248,0.11279,521754.0
2025-08-23 14:30:00,0.11277,0.11283,0.1121,0.11246,215012.0
2025-08-23 15:00:00,0.11246,0.11272,0.11235,0.11266,249316.0
2025-08-23 15:30:00,0.11267,0.11292,0.11252,0.11278,288327.0
2025-08-23 16:00:00,0.11278,0.11287,0.11242,0.11258,294067.0
2025-08-23 16:30:00,0.1126,0.11273,0.11245,0.11272,86742.0
2025-08-23 17:00:00,0.11272,0.11288,0.11241,0.11249,161019.0
2025-08-23 17:30:00,0.11249,0.11273,0.11248,0.11261,255155.0
2025-08-23 18:00:00,0.11261,0.11264,0.1123,0.11253,570470.0
2025-08-23 18:30:00,0.11253,0.11273,0.11253,0.11268,93328.0
2025-08-23 19:00:00,0.11269,0.11281,0.11264,0.11279,83132.0
2025-08-23 19:30:00,0.11279,0.11287,0.11269,0.11286,169355.0
2025-08-23 20:00:00,0.11285,0.11285,0.1122,0.11234,721712.0
2025-08-23 20:30:00,0.11235,0.11246,0.11216,0.11244,124374.0
2025-08-23 21:00:00,0.11243,0.11249,0.11207,0.11223,241341.0
2025-08-23 21:30:00,0.11222,0.11222,0.11208,0.11218,99972.0
2025-08-23 22:00:00,0.11218,0.11232,0.11197,0.11225,301218.0
2025-08-23 22:30:00,0.11226,0.1126,0.11218,0.11254,194154.0
2025-08-23 23:00:00,0.11256,0.11266,0.11243,0.11258,177859.0
2025-08-23 23:30:00,0.11258,0.1126,0.11241,0.11252,117902.0
2025-08-24 00:00:00,0.11251,0.11275,0.11236,0.11267,160123.0
2025-08-24 00:30:00,0.11267,0.11294,0.11251,0.11266,155019.0
2025-08-24 01:00:00,0.11267,0.11268,0.11198,0.11211,208658.0
2025-08-24 01:30:00,0.11212,0.11264,0.11206,0.11232,239801.0
2025-08-24 02:00:00,0.11232,0.11249,0.11209,0.11243,148162.0
2025-08-24 02:30:00,0.11244,0.11248,0.112,0.11202,337491.0
2025-08-24 03:00:00,0.11209,0.11209,0.11155,0.11157,249177.0
2025-08-24 03:30:00,0.11155,0.11207,0.11154,0.11196,199850.0
2025-08-24 04:00:00,0.112,0.11216,0.11187,0.11199,634464.0
2025-08-24 04:30:00,0.11199,0.11204,0.11183,0.11196,95076.0
2025-08-24 05:00:00,0.11196,0.11202,0.11169,0.11178,203655.0
2025-08-24 05:30:00,0.11174,0.1118,0.1114,0.11159,84452.0
2025-08-24 06:00:00,0.11158,0.11221,0.11129,0.1114,1962753.0
2025-08-24 06:30:00,0.1114,0.1114,0.1109,0.11098,285997.0
2025-08-24 07:00:00,0.11096,0.11105,0.11012,0.11043,758838.0
2025-08-24 07:30:00,0.11045,0.11082,0.1103,0.11041,632339.0
2025-08-24 08:00:00,0.11039,0.11078,0.11014,0.11058,283899.0
2025-08-24 08:30:00,0.11059,0.11105,0.11039,0.11073,558124.0
2025-08-24 09:00:00,0.11074,0.11076,0.10989,0.11026,759647.0
2025-08-24 09:30:00,0.11026,0.11047,0.11006,0.11016,320027.0
2025-08-24 10:00:00,0.11016,0.11017,0.1096,0.10962,282489.0
2025-08-24 10:30:00,0.10951,0.10954,0.10891,0.10915,423135.0
2025-08-24 11:00:00,0.10912,0.10919,0.1087,0.10906,287512.0
2025-08-24 11:30:00,0.10906,0.10918,0.10891,0.10898,149323.0
2025-08-24 12:00:00,0.10896,0.10919,0.10888,0.10891,139611.0
2025-08-24 12:30:00,0.10903,0.10934,0.10892,0.10928,197618.0
2025-08-24 13:00:00,0.10928,0.10971,0.10928,0.10971,285611.0
2025-08-24 13:30:00,0.10967,0.10969,0.10936,0.1094,163359.0
2025-08-24 14:00:00,0.10941,0.1097,0.1092,0.10933,259792.0
2025-08-24 14:30:00,0.10929,0.10968,0.10918,0.10967,227902.0
2025-08-24 15:00:00,0.10966,0.11039,0.10949,0.11007,358244.0
2025-08-24 15:30:00,0.11008,0.11016,0.10953,0.10954,214695.0
2025-08-24 16:00:00,0.10956,0.10989,0.10945,0.10953,244437.0
2025-08-24 16:30:00,0.10953,0.11002,0.1093,0.10987,187205.0
2025-08-24 17:00:00,0.10983,0.11045,0.10983,0.11029,241484.0
2025-08-24 17:30:00,0.1103,0.11135,0.11021,0.11108,456833.0
2025-08-24 18:00:00,0.11104,0.11281,0.11092,0.11263,793707.0
2025-08-24 18:30:00,0.11262,0.1134,0.1126,0.11306,945196.0
2025-08-24 19:00:00,0.11304,0.11356,0.11301,0.11324,468825.0
2025-08-24 19:30:00,0.11325,0.11326,0.10879,0.11089,3636657.0
2025-08-24 20:00:00,0.1109,0.11092,0.10864,0.1107,1610185.0
2025-08-24 20:30:00,0.11067,0.11105,0.11038,0.11057,261013.0
2025-08-24 21:00:00,0.11056,0.11069,0.10999,0.11036,290739.0
2025-08-24 21:30:00,0.11035,0.11099,0.11031,0.11062,236048.0
2025-08-24 22:00:00,0.11062,0.11063,0.10936,0.10936,397370.0
2025-08-24 22:30:00,0.10933,0.11017,0.10919,0.11011,412042.0
2025-08-24 23:00:00,0.11014,0.11065,0.11003,0.11054,419997.0
2025-08-24 23:30:00,0.11052,0.11057,0.11009,0.11022,343923.0
2025-08-25 00:00:00,0.11018,0.1107,0.11012,0.11016,407207.0
2025-08-25 00:30:00,0.11015,0.11016,0.10831,0.109,1396366.0
2025-08-25 01:00:00,0.10899,0.11039,0.10882,0.11011,657803.0
2025-08-25 01:30:00,0.11012,0.11015,0.10968,0.10987,368996.0
2025-08-25 02:00:00,0.10993,0.11063,0.1099,0.11045,401800.0
2025-08-25 02:30:00,0.11045,0.11064,0.11032,0.11052,320960.0
2025-08-25 03:00:00,0.11052,0.1107,0.11028,0.11043,519316.0
2025-08-25 03:30:00,0.11041,0.11068,0.11021,0.11031,298938.0
2025-08-25 04:00:00,0.11034,0.11051,0.1099,0.10996,590799.0
2025-08-25 04:30:00,0.10991,0.10997,0.10963,0.10963,255134.0
2025-08-25 05:00:00,0.10963,0.10977,0.10891,0.10909,331280.0
2025-08-25 05:30:00,0.10913,0.10941,0.10881,0.10881,196485.0
2025-08-25 06:00:00,0.10881,0.10885,0.10819,0.10847,411205.0
2025-08-25 06:30:00,0.10846,0.10846,0.10737,0.10744,907294.0
2025-08-25 07:00:00,0.10741,0.10773,0.10702,0.10702,568108.0
2025-08-25 07:30:00,0.107,0.1071,0.10591,0.1061,1106339.0
2025-08-25 08:00:00,0.1061,0.1072,0.1055,0.10674,1211395.0
2025-08-25 08:30:00,0.10676,0.10701,0.10634,0.10678,678516.0
2025-08-25 09:00:00,0.10673,0.10692,0.1064,0.10657,280895.0
2025-08-25 09:30:00,0.10652,0.1069,0.10643,0.10677,161248.0
2025-08-25 10:00:00,0.10676,0.10764,0.1066,0.10676,2362085.0
2025-08-25 10:30:00,0.10681,0.1074,0.10669,0.10686,1157069.0
2025-08-25 11:00:00,0.10688,0.10699,0.10662,0.10669,287761.0
2025-08-25 11:30:00,0.10668,0.10717,0.10666,0.10713,189187.0
2025-08-25 12:00:00,0.10717,0.10734,0.10662,0.107,552770.0
2025-08-25 12:30:00,0.10704,0.10712,0.10661,0.10712,149021.0
2025-08-25 13:00:00,0.10715,0.10732,0.10687,0.10721,246170.0
2025-08-25 13:30:00,0.10721,0.10731,0.10648,0.10701,1014967.0
2025-08-25 14:00:00,0.10702,0.1077,0.10683,0.10742,418449.0
2025-08-25 14:30:00,0.10727,0.10777,0.10724,0.10769,195221.0
2025-08-25 15:00:00,0.10769,0.10788,0.10729,0.10759,309108.0
2025-08-25 15:30:00,0.10759,0.10777,0.10716,0.1073,196215.0
2025-08-25 16:00:00,0.10733,0.10798,0.10705,0.10762,335846.0
2025-08-25 16:30:00,0.10762,0.10782,0.10733,0.10733,127768.0
2025-08-25 17:00:00,0.10731,0.10734,0.10678,0.10701,299268.0
2025-08-25 17:30:00,0.10701,0.10716,0.10675,0.10693,197438.0
2025-08-25 18:00:00,0.10694,0.10735,0.10674,0.10705,274438.0
2025-08-25 18:30:00,0.10707,0.10718,0.10686,0.1069,75178.0
2025-08-25 19:00:00,0.10689,0.10692,0.106,0.10652,467779.0
2025-08-25 19:30:00,0.10652,0.10659,0.10525,0.10532,576195.0
2025-08-25 20:00:00,0.1053,0.10558,0.10332,0.10407,2984781.0
2025-08-25 20:30:00,0.10405,0.10405,0.10227,0.10257,1994091.0
2025-08-25 21:00:00,0.10258,0.10331,0.10245,0.10256,1019912.0
2025-08-25 21:30:00,0.10259,0.10308,0.10224,0.10272,573986.0
2025-08-25 22:00:00,0.10273,0.10402,0.10263,0.10402,693027.0
2025-08-25 22:30:00,0.10401,0.10443,0.10386,0.10409,688581.0
2025-08-25 23:00:00,0.10395,0.10444,0.10378,0.10399,399429.0
2025-08-25 23:30:00,0.10397,0.10456,0.10389,0.10443,126982.0
2025-08-26 00:00:00,0.1044,0.10485,0.10375,0.10448,907585.0
2025-08-26 00:30:00,0.10452,0.1048,0.10344,0.104,581999.0
2025-08-26 01:00:00,0.10402,0.10523,0.10377,0.10522,894748.0
2025-08-26 01:30:00,0.10523,0.10545,0.10497,0.10528,360182.0
2025-08-26 02:00:00,0.10526,0.10579,0.10517,0.10567,345482.0
2025-08-26 02:30:00,0.10567,0.10572,0.10526,0.10544,181208.0
2025-08-26 03:00:00,0.10544,0.10574,0.10516,0.10563,557549.0
2025-08-26 03:30:00,0.10563,0.10594,0.10553,0.10561,218047.0
2025-08-26 04:00:00,0.10561,0.10621,0.10559,0.10586,346346.0
2025-08-26 04:30:00,0.10586,0.10633,0.10586,0.10618,233755.0
2025-08-26 05:00:00,0.10615,0.10615,0.10573,0.10584,310209.0
2025-08-26 05:30:00,0.10586,0.10606,0.10572,0.10582,317225.0
2025-08-26 06:00:00,0.10582,0.10611,0.10558,0.10574,244157.0
2025-08-26 06:30:00,0.10574,0.10596,0.10553,0.10565,74040.0
2025-08-26 07:00:00,0.10569,0.10602,0.1056,0.10602,274698.0
2025-08-26 07:30:00,0.10602,0.10694,0.10601,0.10675,809313.0
2025-08-26 08:00:00,0.1068,0.10693,0.10638,0.10652,304550.0
2025-08-26 08:30:00,0.10654,0.10684,0.10632,0.10651,159220.0
2025-08-26 09:00:00,0.10653,0.10694,0.10642,0.10674,160012.0
2025-08-26 09:30:00,0.10674,0.10674,0.10624,0.10658,268894.0
2025-08-26 10:00:00,0.10658,0.10712,0.10652,0.10702,232525.0
2025-08-26 10:30:00,0.10703,0.10715,0.10672,0.10677,322753.0
2025-08-26 11:00:00,0.10677,0.10694,0.1063,0.1064,356708.0
2025-08-26 11:30:00,0.10646,0.10647,0.10618,0.10647,142420.0
2025-08-26 12:00:00,0.10647,0.10649,0.10611,0.10633,182914.0
2025-08-26 12:30:00,0.10633,0.10798,0.10614,0.10702,1597942.0
2025-08-26 13:00:00,0.10702,0.10709,0.10658,0.1068,329897.0
2025-08-26 13:30:00,0.10679,0.10759,0.10595,0.10696,1051429.0
2025-08-26 14:00:00,0.10702,0.10788,0.10675,0.10754,764528.0
2025-08-26 14:30:00,0.10746,0.10825,0.10735,0.10793,348633.0
2025-08-26 15:00:00,0.10789,0.10818,0.10733,0.10762,424905.0
2025-08-26 15:30:00,0.10759,0.10759,0.10708,0.10727,196050.0
2025-08-26 16:00:00,0.10728,0.10757,0.10709,0.10749,205265.0
2025-08-26 16:30:00,0.10749,0.10804,0.10745,0.10803,135107.0
2025-08-26 17:00:00,0.10804,0.10811,0.10768,0.10779,124637.0
2025-08-26 17:30:00,0.10782,0.10784,0.10727,0.10758,110306.0
2025-08-26 18:00:00,0.10763,0.10796,0.10757,0.10784,145534.0
2025-08-26 18:30:00,0.10785,0.10801,0.10772,0.10795,97454.0
2025-08-26 19:00:00,0.10796,0.10842,0.10771,0.10833,244257.0
2025-08-26 19:30:00,0.10825,0.10858,0.1081,0.10852,223436.0
2025-08-26 20:00:00,0.10851,0.10871,0.10838,0.10853,182411.0
2025-08-26 20:30:00,0.10855,0.10863,0.10828,0.10845,158578.0
2025-08-26 21:00:00,0.10844,0.10851,0.10824,0.10826,118832.0
2025-08-26 21:30:00,0.10828,0.10856,0.10825,0.10855,50389.0
2025-08-26 22:00:00,0.10856,0.10873,0.10827,0.10833,144478.0
2025-08-26 22:30:00,0.10834,0.10851,0.10813,0.10846,117909.0
2025-08-26 23:00:00,0.10846,0.10875,0.10829,0.10829,199473.0
2025-08-26 23:30:00,0.10831,0.10836,0.10808,0.10827,97748.0
2025-08-27 00:00:00,0.10826,0.10827,0.10732,0.10766,620068.0
2025-08-27 00:30:00,0.10767,0.10792,0.10742,0.10748,349765.0
2025-08-27 01:00:00,0.10751,0.10764,0.10736,0.10755,250766.0
2025-08-27 01:30:00,0.10755,0.10779,0.10731,0.10766,174428.0
2025-08-27 02:00:00,0.10768,0.10796,0.10734,0.10764,312916.0
2025-08-27 02:30:00,0.10764,0.10799,0.10762,0.10781,118614.0
2025-08-27 03:00:00,0.10781,0.10796,0.10746,0.10756,132914.0
2025-08-27 03:30:00,0.10756,0.10852,0.10756,0.10835,448218.0
2025-08-27 04:00:00,0.10831,0.10885,0.10819,0.10835,403526.0
2025-08-27 04:30:00,0.10837,0.10889,0.10836,0.10871,340318.0
2025-08-27 05:00:00,0.10869,0.10898,0.1084,0.10847,297569.0
2025-08-27 05:30:00,0.10846,0.10853,0.1082,0.10838,268264.0
2025-08-27 06:00:00,0.10838,0.10841,0.10807,0.10831,156242.0
2025-08-27 06:30:00,0.10829,0.1085,0.10807,0.10809,88784.0
2025-08-27 07:00:00,0.10808,0.10822,0.10768,0.10772,129496.0
2025-08-27 07:30:00,0.10773,0.10781,0.10743,0.10773,315939.0
2025-08-27 08:00:00,0.10773,0.10792,0.10758,0.10764,115680.0
2025-08-27 08:30:00,0.10764,0.10797,0.10741,0.10796,117687.0
2025-08-27 09:00:00,0.10794,0.1081,0.10782,0.10803,139941.0
2025-08-27 09:30:00,0.10803,0.1081,0.10774,0.10777,93801.0
2025-08-27 10:00:00,0.10777,0.10796,0.10763,0.10778,151849.0
2025-08-27 10:30:00,0.10778,0.10782,0.1074,0.10758,91760.0
2025-08-27 11:00:00,0.1076,0.10799,0.1076,0.10781,168846.0
2025-08-27 11:30:00,0.10783,0.10812,0.10783,0.10802,148062.0
2025-08-27 12:00:00,0.10801,0.10811,0.10762,0.10782,186100.0
2025-08-27 12:30:00,0.10782,0.10809,0.10774,0.10806,93733.0
2025-08-27 13:00:00,0.10809,0.1081,0.10758,0.10777,104899.0
2025-08-27 13:30:00,0.10776,0.10842,0.10735,0.10771,664513.0
2025-08-27 14:00:00,0.10772,0.10833,0.10753,0.10828,200232.0
2025-08-27 14:30:00,0.1083,0.1091,0.10821,0.10838,754561.0
2025-08-27 15:00:00,0.10838,0.10878,0.1082,0.10863,388425.0
2025-08-27 15:30:00,0.10859,0.10887,0.10814,0.10877,277192.0
2025-08-27 16:00:00,0.10876,0.10884,0.10825,0.10842,306261.0
2025-08-27 16:30:00,0.10844,0.10873,0.10808,0.10859,143637.0
2025-08-27 17:00:00,0.10859,0.10859,0.10818,0.10851,136054.0
2025-08-27 17:30:00,0.10852,0.10886,0.10851,0.10868,90089.0
2025-08-27 18:00:00,0.10868,0.1088,0.10858,0.10862,85549.0
2025-08-27 18:30:00,0.10862,0.10865,0.1082,0.1082,136995.0
2025-08-27 19:00:00,0.10819,0.10838,0.1071,0.10774,552924.0
2025-08-27 19:30:00,0.10775,0.10803,0.10764,0.10773,151546.0
2025-08-27 20:00:00,0.1077,0.10845,0.10676,0.10807,1739521.0
2025-08-27 20:30:00,0.10802,0.10859,0.10788,0.10855,414891.0
2025-08-27 21:00:00,0.10855,0.10868,0.10782,0.10804,300387.0
2025-08-27 21:30:00,0.10802,0.1081,0.10745,0.10755,165802.0
2025-08-27 22:00:00,0.10757,0.10759,0.10708,0.10726,520200.0
2025-08-27 22:30:00,0.10727,0.10762,0.10727,0.10745,161812.0
2025-08-27 23:00:00,0.10745,0.10762,0.10712,0.10736,168279.0
2025-08-27 23:30:00,0.10737,0.10745,0.10702,0.10719,158544.0
2025-08-28 00:00:00,0.10717,0.10783,0.10705,0.10718,312276.0
2025-08-28 00:30:00,0.10719,0.10764,0.10676,0.10764,302331.0
2025-08-28 01:00:00,0.10765,0.10811,0.10755,0.10776,173639.0
2025-08-28 01:30:00,0.10776,0.10815,0.10776,0.10793,281009.0
2025-08-28 02:00:00,0.10792,0.10792,0.10743,0.10782,362746.0
2025-08-28 02:30:00,0.10784,0.1079,0.10748,0.10758,163986.0
2025-08-28 03:00:00,0.10758,0.10875,0.10758,0.10827,1117026.0
2025-08-28 03:30:00,0.10827,0.10848,0.10789,0.10831,958216.0
2025-08-28 04:00:00,0.10831,0.10841,0.10799,0.10838,338210.0
2025-08-28 04:30:00,0.10838,0.10859,0.10823,0.10856,414178.0
2025-08-28 05:00:00,0.10857,0.10874,0.10805,0.10821,439401.0
2025-08-28 05:30:00,0.10824,0.10847,0.1077,0.10812,397361.0
2025-08-28 06:00:00,0.10812,0.10819,0.10786,0.108,169372.0
2025-08-28 06:30:00,0.10805,0.10814,0.10793,0.10803,165775.0
2025-08-28 07:00:00,0.10805,0.10807,0.10761,0.10779,516743.0
2025-08-28 07:30:00,0.10779,0.10806,0.10767,0.10801,135659.0
2025-08-28 08:00:00,0.10794,0.10864,0.10791,0.10809,502108.0
2025-08-28 08:30:00,0.10809,0.10832,0.10797,0.10819,113213.0
2025-08-28 09:00:00,0.1082,0.10825,0.10786,0.10803,211577.0
2025-08-28 09:30:00,0.10801,0.10804,0.10776,0.10784,244240.0
2025-08-28 10:00:00,0.10784,0.108,0.10769,0.1079,232731.0
2025-08-28 10:30:00,0.1079,0.10817,0.10786,0.10812,150704.0
2025-08-28 11:00:00,0.1081,0.10812,0.10784,0.10796,123006.0
2025-08-28 11:30:00,0.10794,0.10804,0.10774,0.10798,198870.0
2025-08-28 12:00:00,0.108,0.10821,0.10786,0.10808,121945.0
2025-08-28 12:30:00,0.10808,0.1084,0.10801,0.10812,223783.0
2025-08-28 13:00:00,0.10812,0.10844,0.10804,0.10825,128033.0
2025-08-28 13:30:00,0.10825,0.10848,0.10765,0.10794,485042.0
2025-08-28 14:00:00,0.10795,0.10869,0.10783,0.10824,693680.0
2025-08-28 14:30:00,0.10827,0.10887,0.10816,0.10861,489257.0
2025-08-28 15:00:00,0.10861,0.10885,0.1084,0.10844,238310.0
2025-08-28 15:30:00,0.10843,0.10856,0.10792,0.10806,257982.0
2025-08-28 16:00:00,0.10806,0.10864,0.10806,0.10845,271602.0
2025-08-28 16:30:00,0.10843,0.10843,0.10721,0.10728,404469.0
2025-08-28 17:00:00,0.10721,0.10798,0.10715,0.10794,487927.0
2025-08-28 17:30:00,0.10791,0.10807,0.10773,0.10799,83464.0
2025-08-28 18:00:00,0.10798,0.10808,0.10773,0.10806,117437.0
2025-08-28 18:30:00,0.10804,0.10817,0.10786,0.10807,58726.0
2025-08-28 19:00:00,0.10809,0.10819,0.1078,0.10806,102830.0
2025-08-28 19:30:00,0.10807,0.10815,0.10733,0.10735,321071.0
2025-08-28 20:00:00,0.10735,0.10771,0.10721,0.10761,265975.0
2025-08-28 20:30:00,0.1076,0.10764,0.10744,0.10751,120277.0
2025-08-28 21:00:00,0.10752,0.1078,0.10751,0.10779,98324.0
2025-08-28 21:30:00,0.10779,0.10794,0.10778,0.1079,93238.0
2025-08-28 22:00:00,0.1079,0.10857,0.1079,0.10853,421060.0
2025-08-28 22:30:00,0.10853,0.10867,0.10847,0.10859,222636.0
2025-08-28 23:00:00,0.1086,0.10875,0.10847,0.10855,396527.0
2025-08-28 23:30:00,0.10854,0.10876,0.10848,0.1087,208403.0
2025-08-29 00:00:00,0.10871,0.10876,0.10838,0.10862,173617.0
2025-08-29 00:30:00,0.10861,0.10861,0.10826,0.10826,222570.0
2025-08-29 01:00:00,0.10828,0.10836,0.10752,0.10754,263757.0
2025-08-29 01:30:00,0.10756,0.10778,0.10754,0.10759,177447.0
2025-08-29 02:00:00,0.10758,0.108,0.10743,0.10781,216352.0
2025-08-29 02:30:00,0.10778,0.10805,0.10771,0.10797,156019.0
2025-08-29 03:00:00,0.10796,0.108,0.10753,0.10782,379013.0
2025-08-29 03:30:00,0.10784,0.10817,0.10778,0.10806,208289.0
2025-08-29 04:00:00,0.10806,0.10809,0.10754,0.1079,253408.0
2025-08-29 04:30:00,0.10788,0.10791,0.10746,0.10758,159322.0
2025-08-29 05:00:00,0.1076,0.10773,0.10742,0.10743,167612.0
2025-08-29 05:30:00,0.10744,0.10762,0.1074,0.10756,77994.0
2025-08-29 06:00:00,0.10756,0.10762,0.1071,0.1071,139462.0
2025-08-29 06:30:00,0.10713,0.10713,0.1066,0.10688,244820.0
2025-08-29 07:00:00,0.10689,0.10693,0.10492,0.10523,1362035.0
2025-08-29 07:30:00,0.10523,0.10564,0.10495,0.10511,1023270.0
2025-08-29 08:00:00,0.10507,0.10537,0.10434,0.10461,1492537.0
2025-08-29 08:30:00,0.10459,0.1048,0.10404,0.10425,727454.0
2025-08-29 09:00:00,0.10425,0.10455,0.10338,0.10448,920405.0
2025-08-29 09:30:00,0.10448,0.10472,0.10425,0.1046,307142.0
2025-08-29 10:00:00,0.10465,0.10514,0.10451,0.10509,286819.0
2025-08-29 10:30:00,0.10507,0.10507,0.10456,0.10484,218236.0
2025-08-29 11:00:00,0.10484,0.10523,0.10467,0.1049,209303.0
2025-08-29 11:30:00,0.10488,0.10494,0.10467,0.10489,164605.0
2025-08-29 12:00:00,0.10491,0.10507,0.10473,0.1049,199857.0
2025-08-29 12:30:00,0.1049,0.10626,0.1049,0.10552,1778352.0
2025-08-29 13:00:00,0.10549,0.1057,0.10529,0.10542,155566.0
2025-08-29 13:30:00,0.10543,0.10545,0.10414,0.10455,1472156.0
2025-08-29 14:00:00,0.10458,0.10504,0.10348,0.10482,1697174.0
2025-08-29 14:30:00,0.10481,0.10508,0.10451,0.10463,301914.0
2025-08-29 15:00:00,0.10463,0.1051,0.10453,0.10485,227532.0
2025-08-29 15:30:00,0.10481,0.10499,0.10438,0.10452,260090.0
2025-08-29 16:00:00,0.10452,0.10486,0.1039,0.10452,511067.0
2025-08-29 16:30:00,0.10458,0.10475,0.10423,0.10438,144944.0
2025-08-29 17:00:00,0.10438,0.10441,0.10328,0.10367,376920.0
2025-08-29 17:30:00,0.10368,0.104,0.10362,0.10366,285478.0
2025-08-29 18:00:00,0.10367,0.10382,0.10312,0.10331,751395.0
2025-08-29 18:30:00,0.10331,0.10352,0.10318,0.10327,176844.0
2025-08-29 19:00:00,0.10324,0.1042,0.10318,0.10405,384522.0
2025-08-29 19:30:00,0.10407,0.10465,0.10386,0.10424,448440.0
2025-08-29 20:00:00,0.10423,0.10443,0.10375,0.10409,549844.0
2025-08-29 20:30:00,0.10409,0.10426,0.10376,0.10377,309699.0
2025-08-29 21:00:00,0.10379,0.10408,0.10342,0.10393,216091.0
2025-08-29 21:30:00,0.10403,0.10472,0.10403,0.10472,262724.0
2025-08-29 22:00:00,0.10471,0.10482,0.10445,0.10468,211909.0
2025-08-29 22:30:00,0.10468,0.1049,0.10461,0.10482,241560.0
2025-08-29 23:00:00,0.10482,0.10515,0.10475,0.10504,357622.0
2025-08-29 23:30:00,0.10504,0.10526,0.10495,0.10495,95951.0
2025-08-30 00:00:00,0.10497,0.10516,0.1046,0.10466,1015642.0
2025-08-30 00:30:00,0.10468,0.10525,0.1044,0.10498,568845.0
2025-08-30 01:00:00,0.10498,0.10501,0.10448,0.10455,598270.0
2025-08-30 01:30:00,0.10455,0.10478,0.10358,0.10366,793147.0
2025-08-30 02:00:00,0.1037,0.10475,0.1036,0.10471,685414.0
2025-08-30 02:30:00,0.10471,0.10514,0.10471,0.10494,208367.0
2025-08-30 03:00:00,0.10495,0.10607,0.10494,0.10577,689315.0
2025-08-30 03:30:00,0.10575,0.10578,0.10552,0.10556,269049.0
2025-08-30 04:00:00,0.10558,0.10567,0.10538,0.10555,351880.0
2025-08-30 04:30:00,0.10555,0.10562,0.1054,0.10543,94571.0
2025-08-30 05:00:00,0.10543,0.10559,0.10535,0.10559,299951.0
2025-08-30 05:30:00,0.10559,0.10569,0.10538,0.10546,201038.0
2025-08-30 06:00:00,0.10546,0.1058,0.10546,0.10574,384700.0
2025-08-30 06:30:00,0.10574,0.10601,0.10569,0.10578,331985.0
2025-08-30 07:00:00,0.10578,0.10595,0.10572,0.10595,92812.0
2025-08-30 07:30:00,0.10595,0.1062,0.10593,0.10613,207277.0
2025-08-30 08:00:00,0.10613,0.10621,0.10591,0.10597,246964.0
2025-08-30 08:30:00,0.10597,0.106,0.10576,0.10586,143358.0
2025-08-30 09:00:00,0.10586,0.10594,0.10573,0.10584,208453.0
2025-08-30 09:30:00,0.10584,0.10586,0.10567,0.10581,54185.0
2025-08-30 10:00:00,0.10582,0.10612,0.10573,0.10599,69756.0
2025-08-30 10:30:00,0.10599,0.10602,0.10574,0.10598,52855.0
2025-08-30 11:00:00,0.10598,0.10605,0.10584,0.10593,119994.0
2025-08-30 11:30:00,0.10593,0.10605,0.10579,0.10602,56786.0
2025-08-30 12:00:00,0.10602,0.10607,0.10478,0.10485,1913431.0
2025-08-30 12:30:00,0.10485,0.10515,0.10459,0.10498,1151264.0
2025-08-30 13:00:00,0.10498,0.10499,0.10414,0.10462,729338.0
2025-08-30 13:30:00,0.10465,0.10501,0.10457,0.10501,366734.0
2025-08-30 14:00:00,0.105,0.10503,0.10452,0.10472,340932.0
2025-08-30 14:30:00,0.10471,0.10502,0.1045,0.10486,127602.0
2025-08-30 15:00:00,0.10484,0.10528,0.10474,0.10519,159374.0
2025-08-30 15:30:00,0.1052,0.10531,0.10508,0.10513,113922.0
2025-08-30 16:00:00,0.10513,0.10537,0.10489,0.10516,324932.0
2025-08-30 16:30:00,0.10513,0.1052,0.10489,0.10492,129186.0
2025-08-30 17:00:00,0.10492,0.10517,0.10487,0.10502,189769.0
2025-08-30 17:30:00,0.10502,0.10505,0.10482,0.10498,63309.0
2025-08-30 18:00:00,0.10497,0.10515,0.10471,0.1049,145309.0
2025-08-30 18:30:00,0.10493,0.10504,0.10477,0.10498,190402.0
2025-08-30 19:00:00,0.10498,0.10505,0.10472,0.10497,137727.0
2025-08-30 19:30:00,0.10499,0.10502,0.10482,0.10501,47521.0
2025-08-30 20:00:00,0.10501,0.10507,0.1047,0.10491,165389.0
2025-08-30 20:30:00,0.10491,0.10491,0.10464,0.10485,69468.0
2025-08-30 21:00:00,0.10486,0.10514,0.1048,0.10492,247184.0
2025-08-30 21:30:00,0.10495,0.10528,0.10493,0.10516,144521.0
2025-08-30 22:00:00,0.10515,0.10519,0.10481,0.10512,140672.0
2025-08-30 22:30:00,0.10514,0.10527,0.10506,0.1052,73295.0
2025-08-30 23:00:00,0.10522,0.10556,0.10522,0.1055,161111.0
2025-08-30 23:30:00,0.10547,0.10548,0.10529,0.10546,64599.0
2025-08-31 00:00:00,0.10548,0.10579,0.10539,0.10568,418802.0
2025-08-31 00:30:00,0.10568,0.10614,0.10562,0.10598,435959.0
2025-08-31 01:00:00,0.10598,0.1061,0.10572,0.10578,456168.0
2025-08-31 01:30:00,0.10576,0.10607,0.10576,0.10603,163704.0
2025-08-31 02:00:00,0.10601,0.10618,0.10596,0.10618,247027.0
2025-08-31 02:30:00,0.10613,0.10619,0.10598,0.10606,116799.0
2025-08-31 03:00:00,0.10604,0.10616,0.10602,0.10604,199792.0
2025-08-31 03:30:00,0.10604,0.1062,0.10596,0.10611,191673.0
2025-08-31 04:00:00,0.10611,0.10616,0.1059,0.1059,209028.0
2025-08-31 04:30:00,0.10592,0.10602,0.10566,0.10575,153151.0
2025-08-31 05:00:00,0.10576,0.10578,0.10547,0.10554,269425.0
2025-08-31 05:30:00,0.10553,0.10568,0.1054,0.10564,222344.0
2025-08-31 06:00:00,0.10566,0.1057,0.10542,0.10543,151130.0
2025-08-31 06:30:00,0.10543,0.10549,0.105,0.10517,260437.0
2025-08-31 07:00:00,0.10514,0.1055,0.10514,0.10543,195039.0
2025-08-31 07:30:00,0.10541,0.10546,0.10528,0.10542,92295.0
2025-08-31 08:00:00,0.10539,0.10561,0.10539,0.10553,28115.0
2025-08-31 08:30:00,0.10551,0.10566,0.10546,0.10557,69871.0
2025-08-31 09:00:00,0.10557,0.1057,0.1055,0.10562,149717.0
2025-08-31 09:30:00,0.1056,0.1056,0.10527,0.10527,87721.0
2025-08-31 10:00:00,0.1053,0.1053,0.10478,0.10498,285711.0
2025-08-31 10:30:00,0.10495,0.10509,0.10483,0.105,66376.0
2025-08-31 11:00:00,0.10501,0.10516,0.10492,0.10516,79161.0
2025-08-31 11:30:00,0.10517,0.10536,0.10498,0.10533,137348.0
2025-08-31 12:00:00,0.10533,0.1054,0.10492,0.10501,106985.0
2025-08-31 12:30:00,0.10502,0.10509,0.10484,0.10504,89842.0
2025-08-31 13:00:00,0.10501,0.10514,0.10492,0.10495,122002.0
2025-08-31 13:30:00,0.10495,0.10496,0.10466,0.10475,38591.0
2025-08-31 14:00:00,0.10475,0.10483,0.10425,0.10457,180237.0
2025-08-31 14:30:00,0.10456,0.10476,0.10446,0.10456,72301.0
2025-08-31 15:00:00,0.10456,0.10493,0.10452,0.10471,142967.0
2025-08-31 15:30:00,0.10471,0.10497,0.10462,0.10494,66348.0
2025-08-31 16:00:00,0.10493,0.10494,0.10462,0.10477,141612.0
2025-08-31 16:30:00,0.10477,0.10497,0.10466,0.10484,139428.0
2025-08-31 17:00:00,0.10481,0.1049,0.10467,0.1048,110327.0
2025-08-31 17:30:00,0.10479,0.10486,0.10471,0.10475,44263.0
2025-08-31 18:00:00,0.10472,0.10505,0.10466,0.105,136206.0
2025-08-31 18:30:00,0.10499,0.1051,0.10483,0.10507,74211.0
2025-08-31 19:00:00,0.10505,0.10514,0.1048,0.10482,62765.0
2025-08-31 19:30:00,0.10481,0.10497,0.10469,0.1047,101937.0
2025-08-31 20:00:00,0.1047,0.10486,0.10467,0.10479,168863.0
2025-08-31 20:30:00,0.10478,0.10494,0.10471,0.10488,97739.0
2025-08-31 21:00:00,0.10487,0.10497,0.10475,0.10497,43015.0
2025-08-31 21:30:00,0.10495,0.10501,0.10484,0.10495,23325.0
2025-08-31 22:00:00,0.10498,0.10533,0.10493,0.10522,621839.0
2025-08-31 22:30:00,0.10518,0.10518,0.10436,0.10459,369035.0
2025-08-31 23:00:00,0.10457,0.10463,0.10414,0.10431,417709.0
2025-08-31 23:30:00,0.10431,0.10431,0.10363,0.10372,404392.0
2025-09-01 00:00:00,0.10372,0.10386,0.10324,0.10338,711482.0
2025-09-01 00:30:00,0.10335,0.10355,0.10298,0.10335,902752.0
2025-09-01 01:00:00,0.10336,0.10356,0.10306,0.10344,449944.0
2025-09-01 01:30:00,0.10347,0.10392,0.10302,0.10324,307702.0
2025-09-01 02:00:00,0.10331,0.10333,0.10213,0.10242,730957.0
2025-09-01 02:30:00,0.10236,0.10242,0.10152,0.10153,1129795.0
2025-09-01 03:00:00,0.10153,0.10222,0.10124,0.10176,700816.0
2025-09-01 03:30:00,0.10177,0.10204,0.1017,0.10197,284280.0
2025-09-01 04:00:00,0.10195,0.10205,0.10138,0.1015,340921.0
2025-09-01 04:30:00,0.10147,0.10147,0.10074,0.10089,530116.0
2025-09-01 05:00:00,0.10089,0.10123,0.10067,0.10119,422668.0
2025-09-01 05:30:00,0.10118,0.10145,0.101,0.10131,294158.0
2025-09-01 06:00:00,0.1013,0.10142,0.10085,0.10132,226805.0
2025-09-01 06:30:00,0.10131,0.10154,0.10108,0.10116,238053.0
2025-09-01 07:00:00,0.10113,0.10156,0.10073,0.10148,385415.0
2025-09-01 07:30:00,0.10149,0.10433,0.10145,0.10346,3654003.0
2025-09-01 08:00:00,0.10348,0.10388,0.10306,0.10327,1248628.0
2025-09-01 08:30:00,0.10322,0.10376,0.10319,0.10368,285158.0
2025-09-01 09:00:00,0.10364,0.10435,0.10363,0.10429,457268.0
2025-09-01 09:30:00,0.10429,0.10451,0.10388,0.10391,543177.0
2025-09-01 10:00:00,0.10391,0.10399,0.10305,0.1031,556847.0
2025-09-01 10:30:00,0.1031,0.1031,0.10207,0.10258,1229580.0
2025-09-01 11:00:00,0.10256,0.10266,0.10205,0.10214,600994.0
2025-09-01 11:30:00,0.10209,0.10223,0.10169,0.10203,583891.0
2025-09-01 12:00:00,0.10202,0.1024,0.10166,0.10237,322276.0
2025-09-01 12:30:00,0.10234,0.10267,0.10207,0.1023,396870.0
2025-09-01 13:00:00,0.10233,0.1024,0.10182,0.10207,885157.0
2025-09-01 13:30:00,0.10203,0.10205,0.10127,0.10164,373044.0
2025-09-01 14:00:00,0.10163,0.102,0.10144,0.10157,184056.0
2025-09-01 14:30:00,0.10158,0.10164,0.10105,0.10145,362040.0
2025-09-01 15:00:00,0.10146,0.10169,0.10068,0.1008,774786.0
2025-09-01 15:30:00,0.10083,0.10117,0.10066,0.10077,212231.0
2025-09-01 16:00:00,0.10078,0.10084,0.1005,0.10067,383829.0
2025-09-01 16:30:00,0.10064,0.10098,0.10044,0.10059,193626.0
2025-09-01 17:00:00,0.10059,0.10078,0.1003,0.10045,304885.0
2025-09-01 17:30:00,0.10044,0.10061,0.10031,0.10054,136047.0
2025-09-01 18:00:00,0.10054,0.10107,0.10048,0.10101,264246.0
2025-09-01 18:30:00,0.10101,0.10115,0.10085,0.10101,87975.0
2025-09-01 19:00:00,0.101,0.10115,0.10085,0.10085,185372.0
2025-09-01 19:30:00,0.10083,0.10115,0.10083,0.1011,69373.0
2025-09-01 20:00:00,0.10113,0.10116,0.10046,0.10057,320009.0
2025-09-01 20:30:00,0.1006,0.10067,0.09873,0.09954,2475749.0
2025-09-01 21:00:00,0.09953,0.09961,0.09898,0.09902,553226.0
2025-09-01 21:30:00,0.09903,0.09956,0.09836,0.09929,1179137.0
2025-09-01 22:00:00,0.09927,0.09942,0.09884,0.09909,677798.0
2025-09-01 22:30:00,0.09907,0.09961,0.0988,0.09954,283153.0
2025-09-01 23:00:00,0.09954,0.09985,0.09954,0.09983,217956.0
2025-09-01 23:30:00,0.09983,0.10066,0.09967,0.10056,676474.0
2025-09-02 00:00:00,0.10057,0.10086,0.10032,0.10066,386459.0
2025-09-02 00:30:00,0.10066,0.10104,0.10055,0.10088,284044.0
2025-09-02 01:00:00,0.10088,0.10154,0.10082,0.10154,433782.0
2025-09-02 01:30:00,0.10153,0.10239,0.10132,0.10197,410563.0
2025-09-02 02:00:00,0.10197,0.11465,0.10158,0.1129,49843468.0
2025-09-02 02:30:00,0.1129,0.11967,0.1115,0.11688,57316567.0
2025-09-02 03:00:00,0.11691,0.11793,0.114,0.11747,32577537.0
2025-09-02 03:30:00,0.11752,0.11924,0.11523,0.11651,23576565.0
2025-09-02 04:00:00,0.11656,0.11984,0.1142,0.1145,26841861.0
2025-09-02 04:30:00,0.11455,0.11624,0.1144,0.11501,8127407.0
2025-09-02 05:00:00,0.11504,0.11552,0.11302,0.11488,15129252.0
2025-09-02 05:30:00,0.11488,0.11496,0.11244,0.1134,11071374.0
2025-09-02 06:00:00,0.1134,0.11354,0.11133,0.11267,9639544.0
2025-09-02 06:30:00,0.11268,0.11388,0.11205,0.11344,7355152.0
2025-09-02 07:00:00,0.11341,0.11427,0.11096,0.11118,11527787.0
2025-09-02 07:30:00,0.11113,0.11233,0.11,0.11088,13018637.0
2025-09-02 08:00:00,0.11087,0.11345,0.11086,0.11276,10639672.0
2025-09-02 08:30:00,0.1127,0.11331,0.11217,0.11273,4188431.0
2025-09-02 09:00:00,0.11272,0.11385,0.1114,0.11171,6769291.0
2025-09-02 09:30:00,0.11172,0.11194,0.111,0.1112,4629080.0
2025-09-02 10:00:00,0.1112,0.11202,0.1108,0.11194,3330514.0
2025-09-02 10:30:00,0.11195,0.1135,0.11155,0.11298,5614168.0
2025-09-02 11:00:00,0.11298,0.11299,0.11086,0.1118,4723325.0
2025-09-02 11:30:00,0.1118,0.11298,0.11155,0.11259,4023126.0
2025-09-02 12:00:00,0.11257,0.11465,0.11144,0.11456,6212688.0
2025-09-02 12:30:00,0.11453,0.1157,0.11313,0.11436,17493321.0
2025-09-02 13:00:00,0.11429,0.11429,0.11117,0.11149,10119316.0
2025-09-02 13:30:00,0.11149,0.11361,0.11101,0.11314,10909983.0
2025-09-02 14:00:00,0.11315,0.11352,0.11179,0.11268,4085893.0
2025-09-02 14:30:00,0.11265,0.11285,0.11161,0.11191,2266670.0
2025-09-02 15:00:00,0.1119,0.11223,0.11143,0.11154,2719104.0
2025-09-02 15:30:00,0.11148,0.11218,0.111,0.11145,3073510.0
2025-09-02 16:00:00,0.11147,0.11271,0.11118,0.11144,4231812.0
2025-09-02 16:30:00,0.11143,0.11244,0.11118,0.11229,2002059.0
2025-09-02 17:00:00,0.11229,0.11245,0.1118,0.11233,2866712.0
2025-09-02 17:30:00,0.11233,0.11278,0.11155,0.11157,1556527.0
2025-09-02 18:00:00,0.11156,0.11167,0.11031,0.11086,2986648.0
2025-09-02 18:30:00,0.11086,0.11153,0.11038,0.11106,1462654.0
2025-09-02 19:00:00,0.11105,0.1115,0.11083,0.11089,749933.0
2025-09-02 19:30:00,0.11088,0.11106,0.11046,0.11094,740347.0
2025-09-02 20:00:00,0.11094,0.11246,0.11074,0.11208,2042078.0
2025-09-02 20:30:00,0.11207,0.11288,0.11179,0.11245,1786429.0
2025-09-02 21:00:00,0.11243,0.11287,0.11211,0.11211,1055416.0
2025-09-02 21:30:00,0.11214,0.11334,0.11196,0.11325,1993783.0
2025-09-02 22:00:00,0.11321,0.11359,0.11269,0.11293,1970393.0
2025-09-02 22:30:00,0.11293,0.1142,0.11287,0.1135,2319789.0
2025-09-02 23:00:00,0.11349,0.11464,0.11253,0.11292,4390364.0
2025-09-02 23:30:00,0.11291,0.12079,0.11274,0.12008,29858057.0
2025-09-03 00:00:00,0.12007,0.12059,0.11549,0.11661,30182693.0
2025-09-03 00:30:00,0.11663,0.12097,0.11652,0.11707,21339557.0
2025-09-03 01:00:00,0.11708,0.11809,0.11306,0.11446,12143296.0
2025-09-03 01:30:00,0.11444,0.11586,0.11436,0.11581,2987941.0
2025-09-03 02:00:00,0.11583,0.11594,0.11418,0.11547,3805515.0
2025-09-03 02:30:00,0.1155,0.11577,0.11451,0.11481,1997478.0
2025-09-03 03:00:00,0.11483,0.11516,0.11375,0.11438,3637027.0
2025-09-03 03:30:00,0.11442,0.11503,0.11388,0.11474,2159588.0
2025-09-03 04:00:00,0.11474,0.11517,0.11348,0.1149,3722938.0
2025-09-03 04:30:00,0.11487,0.11818,0.11462,0.11659,8253942.0
2025-09-03 05:00:00,0.11656,0.11657,0.11387,0.11438,4020742.0
2025-09-03 05:30:00,0.11435,0.11447,0.11354,0.11384,1739442.0
2025-09-03 06:00:00,0.11386,0.11409,0.11223,0.1134,4268423.0
2025-09-03 06:30:00,0.11342,0.11405,0.11319,0.11396,1711627.0
2025-09-03 07:00:00,0.11399,0.11406,0.11306,0.11321,1050095.0
2025-09-03 07:30:00,0.11322,0.11335,0.11253,0.11307,1389314.0
2025-09-03 08:00:00,0.11307,0.11391,0.11283,0.11328,1998789.0
2025-09-03 08:30:00,0.11329,0.11329,0.11222,0.11235,1334275.0
2025-09-03 09:00:00,0.11236,0.11283,0.11085,0.11188,4764049.0
2025-09-03 09:30:00,0.11189,0.11277,0.11181,0.11277,1410453.0
2025-09-03 10:00:00,0.11277,0.11282,0.11217,0.11278,834184.0
2025-09-03 10:30:00,0.11276,0.11303,0.11268,0.11276,1025003.0
2025-09-03 11:00:00,0.11273,0.11364,0.11271,0.1133,1089635.0
2025-09-03 11:30:00,0.11333,0.11379,0.11321,0.11345,782626.0
2025-09-03 12:00:00,0.11345,0.11388,0.11252,0.11342,2389525.0
2025-09-03 12:30:00,0.11342,0.11352,0.1128,0.11308,723699.0
2025-09-03 13:00:00,0.11307,0.11378,0.11297,0.11298,907238.0
2025-09-03 13:30:00,0.11303,0.1145,0.113,0.11357,1754862.0
2025-09-03 14:00:00,0.11356,0.11401,0.11326,0.1137,1146508.0
2025-09-03 14:30:00,0.11372,0.11458,0.11372,0.114,1184611.0
2025-09-03 15:00:00,0.114,0.11409,0.11331,0.11348,711841.0
2025-09-03 15:30:00,0.11347,0.11389,0.11336,0.11378,695065.0
2025-09-03 16:00:00,0.11378,0.11479,0.11317,0.11395,2284331.0
2025-09-03 16:30:00,0.11397,0.11437,0.11362,0.11389,798067.0
2025-09-03 17:00:00,0.11389,0.11453,0.11389,0.1144,526587.0
2025-09-03 17:30:00,0.1144,0.11468,0.11403,0.11418,1288249.0
2025-09-03 18:00:00,0.11418,0.11442,0.11391,0.11393,629646.0
2025-09-03 18:30:00,0.11394,0.11416,0.11367,0.11405,390270.0
2025-09-03 19:00:00,0.11408,0.11419,0.11377,0.11408,347279.0
2025-09-03 19:30:00,0.11412,0.11431,0.1138,0.11421,379539.0
2025-09-03 20:00:00,0.11422,0.11431,0.11316,0.11336,695028.0
2025-09-03 20:30:00,0.11338,0.11366,0.11324,0.11339,258129.0
2025-09-03 21:00:00,0.1134,0.11357,0.11311,0.11357,375506.0
2025-09-03 21:30:00,0.11357,0.11381,0.11316,0.1134,596306.0
2025-09-03 22:00:00,0.11336,0.11371,0.11305,0.11317,614168.0
2025-09-03 22:30:00,0.11317,0.11405,0.11301,0.11393,1487454.0
2025-09-03 23:00:00,0.1139,0.11396,0.11296,0.11328,1883357.0
2025-09-03 23:30:00,0.11328,0.11331,0.11231,0.11234,2282477.0
2025-09-04 00:00:00,0.11234,0.11279,0.11143,0.11172,2408416.0
2025-09-04 00:30:00,0.11171,0.11209,0.1103,0.11086,3161206.0
2025-09-04 01:00:00,0.11087,0.11101,0.11018,0.11042,1573604.0
2025-09-04 01:30:00,0.11042,0.11048,0.11,0.11026,1194685.0
2025-09-04 02:00:00,0.11028,0.11045,0.11002,0.11003,813160.0
2025-09-04 02:30:00,0.11005,0.11019,0.10941,0.11002,3122577.0
2025-09-04 03:00:00,0.11002,0.11056,0.10993,0.10995,497332.0
2025-09-04 03:30:00,0.10998,0.11,0.10909,0.10937,1697949.0
2025-09-04 04:00:00,0.10937,0.10975,0.10902,0.10926,874409.0
2025-09-04 04:30:00,0.10929,0.10989,0.10904,0.10908,884062.0
2025-09-04 05:00:00,0.10907,0.10914,0.10773,0.10844,1869777.0
2025-09-04 05:30:00,0.10844,0.1085,0.10805,0.10811,417471.0
2025-09-04 06:00:00,0.10815,0.10942,0.10749,0.10776,2063174.0
2025-09-04 06:30:00,0.10782,0.10782,0.1074,0.10752,411871.0
2025-09-04 07:00:00,0.10755,0.10843,0.10744,0.10828,1156416.0
2025-09-04 07:30:00,0.10828,0.10873,0.10808,0.10845,907970.0
2025-09-04 08:00:00,0.10846,0.10897,0.1082,0.10873,655936.0
2025-09-04 08:30:00,0.10874,0.10874,0.10782,0.10798,472822.0
2025-09-04 09:00:00,0.10797,0.10855,0.10781,0.10794,678404.0
2025-09-04 09:30:00,0.10795,0.10824,0.1077,0.10823,396202.0
2025-09-04 10:00:00,0.10822,0.10843,0.10754,0.10798,1370216.0
2025-09-04 10:30:00,0.10798,0.1081,0.10625,0.10702,2291537.0
2025-09-04 11:00:00,0.10701,0.10762,0.10689,0.10734,677826.0
2025-09-04 11:30:00,0.10735,0.10777,0.10706,0.10715,724807.0
2025-09-04 12:00:00,0.10715,0.10784,0.10704,0.10756,636788.0
2025-09-04 12:30:00,0.10757,0.10782,0.10675,0.10756,535905.0
2025-09-04 13:00:00,0.10757,0.10808,0.1073,0.1075,597321.0
2025-09-04 13:30:00,0.10757,0.10773,0.10669,0.107,1252516.0
2025-09-04 14:00:00,0.107,0.10717,0.1063,0.10681,1174695.0
2025-09-04 14:30:00,0.10679,0.10691,0.10647,0.10665,947731.0
2025-09-04 15:00:00,0.10665,0.10673,0.10597,0.10631,829941.0
2025-09-04 15:30:00,0.10634,0.10667,0.10631,0.10651,296401.0
2025-09-04 16:00:00,0.10649,0.10691,0.10628,0.10679,724707.0
2025-09-04 16:30:00,0.1068,0.10755,0.10679,0.10745,422042.0
2025-09-04 17:00:00,0.10746,0.10746,0.10676,0.10733,722481.0
2025-09-04 17:30:00,0.10735,0.10741,0.10698,0.10698,191539.0
2025-09-04 18:00:00,0.10699,0.10732,0.10673,0.10673,369350.0
2025-09-04 18:30:00,0.10667,0.10716,0.10642,0.10684,297169.0
2025-09-04 19:00:00,0.10683,0.10744,0.10672,0.10731,236150.0
2025-09-04 19:30:00,0.10731,0.10738,0.10677,0.10684,282713.0
2025-09-04 20:00:00,0.10683,0.10735,0.10678,0.10725,401578.0
2025-09-04 20:30:00,0.10724,0.1074,0.107,0.10704,153689.0
2025-09-04 21:00:00,0.10703,0.10784,0.10697,0.10759,255858.0
2025-09-04 21:30:00,0.10757,0.10803,0.1075,0.10783,362926.0
2025-09-04 22:00:00,0.10783,0.10796,0.10754,0.10779,562521.0
2025-09-04 22:30:00,0.10777,0.10796,0.10731,0.10783,299540.0
2025-09-04 23:00:00,0.10777,0.10815,0.10744,0.10784,810616.0
2025-09-04 23:30:00,0.10784,0.10859,0.10771,0.10818,1545474.0
2025-09-05 00:00:00,0.10817,0.10862,0.10687,0.10817,2115920.0
2025-09-05 00:30:00,0.10817,0.10817,0.10761,0.10771,550348.0
2025-09-05 01:00:00,0.10774,0.10816,0.10771,0.10812,206424.0
2025-09-05 01:30:00,0.1081,0.10826,0.10787,0.10819,332083.0
2025-09-05 02:00:00,0.10818,0.10824,0.10743,0.10804,714228.0
2025-09-05 02:30:00,0.10803,0.10818,0.10753,0.10773,604303.0
2025-09-05 03:00:00,0.10774,0.10778,0.1072,0.10725,370167.0
2025-09-05 03:30:00,0.10727,0.10791,0.10715,0.10783,745413.0
2025-09-05 04:00:00,0.10783,0.10783,0.10735,0.10736,465859.0
2025-09-05 04:30:00,0.10738,0.1076,0.10722,0.10733,291463.0
2025-09-05 05:00:00,0.10732,0.10765,0.10732,0.10761,188812.0
2025-09-05 05:30:00,0.10761,0.10764,0.10738,0.10739,98176.0
2025-09-05 06:00:00,0.10741,0.10754,0.1072,0.10737,249084.0
2025-09-05 06:30:00,0.10737,0.10784,0.10725,0.10781,173542.0
2025-09-05 07:00:00,0.10782,0.10836,0.10781,0.1083,528891.0
2025-09-05 07:30:00,0.1083,0.10859,0.10803,0.10818,679676.0
2025-09-05 08:00:00,0.10819,0.10852,0.10772,0.10812,1004073.0
2025-09-05 08:30:00,0.1081,0.10813,0.1078,0.10783,303995.0
2025-09-05 09:00:00,0.10782,0.10799,0.10757,0.1076,643270.0
2025-09-05 09:30:00,0.1076,0.10773,0.10723,0.10763,392933.0
2025-09-05 10:00:00,0.10762,0.10797,0.1076,0.10788,236096.0
2025-09-05 10:30:00,0.10786,0.10792,0.10744,0.10753,242946.0
2025-09-05 11:00:00,0.10753,0.10795,0.10751,0.1079,205589.0
2025-09-05 11:30:00,0.10791,0.10804,0.10786,0.10796,79709.0
2025-09-05 12:00:00,0.10796,0.10831,0.10792,0.10825,379845.0
2025-09-05 12:30:00,0.10827,0.10879,0.1077,0.10871,1143019.0
2025-09-05 13:00:00,0.10871,0.10904,0.10861,0.10871,569306.0
2025-09-05 13:30:00,0.10872,0.10918,0.10841,0.10885,818906.0
2025-09-05 14:00:00,0.10885,0.10885,0.10711,0.10726,1535836.0
2025-09-05 14:30:00,0.10725,0.10734,0.10571,0.10609,1955056.0
2025-09-05 15:00:00,0.10614,0.10671,0.10599,0.10665,1295970.0
2025-09-05 15:30:00,0.10665,0.10673,0.1063,0.10651,204476.0
2025-09-05 16:00:00,0.10649,0.10685,0.10603,0.10644,884392.0
2025-09-05 16:30:00,0.10644,0.10694,0.10642,0.10686,296824.0
2025-09-05 17:00:00,0.10687,0.10699,0.10669,0.10689,152635.0
2025-09-05 17:30:00,0.10687,0.10706,0.10665,0.10696,174209.0
2025-09-05 18:00:00,0.10694,0.10707,0.10676,0.10707,101757.0
2025-09-05 18:30:00,0.10705,0.10771,0.10705,0.10767,262699.0
2025-09-05 19:00:00,0.10768,0.10771,0.10744,0.10762,189619.0
2025-09-05 19:30:00,0.10762,0.1077,0.10744,0.1077,79596.0
2025-09-05 20:00:00,0.1077,0.10787,0.10738,0.10766,352389.0
2025-09-05 20:30:00,0.10765,0.10808,0.10762,0.10805,121944.0
2025-09-05 21:00:00,0.10807,0.1081,0.10736,0.1078,332097.0
2025-09-05 21:30:00,0.10782,0.10808,0.10768,0.10808,223777.0
2025-09-05 22:00:00,0.10808,0.10816,0.10783,0.10795,176486.0
2025-09-05 22:30:00,0.10794,0.10828,0.10778,0.1081,383190.0
2025-09-05 23:00:00,0.10808,0.10818,0.10783,0.10814,146839.0
2025-09-05 23:30:00,0.10811,0.10812,0.10748,0.10769,296051.0
2025-09-06 00:00:00,0.10769,0.10789,0.10752,0.10783,425185.0
2025-09-06 00:30:00,0.10782,0.10807,0.10721,0.10753,422316.0
2025-09-06 01:00:00,0.10753,0.10816,0.10707,0.10773,740586.0
2025-09-06 01:30:00,0.10775,0.10806,0.10746,0.10806,259451.0
2025-09-06 02:00:00,0.10806,0.10813,0.10783,0.10786,155483.0
2025-09-06 02:30:00,0.10786,0.10808,0.10758,0.10801,180170.0
2025-09-06 03:00:00,0.10802,0.10805,0.10734,0.1076,425235.0
2025-09-06 03:30:00,0.10759,0.10759,0.10734,0.10746,139020.0
2025-09-06 04:00:00,0.10746,0.10785,0.10723,0.10748,335677.0
2025-09-06 04:30:00,0.10748,0.10759,0.10709,0.10735,418310.0
2025-09-06 05:00:00,0.10734,0.10734,0.10675,0.10686,460836.0
2025-09-06 05:30:00,0.10688,0.10689,0.10663,0.10679,212367.0
2025-09-06 06:00:00,0.1068,0.1072,0.10675,0.10706,89494.0
2025-09-06 06:30:00,0.107,0.10732,0.10699,0.10725,159215.0
2025-09-06 07:00:00,0.10724,0.10746,0.1072,0.10744,135408.0
2025-09-06 07:30:00,0.10744,0.10749,0.10731,0.10736,150884.0
2025-09-06 08:00:00,0.10736,0.10752,0.10736,0.10743,87345.0
2025-09-06 08:30:00,0.10744,0.1076,0.10738,0.10742,153899.0
2025-09-06 09:00:00,0.10746,0.10751,0.10685,0.10699,266078.0
2025-09-06 09:30:00,0.10698,0.10704,0.10689,0.10689,57148.0
2025-09-06 10:00:00,0.10689,0.10705,0.10678,0.10701,106613.0
2025-09-06 10:30:00,0.10701,0.10737,0.107,0.10736,74990.0
2025-09-06 11:00:00,0.10736,0.10741,0.10704,0.1072,263521.0
2025-09-06 11:30:00,0.10722,0.10738,0.10691,0.10728,123950.0
2025-09-06 12:00:00,0.10728,0.1075,0.10717,0.10737,146294.0
2025-09-06 12:30:00,0.10737,0.1074,0.10688,0.10712,194588.0
2025-09-06 13:00:00,0.10712,0.10727,0.10703,0.10714,56021.0
2025-09-06 13:30:00,0.10709,0.10718,0.10693,0.10718,115045.0
2025-09-06 14:00:00,0.10716,0.10749,0.1071,0.10737,252813.0
2025-09-06 14:30:00,0.10737,0.10742,0.10718,0.10725,105553.0
2025-09-06 15:00:00,0.10722,0.10739,0.10704,0.10736,157101.0
2025-09-06 15:30:00,0.10734,0.10746,0.10687,0.10712,480938.0
2025-09-06 16:00:00,0.10712,0.10742,0.10667,0.10704,414630.0
2025-09-06 16:30:00,0.10702,0.10753,0.10696,0.10732,216910.0
2025-09-06 17:00:00,0.1073,0.10733,0.1071,0.1071,114588.0
2025-09-06 17:30:00,0.1071,0.10717,0.10695,0.1071,140793.0
2025-09-06 18:00:00,0.10708,0.10769,0.10706,0.10746,122693.0
2025-09-06 18:30:00,0.10746,0.10746,0.10702,0.10722,186662.0
2025-09-06 19:00:00,0.10724,0.10729,0.10685,0.10688,118663.0
2025-09-06 19:30:00,0.10685,0.10695,0.10667,0.10677,233038.0
2025-09-06 20:00:00,0.10677,0.10688,0.1066,0.10677,152183.0
2025-09-06 20:30:00,0.10678,0.10715,0.10677,0.10711,106166.0
2025-09-06 21:00:00,0.10712,0.10727,0.10712,0.10726,99024.0
2025-09-06 21:30:00,0.10725,0.10752,0.10725,0.10729,138091.0
2025-09-06 22:00:00,0.1073,0.10752,0.10718,0.10719,235715.0
2025-09-06 22:30:00,0.10719,0.10724,0.10712,0.10714,232381.0
2025-09-06 23:00:00,0.10714,0.10755,0.10708,0.10751,123195.0
2025-09-06 23:30:00,0.10749,0.10749,0.1072,0.10724,489347.0
2025-09-07 00:00:00,0.10725,0.10737,0.10678,0.10681,235551.0
2025-09-07 00:30:00,0.10686,0.10766,0.1068,0.10766,594642.0
2025-09-07 01:00:00,0.10762,0.10793,0.10762,0.10791,668326.0
2025-09-07 01:30:00,0.10788,0.1079,0.10769,0.10785,595556.0
2025-09-07 02:00:00,0.10787,0.10796,0.10774,0.10777,395087.0
2025-09-07 02:30:00,0.10776,0.10782,0.10764,0.10775,629193.0
2025-09-07 03:00:00,0.10775,0.1078,0.10773,0.10773,261152.0
2025-09-07 03:30:00,0.10773,0.10776,0.1073,0.10756,2029411.0
2025-09-07 04:00:00,0.10757,0.10784,0.10746,0.10776,1063467.0
2025-09-07 04:30:00,0.10776,0.10798,0.10776,0.10792,150736.0
2025-09-07 05:00:00,0.10795,0.10795,0.10739,0.1076,485512.0
2025-09-07 05:30:00,0.1076,0.10771,0.10753,0.10768,173384.0
2025-09-07 06:00:00,0.1077,0.10785,0.10742,0.10747,185951.0
2025-09-07 06:30:00,0.10747,0.10754,0.10738,0.10739,172410.0
2025-09-07 07:00:00,0.10739,0.10764,0.10728,0.10757,232353.0
2025-09-07 07:30:00,0.10757,0.10777,0.1075,0.10754,148126.0
2025-09-07 08:00:00,0.10752,0.10777,0.10751,0.10771,139621.0
2025-09-07 08:30:00,0.10771,0.10771,0.10741,0.10741,86991.0
2025-09-07 09:00:00,0.10741,0.10771,0.10734,0.10763,145881.0
2025-09-07 09:30:00,0.10762,0.10769,0.10726,0.10742,222529.0
2025-09-07 10:00:00,0.10743,0.10758,0.10738,0.10741,92068.0
2025-09-07 10:30:00,0.1074,0.10753,0.1074,0.10751,47834.0
2025-09-07 11:00:00,0.10753,0.10773,0.10753,0.10767,67518.0
2025-09-07 11:30:00,0.10766,0.10784,0.10765,0.10774,66989.0
2025-09-07 12:00:00,0.10776,0.10788,0.10762,0.10774,137678.0
2025-09-07 12:30:00,0.10774,0.10777,0.10766,0.10771,67194.0
2025-09-07 13:00:00,0.10771,0.10787,0.10767,0.10783,94169.0
2025-09-07 13:30:00,0.10784,0.10792,0.10771,0.10776,121612.0
2025-09-07 14:00:00,0.10777,0.10826,0.10743,0.10756,775514.0
2025-09-07 14:30:00,0.10756,0.10759,0.10733,0.10753,182540.0
2025-09-07 15:00:00,0.10752,0.10763,0.10727,0.10762,225800.0
2025-09-07 15:30:00,0.10762,0.10764,0.10723,0.10748,219049.0
2025-09-07 16:00:00,0.10747,0.10774,0.10727,0.10742,267151.0
2025-09-07 16:30:00,0.10742,0.1075,0.10734,0.10746,64413.0
2025-09-07 17:00:00,0.10745,0.10755,0.10739,0.1074,188321.0
2025-09-07 17:30:00,0.10738,0.10757,0.10738,0.10743,218821.0
2025-09-07 18:00:00,0.10745,0.10746,0.10728,0.10734,227005.0
2025-09-07 18:30:00,0.1073,0.10732,0.10687,0.10704,183560.0
2025-09-07 19:00:00,0.10703,0.10712,0.1069,0.10702,202779.0
2025-09-07 19:30:00,0.10702,0.10744,0.10702,0.1073,115896.0
2025-09-07 20:00:00,0.10729,0.10748,0.10684,0.10711,195173.0
2025-09-07 20:30:00,0.10708,0.10736,0.10701,0.10736,61286.0
2025-09-07 21:00:00,0.10736,0.10744,0.10729,0.10731,118704.0
2025-09-07 21:30:00,0.10731,0.10765,0.10731,0.10764,108380.0
2025-09-07 22:00:00,0.10763,0.10776,0.10743,0.10774,245916.0
2025-09-07 22:30:00,0.1077,0.10788,0.10759,0.10777,291165.0
2025-09-07 23:00:00,0.10773,0.10779,0.10766,0.10773,246175.0
2025-09-07 23:30:00,0.10773,0.1083,0.10757,0.10766,595913.0
2025-09-08 00:00:00,0.10764,0.11591,0.10743,0.11245,29737912.0
2025-09-08 00:30:00,0.11246,0.11495,0.11119,0.11151,8567495.0
2025-09-08 01:00:00,0.11154,0.11246,0.11032,0.11079,3774569.0
2025-09-08 01:30:00,0.11078,0.11185,0.11057,0.11139,1784183.0
2025-09-08 02:00:00,0.11142,0.11277,0.11051,0.11181,2985611.0
2025-09-08 02:30:00,0.1118,0.11278,0.1117,0.11245,1912454.0
2025-09-08 03:00:00,0.11249,0.11254,0.11117,0.11189,1208218.0
2025-09-08 03:30:00,0.11189,0.11198,0.11093,0.11124,1284103.0
2025-09-08 04:00:00,0.11124,0.11278,0.1105,0.11223,2294483.0
2025-09-08 04:30:00,0.11223,0.11236,0.11144,0.11159,717512.0
2025-09-08 05:00:00,0.11163,0.1117,0.1111,0.11128,950769.0
2025-09-08 05:30:00,0.1113,0.1113,0.1105,0.11066,647634.0
2025-09-08 06:00:00,0.11067,0.11148,0.11067,0.11143,685969.0
2025-09-08 06:30:00,0.11143,0.11143,0.11089,0.11132,305696.0
2025-09-08 07:00:00,0.11136,0.11146,0.11043,0.11098,1001892.0
2025-09-08 07:30:00,0.11102,0.11112,0.10989,0.11033,593334.0
2025-09-08 08:00:00,0.11031,0.1113,0.11028,0.11109,1345711.0
2025-09-08 08:30:00,0.11109,0.11134,0.11033,0.1108,1124203.0
2025-09-08 09:00:00,0.11079,0.11146,0.11046,0.11111,581927.0
2025-09-08 09:30:00,0.11113,0.11165,0.11049,0.11083,1403649.0
2025-09-08 10:00:00,0.11083,0.11123,0.11056,0.11056,775267.0
2025-09-08 10:30:00,0.11058,0.11067,0.10966,0.10993,1256320.0
2025-09-08 11:00:00,0.10995,0.11044,0.10976,0.11021,626336.0
2025-09-08 11:30:00,0.11019,0.11053,0.10959,0.11014,894204.0
2025-09-08 12:00:00,0.11015,0.11049,0.1099,0.11,646953.0
2025-09-08 12:30:00,0.11,0.11041,0.11,0.11037,386484.0
2025-09-08 13:00:00,0.11037,0.11104,0.11036,0.11088,1039744.0
2025-09-08 13:30:00,0.11085,0.11094,0.11022,0.1104,403229.0
2025-09-08 14:00:00,0.11043,0.11096,0.11038,0.11086,262125.0
2025-09-08 14:30:00,0.11086,0.11115,0.11063,0.11103,394910.0
2025-09-08 15:00:00,0.11099,0.11136,0.11091,0.11134,413693.0
2025-09-08 15:30:00,0.11133,0.11153,0.1109,0.11127,371643.0
2025-09-08 16:00:00,0.11124,0.1115,0.11106,0.11149,339885.0
2025-09-08 16:30:00,0.11148,0.11155,0.11083,0.11119,832928.0
2025-09-08 17:00:00,0.11118,0.11138,0.11073,0.11137,657579.0
2025-09-08 17:30:00,0.11134,0.11145,0.11065,0.11092,835697.0
2025-09-08 18:00:00,0.11089,0.11114,0.11078,0.11099,337671.0
2025-09-08 18:30:00,0.11096,0.11096,0.11059,0.11078,307885.0
2025-09-08 19:00:00,0.11078,0.11084,0.1103,0.11042,281288.0
2025-09-08 19:30:00,0.11042,0.11046,0.1098,0.11013,489765.0
2025-09-08 20:00:00,0.11018,0.11032,0.10945,0.11007,777176.0
2025-09-08 20:30:00,0.11007,0.11015,0.10984,0.11012,519846.0
2025-09-08 21:00:00,0.11012,0.11063,0.11002,0.11059,277588.0
2025-09-08 21:30:00,0.11057,0.11077,0.11017,0.11074,288818.0
2025-09-08 22:00:00,0.11072,0.11072,0.10984,0.11013,623931.0
2025-09-08 22:30:00,0.11013,0.11035,0.10994,0.11018,630079.0
2025-09-08 23:00:00,0.11019,0.11065,0.10997,0.11,623391.0
2025-09-08 23:30:00,0.11002,0.1113,0.10993,0.11109,871485.0
2025-09-09 00:00:00,0.11108,0.11124,0.10926,0.11012,2925072.0
2025-09-09 00:30:00,0.11012,0.11015,0.10948,0.11003,1168072.0
2025-09-09 01:00:00,0.11003,0.11093,0.11003,0.11027,836947.0
2025-09-09 01:30:00,0.11031,0.11049,0.10923,0.10991,1036003.0
2025-09-09 02:00:00,0.10992,0.11033,0.10971,0.10991,775468.0
2025-09-09 02:30:00,0.10993,0.1103,0.10887,0.10939,1451265.0
2025-09-09 03:00:00,0.10938,0.10992,0.10925,0.10986,558882.0
2025-09-09 03:30:00,0.10986,0.11028,0.10957,0.11015,336416.0
2025-09-09 04:00:00,0.11015,0.11081,0.11004,0.11063,1098966.0
2025-09-09 04:30:00,0.11062,0.11112,0.1105,0.11095,383741.0
2025-09-09 05:00:00,0.11094,0.11108,0.11021,0.11082,837878.0
2025-09-09 05:30:00,0.11082,0.11115,0.11064,0.11106,693027.0
2025-09-09 06:00:00,0.11106,0.11135,0.11062,0.11118,684744.0
2025-09-09 06:30:00,0.11121,0.11178,0.11103,0.11161,771942.0
2025-09-09 07:00:00,0.11159,0.11213,0.11156,0.11198,949530.0
2025-09-09 07:30:00,0.11197,0.11211,0.11117,0.11176,1087865.0
2025-09-09 08:00:00,0.11176,0.11214,0.11156,0.11184,583129.0
2025-09-09 08:30:00,0.1119,0.11209,0.11171,0.11188,388289.0
2025-09-09 09:00:00,0.11191,0.1125,0.1117,0.11231,428444.0
2025-09-09 09:30:00,0.11231,0.11246,0.1121,0.11236,250495.0
2025-09-09 10:00:00,0.11235,0.11267,0.11204,0.11204,327745.0
2025-09-09 10:30:00,0.11201,0.11207,0.11146,0.11178,565284.0
2025-09-09 11:00:00,0.1118,0.11212,0.11167,0.11208,315539.0
2025-09-09 11:30:00,0.11206,0.11282,0.11171,0.11243,512875.0
2025-09-09 12:00:00,0.11243,0.11246,0.11188,0.11211,603292.0
2025-09-09 12:30:00,0.11209,0.1121,0.11042,0.11095,1634751.0
2025-09-09 13:00:00,0.11098,0.11163,0.11089,0.11117,959794.0
2025-09-09 13:30:00,0.11117,0.11122,0.11077,0.11113,444469.0
2025-09-09 14:00:00,0.1111,0.11197,0.11007,0.11138,2131631.0
2025-09-09 14:30:00,0.11132,0.11134,0.10959,0.11011,1815742.0
2025-09-09 15:00:00,0.11013,0.11038,0.10927,0.10962,693415.0
2025-09-09 15:30:00,0.10957,0.10984,0.10882,0.10934,651248.0
2025-09-09 16:00:00,0.10935,0.11007,0.10927,0.10941,879478.0
2025-09-09 16:30:00,0.10942,0.1097,0.10939,0.10956,285708.0
2025-09-09 17:00:00,0.10956,0.10986,0.10932,0.10932,242088.0
2025-09-09 17:30:00,0.10933,0.10956,0.10931,0.10944,161528.0
2025-09-09 18:00:00,0.10945,0.1096,0.10928,0.10952,144764.0
2025-09-09 18:30:00,0.10954,0.10972,0.10942,0.10967,105671.0
2025-09-09 19:00:00,0.10966,0.11028,0.10964,0.11022,184151.0
2025-09-09 19:30:00,0.11021,0.11032,0.10983,0.11006,227060.0
2025-09-09 20:00:00,0.11006,0.11008,0.10967,0.10986,216048.0
2025-09-09 20:30:00,0.1099,0.11016,0.1099,0.11014,102795.0
2025-09-09 21:00:00,0.11014,0.11036,0.11002,0.11013,94970.0
2025-09-09 21:30:00,0.11012,0.11043,0.11011,0.11024,90090.0
2025-09-09 22:00:00,0.11023,0.11037,0.11002,0.11029,123467.0
2025-09-09 22:30:00,0.11028,0.11052,0.11027,0.11041,86568.0
2025-09-09 23:00:00,0.11043,0.11051,0.11015,0.11036,145933.0
2025-09-09 23:30:00,0.11035,0.11076,0.11032,0.11071,216870.0
2025-09-10 00:00:00,0.1107,0.1109,0.11024,0.11054,626782.0
2025-09-10 00:30:00,0.11052,0.11077,0.11036,0.11061,237306.0
2025-09-10 01:00:00,0.1106,0.11073,0.11034,0.11066,306849.0
2025-09-10 01:30:00,0.11066,0.11209,0.11066,0.11125,1040374.0
2025-09-10 02:00:00,0.11133,0.11164,0.111,0.11149,621430.0
2025-09-10 02:30:00,0.11147,0.1128,0.11135,0.11218,1457344.0
2025-09-10 03:00:00,0.11217,0.11273,0.11187,0.11188,754166.0
2025-09-10 03:30:00,0.1119,0.11305,0.11189,0.11244,1121723.0
2025-09-10 04:00:00,0.11247,0.11291,0.11216,0.11281,716611.0
2025-09-10 04:30:00,0.11278,0.11281,0.11198,0.11223,473158.0
2025-09-10 05:00:00,0.11223,0.11228,0.11182,0.11212,296342.0
2025-09-10 05:30:00,0.11211,0.11234,0.11183,0.11208,439881.0
2025-09-10 06:00:00,0.1121,0.11237,0.1117,0.11173,819188.0
2025-09-10 06:30:00,0.11173,0.11224,0.11164,0.11212,444774.0
2025-09-10 07:00:00,0.1121,0.11218,0.11135,0.11173,438846.0
2025-09-10 07:30:00,0.11169,0.11177,0.11062,0.11076,1511792.0
2025-09-10 08:00:00,0.11073,0.11142,0.11073,0.11135,794011.0
2025-09-10 08:30:00,0.11135,0.11148,0.11119,0.11141,174590.0
2025-09-10 09:00:00,0.11141,0.11153,0.11103,0.11133,447585.0
2025-09-10 09:30:00,0.11134,0.11163,0.11108,0.11157,361727.0
2025-09-10 10:00:00,0.11156,0.11179,0.11112,0.11124,551366.0
2025-09-10 10:30:00,0.11125,0.1114,0.11117,0.11134,250533.0
2025-09-10 11:00:00,0.1113,0.11135,0.11094,0.11126,208379.0
2025-09-10 11:30:00,0.11125,0.11146,0.11116,0.11139,213716.0
2025-09-10 12:00:00,0.11136,0.11154,0.11079,0.111,402253.0
2025-09-10 12:30:00,0.11107,0.11166,0.11107,0.11166,565228.0
2025-09-10 13:00:00,0.11165,0.11192,0.11157,0.11188,254066.0
2025-09-10 13:30:00,0.11189,0.11204,0.1116,0.11193,321355.0
2025-09-10 14:00:00,0.11191,0.11203,0.11176,0.11185,279187.0
2025-09-10 14:30:00,0.11184,0.11249,0.11176,0.11186,534417.0
2025-09-10 15:00:00,0.11186,0.11272,0.11175,0.11225,832952.0
2025-09-10 15:30:00,0.11221,0.11221,0.11183,0.11198,242358.0
2025-09-10 16:00:00,0.11198,0.1122,0.11135,0.11163,446944.0
2025-09-10 16:30:00,0.11162,0.11239,0.11144,0.11233,940642.0
2025-09-10 17:00:00,0.11231,0.11238,0.11154,0.11164,831863.0
2025-09-10 17:30:00,0.11161,0.11188,0.1116,0.11183,77685.0
2025-09-10 18:00:00,0.11182,0.11188,0.11149,0.11155,193620.0
2025-09-10 18:30:00,0.11154,0.11171,0.11141,0.11171,77577.0
2025-09-10 19:00:00,0.11167,0.11202,0.11101,0.11112,479795.0
2025-09-10 19:30:00,0.11111,0.11114,0.11066,0.11081,361061.0
2025-09-10 20:00:00,0.1108,0.11108,0.11079,0.11097,208707.0
2025-09-10 20:30:00,0.11097,0.11136,0.11097,0.11127,237818.0
2025-09-10 21:00:00,0.11124,0.11169,0.11123,0.11155,215895.0
2025-09-10 21:30:00,0.11152,0.11179,0.11144,0.11166,198908.0
2025-09-10 22:00:00,0.11168,0.11191,0.11162,0.11173,226095.0
2025-09-10 22:30:00,0.11172,0.11179,0.11147,0.11163,243646.0
2025-09-10 23:00:00,0.11164,0.11188,0.1116,0.11164,204169.0
2025-09-10 23:30:00,0.11165,0.11173,0.11144,0.11168,135678.0
2025-09-11 00:00:00,0.11167,0.11206,0.11147,0.11176,759274.0
2025-09-11 00:30:00,0.11176,0.11178,0.11154,0.11173,118626.0
2025-09-11 01:00:00,0.11175,0.11184,0.11162,0.11171,112192.0
2025-09-11 01:30:00,0.11171,0.11197,0.11171,0.11181,131083.0
2025-09-11 02:00:00,0.11186,0.11189,0.11139,0.11161,401000.0
2025-09-11 02:30:00,0.11162,0.11188,0.11147,0.11169,316023.0
2025-09-11 03:00:00,0.11167,0.11188,0.11158,0.11188,90689.0
2025-09-11 03:30:00,0.11188,0.11255,0.11175,0.11252,390579.0
2025-09-11 04:00:00,0.11251,0.11251,0.1115,0.11163,916854.0
2025-09-11 04:30:00,0.1117,0.11219,0.11165,0.11206,131354.0
2025-09-11 05:00:00,0.11209,0.1121,0.11146,0.11182,545699.0
2025-09-11 05:30:00,0.11184,0.11198,0.11162,0.11191,167371.0
2025-09-11 06:00:00,0.1119,0.1119,0.1116,0.11178,202934.0
2025-09-11 06:30:00,0.11178,0.11193,0.11171,0.11191,181532.0
2025-09-11 07:00:00,0.11191,0.11244,0.11191,0.11236,535459.0
2025-09-11 07:30:00,0.11233,0.11233,0.11189,0.1123,115463.0
2025-09-11 08:00:00,0.11227,0.11227,0.11178,0.11209,408559.0
2025-09-11 08:30:00,0.11207,0.11228,0.11194,0.11197,176358.0
2025-09-11 09:00:00,0.11197,0.11207,0.11151,0.11176,360573.0
2025-09-11 09:30:00,0.11177,0.11192,0.11134,0.11163,821431.0
2025-09-11 10:00:00,0.11164,0.11186,0.11126,0.11155,755671.0
2025-09-11 10:30:00,0.11155,0.11159,0.1112,0.11137,129513.0
2025-09-11 11:00:00,0.11138,0.11165,0.11116,0.11127,859822.0
2025-09-11 11:30:00,0.11127,0.1113,0.11086,0.1109,128149.0
2025-09-11 12:00:00,0.11089,0.11117,0.11049,0.11117,470002.0
2025-09-11 12:30:00,0.11118,0.1113,0.11001,0.11084,939188.0
2025-09-11 13:00:00,0.11084,0.11084,0.10974,0.11006,420582.0
2025-09-11 13:30:00,0.11014,0.11044,0.10934,0.11016,1591622.0
2025-09-11 14:00:00,0.11013,0.1102,0.10921,0.10931,656138.0
2025-09-11 14:30:00,0.10935,0.11004,0.10934,0.11001,336998.0
2025-09-11 15:00:00,0.11002,0.11016,0.1098,0.10982,364864.0
2025-09-11 15:30:00,0.10986,0.11002,0.10964,0.10968,269453.0
2025-09-11 16:00:00,0.10967,0.11043,0.10953,0.10987,355432.0
2025-09-11 16:30:00,0.10987,0.11001,0.10974,0.10981,130700.0
2025-09-11 17:00:00,0.10981,0.1101,0.10976,0.10989,144393.0
2025-09-11 17:30:00,0.10985,0.11001,0.10974,0.10988,76648.0
2025-09-11 18:00:00,0.10987,0.10999,0.10936,0.10956,228449.0
2025-09-11 18:30:00,0.10955,0.1096,0.10935,0.10958,57553.0
2025-09-11 19:00:00,0.10956,0.10972,0.10946,0.10959,142204.0
2025-09-11 19:30:00,0.10962,0.10971,0.10956,0.10967,34865.0
2025-09-11 20:00:00,0.10965,0.10999,0.10941,0.10954,253365.0
2025-09-11 20:30:00,0.10956,0.10959,0.10942,0.10947,39676.0
2025-09-11 21:00:00,0.10946,0.10982,0.10941,0.10972,95891.0
2025-09-11 21:30:00,0.10973,0.10986,0.10967,0.10972,81965.0
2025-09-11 22:00:00,0.10974,0.10995,0.10971,0.10991,201437.0
2025-09-11 22:30:00,0.10989,0.11052,0.1098,0.11032,359595.0
2025-09-11 23:00:00,0.11031,0.11074,0.11022,0.11057,273579.0
2025-09-11 23:30:00,0.11056,0.1107,0.11045,0.11054,236056.0
2025-09-12 00:00:00,0.11056,0.11134,0.11056,0.11109,801417.0
2025-09-12 00:30:00,0.11112,0.11158,0.11081,0.11135,504433.0
2025-09-12 01:00:00,0.11134,0.11139,0.11066,0.11079,540599.0
2025-09-12 01:30:00,0.11078,0.11078,0.1105,0.11054,293631.0
2025-09-12 02:00:00,0.11054,0.11084,0.11051,0.11067,316919.0
2025-09-12 02:30:00,0.1107,0.11074,0.11058,0.11061,90785.0
2025-09-12 03:00:00,0.11063,0.11122,0.1105,0.11062,485056.0
2025-09-12 03:30:00,0.11065,0.11066,0.11031,0.11047,161428.0
2025-09-12 04:00:00,0.11047,0.11065,0.11032,0.11065,187505.0
2025-09-12 04:30:00,0.11063,0.11077,0.1106,0.11071,120857.0
2025-09-12 05:00:00,0.11068,0.11082,0.11044,0.11065,155697.0
2025-09-12 05:30:00,0.11066,0.11079,0.11021,0.11057,325229.0
2025-09-12 06:00:00,0.11055,0.11075,0.11036,0.1107,272420.0
2025-09-12 06:30:00,0.1107,0.11083,0.11041,0.11051,118470.0
2025-09-12 07:00:00,0.11049,0.11086,0.11047,0.11074,106245.0
2025-09-12 07:30:00,0.11075,0.11075,0.11055,0.11068,94680.0
2025-09-12 08:00:00,0.11069,0.11074,0.11015,0.11049,271603.0
2025-09-12 08:30:00,0.11048,0.11057,0.11033,0.11057,98210.0
2025-09-12 09:00:00,0.11057,0.11057,0.11019,0.11029,131657.0
2025-09-12 09:30:00,0.11029,0.11034,0.1101,0.11014,60635.0
2025-09-12 10:00:00,0.11014,0.11022,0.10977,0.1099,354639.0
2025-09-12 10:30:00,0.10989,0.10998,0.10947,0.10998,346056.0
2025-09-12 11:00:00,0.10999,0.11018,0.10995,0.11,126771.0
2025-09-12 11:30:00,0.11001,0.11007,0.1097,0.10971,169238.0
2025-09-12 12:00:00,0.10971,0.10972,0.1088,0.1095,728446.0
2025-09-12 12:30:00,0.10948,0.1097,0.10935,0.10962,143997.0
2025-09-12 13:00:00,0.10962,0.10976,0.10951,0.10971,156924.0
2025-09-12 13:30:00,0.10972,0.10982,0.10941,0.1097,207950.0
2025-09-12 14:00:00,0.1097,0.11121,0.10958,0.11052,2262456.0
2025-09-12 14:30:00,0.11052,0.11054,0.10985,0.11026,511106.0
2025-09-12 15:00:00,0.11026,0.11032,0.10973,0.10973,222141.0
2025-09-12 15:30:00,0.10975,0.11013,0.1097,0.11006,226335.0
2025-09-12 16:00:00,0.11005,0.1107,0.10998,0.11069,232654.0
2025-09-12 16:30:00,0.11069,0.1113,0.11066,0.11125,499469.0
2025-09-12 17:00:00,0.11125,0.11166,0.11116,0.11162,598788.0
2025-09-12 17:30:00,0.11163,0.11214,0.11163,0.11176,475243.0
2025-09-12 18:00:00,0.11176,0.11191,0.1117,0.11182,161861.0
2025-09-12 18:30:00,0.11184,0.112,0.1117,0.1119,172254.0
2025-09-12 19:00:00,0.11192,0.11192,0.11142,0.11179,416475.0
2025-09-12 19:30:00,0.1118,0.11207,0.11175,0.11204,239926.0
2025-09-12 20:00:00,0.11202,0.1121,0.11143,0.11152,405188.0
2025-09-12 20:30:00,0.11153,0.11164,0.11143,0.11158,131981.0
2025-09-12 21:00:00,0.1116,0.11162,0.1112,0.1114,188887.0
2025-09-12 21:30:00,0.11139,0.11161,0.11138,0.11161,133676.0
2025-09-12 22:00:00,0.11156,0.11211,0.11156,0.11202,234103.0
2025-09-12 22:30:00,0.11202,0.11208,0.11185,0.11196,114165.0
2025-09-12 23:00:00,0.11195,0.11202,0.11176,0.11188,197463.0
2025-09-12 23:30:00,0.11186,0.11218,0.11186,0.11208,351152.0
2025-09-13 00:00:00,0.11208,0.11221,0.11192,0.112,326838.0
2025-09-13 00:30:00,0.112,0.11237,0.11195,0.11228,125456.0
2025-09-13 01:00:00,0.11229,0.1126,0.11229,0.11246,214493.0
2025-09-13 01:30:00,0.11249,0.11324,0.11235,0.11247,1286210.0
2025-09-13 02:00:00,0.11247,0.11289,0.11234,0.1126,229765.0
2025-09-13 02:30:00,0.11262,0.11262,0.11223,0.11234,269950.0
2025-09-13 03:00:00,0.11234,0.11292,0.11231,0.11268,272357.0
2025-09-13 03:30:00,0.11273,0.11291,0.11262,0.11275,76730.0
2025-09-13 04:00:00,0.11274,0.11299,0.11273,0.11284,102661.0
2025-09-13 04:30:00,0.11283,0.11296,0.11262,0.1127,177053.0
2025-09-13 05:00:00,0.1127,0.11277,0.11247,0.11261,228042.0
2025-09-13 05:30:00,0.1126,0.1126,0.11246,0.11253,85475.0
2025-09-13 06:00:00,0.11253,0.11278,0.11251,0.11262,112769.0
2025-09-13 06:30:00,0.11267,0.11287,0.11267,0.11282,65197.0
2025-09-13 07:00:00,0.11284,0.11294,0.11271,0.11277,104311.0
2025-09-13 07:30:00,0.11282,0.11295,0.1127,0.11277,102070.0
2025-09-13 08:00:00,0.11277,0.11288,0.11263,0.11286,191635.0
2025-09-13 08:30:00,0.11283,0.11293,0.11268,0.11287,136157.0
2025-09-13 09:00:00,0.11289,0.11347,0.11273,0.11338,513418.0
2025-09-13 09:30:00,0.11338,0.11343,0.11312,0.1133,474376.0
2025-09-13 10:00:00,0.11333,0.11366,0.11323,0.11358,583899.0
2025-09-13 10:30:00,0.11358,0.11372,0.11315,0.11327,272747.0
2025-09-13 11:00:00,0.1133,0.11335,0.11292,0.11326,293905.0
2025-09-13 11:30:00,0.11325,0.11381,0.11319,0.11375,200136.0
2025-09-13 12:00:00,0.11376,0.11383,0.11356,0.11369,183070.0
2025-09-13 12:30:00,0.11371,0.11386,0.11365,0.11374,85724.0
2025-09-13 13:00:00,0.11372,0.11404,0.11344,0.11399,298742.0
2025-09-13 13:30:00,0.11399,0.114,0.11213,0.11298,1213538.0
2025-09-13 14:00:00,0.11298,0.11331,0.11217,0.11321,657092.0
2025-09-13 14:30:00,0.11321,0.11321,0.11285,0.11296,197534.0
2025-09-13 15:00:00,0.11297,0.11416,0.11297,0.1136,898729.0
2025-09-13 15:30:00,0.1136,0.1136,0.11274,0.11274,328033.0
2025-09-13 16:00:00,0.11277,0.11333,0.11261,0.11279,1333824.0
2025-09-13 16:30:00,0.11278,0.11288,0.11131,0.11194,869815.0
2025-09-13 17:00:00,0.11199,0.11221,0.11121,0.11178,670865.0
2025-09-13 17:30:00,0.11177,0.11231,0.11175,0.11222,169177.0
2025-09-13 18:00:00,0.1122,0.1123,0.11184,0.11229,158245.0
2025-09-13 18:30:00,0.11226,0.11234,0.11193,0.11221,124039.0
2025-09-13 19:00:00,0.1122,0.11228,0.11199,0.11214,159154.0
2025-09-13 19:30:00,0.11217,0.11263,0.11213,0.11254,251545.0
2025-09-13 20:00:00,0.11252,0.11283,0.11252,0.1127,165992.0
2025-09-13 20:30:00,0.11266,0.11274,0.11249,0.1127,137264.0
2025-09-13 21:00:00,0.1127,0.11362,0.11269,0.11355,464312.0
2025-09-13 21:30:00,0.11354,0.11365,0.11342,0.11361,196614.0
2025-09-13 22:00:00,0.11361,0.11378,0.11339,0.11364,252469.0
2025-09-13 22:30:00,0.11363,0.11363,0.1134,0.1134,70983.0
2025-09-13 23:00:00,0.11341,0.11361,0.11338,0.11347,138166.0
2025-09-13 23:30:00,0.11347,0.11348,0.11333,0.11347,54644.0
2025-09-14 00:00:00,0.11345,0.11355,0.11327,0.11336,201939.0
2025-09-14 00:30:00,0.11336,0.11346,0.11238,0.11267,860172.0
2025-09-14 01:00:00,0.11267,0.11406,0.11222,0.11324,1817119.0
2025-09-14 01:30:00,0.11323,0.11373,0.11318,0.11367,457026.0
2025-09-14 02:00:00,0.11366,0.11372,0.11282,0.11285,580655.0
2025-09-14 02:30:00,0.11285,0.11285,0.11222,0.11227,314004.0
2025-09-14 03:00:00,0.11228,0.11278,0.11228,0.11278,288309.0
2025-09-14 03:30:00,0.11273,0.11309,0.11253,0.11254,512463.0
2025-09-14 04:00:00,0.11254,0.11285,0.1111,0.11179,1247844.0
2025-09-14 04:30:00,0.11172,0.11193,0.1117,0.11179,274717.0
2025-09-14 05:00:00,0.1118,0.11255,0.11174,0.11253,153588.0
2025-09-14 05:30:00,0.11253,0.1127,0.11246,0.11258,233789.0
2025-09-14 06:00:00,0.11262,0.11265,0.11226,0.11235,74131.0
2025-09-14 06:30:00,0.11229,0.11248,0.11216,0.11248,76745.0
2025-09-14 07:00:00,0.11248,0.11255,0.1122,0.11249,166282.0
2025-09-14 07:30:00,0.11249,0.11249,0.11208,0.11228,138159.0
2025-09-14 08:00:00,0.11227,0.11231,0.11209,0.11216,79737.0
2025-09-14 08:30:00,0.11215,0.11226,0.11187,0.11188,206199.0
2025-09-14 09:00:00,0.11188,0.11212,0.11118,0.11191,1425431.0
2025-09-14 09:30:00,0.11189,0.11236,0.11189,0.11214,301540.0
2025-09-14 10:00:00,0.11214,0.11218,0.11172,0.11193,586217.0
2025-09-14 10:30:00,0.11195,0.11205,0.11173,0.11179,125123.0
2025-09-14 11:00:00,0.11178,0.11195,0.11114,0.11114,420305.0
2025-09-14 11:30:00,0.11113,0.1115,0.11067,0.11139,1106722.0
2025-09-14 12:00:00,0.11139,0.1116,0.11088,0.11123,662132.0
2025-09-14 12:30:00,0.11124,0.11124,0.11029,0.11075,1170156.0
2025-09-14 13:00:00,0.11073,0.11092,0.11055,0.11085,153596.0
2025-09-14 13:30:00,0.11085,0.11099,0.11032,0.11062,319785.0
2025-09-14 14:00:00,0.11063,0.11133,0.11063,0.11121,465929.0
2025-09-14 14:30:00,0.11118,0.11122,0.11053,0.1108,511363.0
2025-09-14 15:00:00,0.11081,0.11087,0.11011,0.11014,446835.0
2025-09-14 15:30:00,0.11016,0.11038,0.11012,0.11024,210012.0
2025-09-14 16:00:00,0.11024,0.11085,0.11016,0.11085,275946.0
2025-09-14 16:30:00,0.11085,0.11091,0.11072,0.11082,201490.0
2025-09-14 17:00:00,0.11084,0.11133,0.1108,0.11112,426915.0
2025-09-14 17:30:00,0.1111,0.11127,0.111,0.11102,194334.0
2025-09-14 18:00:00,0.11103,0.11112,0.11074,0.11075,161362.0
2025-09-14 18:30:00,0.11074,0.11095,0.11072,0.11086,235319.0
2025-09-14 19:00:00,0.11086,0.11098,0.11077,0.1109,69470.0
2025-09-14 19:30:00,0.11089,0.11091,0.11058,0.1107,79078.0
2025-09-14 20:00:00,0.1107,0.11081,0.11051,0.11061,164904.0
2025-09-14 20:30:00,0.1106,0.11062,0.11041,0.11044,116802.0
2025-09-14 21:00:00,0.11045,0.11065,0.11022,0.1105,68099.0
2025-09-14 21:30:00,0.11051,0.11084,0.11046,0.11078,54341.0
2025-09-14 22:00:00,0.11081,0.11093,0.11068,0.11077,108291.0
2025-09-14 22:30:00,0.11077,0.11115,0.11077,0.11098,105999.0
2025-09-14 23:00:00,0.11098,0.11098,0.11005,0.11009,204713.0
2025-09-14 23:30:00,0.11009,0.11027,0.10987,0.11018,215325.0
2025-09-15 00:00:00,0.11016,0.11069,0.11008,0.11066,247164.0
2025-09-15 00:30:00,0.11062,0.11076,0.11045,0.11071,172568.0
2025-09-15 01:00:00,0.11071,0.11075,0.10934,0.1099,740530.0
2025-09-15 01:30:00,0.10996,0.11042,0.10978,0.11036,262429.0
2025-09-15 02:00:00,0.11034,0.11083,0.1103,0.11063,529273.0
2025-09-15 02:30:00,0.11065,0.11068,0.11012,0.11054,539913.0
2025-09-15 03:00:00,0.11052,0.11087,0.11045,0.11069,198403.0
2025-09-15 03:30:00,0.11068,0.11076,0.11033,0.11057,336261.0
2025-09-15 04:00:00,0.11057,0.11078,0.11053,0.11064,160191.0
2025-09-15 04:30:00,0.11064,0.11076,0.11034,0.1106,165586.0
2025-09-15 05:00:00,0.11059,0.11076,0.11037,0.1106,270894.0
2025-09-15 05:30:00,0.11061,0.11108,0.11059,0.11105,227414.0
2025-09-15 06:00:00,0.11104,0.11105,0.11028,0.11028,422965.0
2025-09-15 06:30:00,0.1103,0.11031,0.10946,0.10964,585021.0
2025-09-15 07:00:00,0.10959,0.10998,0.10945,0.10947,333968.0
2025-09-15 07:30:00,0.10943,0.10943,0.10846,0.10885,1061736.0
2025-09-15 08:00:00,0.10885,0.10885,0.10765,0.10794,1197789.0
2025-09-15 08:30:00,0.10793,0.10806,0.10717,0.10722,643984.0
2025-09-15 09:00:00,0.10724,0.10789,0.1071,0.10774,698589.0
2025-09-15 09:30:00,0.10775,0.1081,0.10773,0.10786,285055.0
2025-09-15 10:00:00,0.10786,0.10794,0.10751,0.10773,330990.0
2025-09-15 10:30:00,0.10774,0.10779,0.10758,0.10768,201868.0
2025-09-15 11:00:00,0.10771,0.10789,0.10756,0.10774,201620.0
2025-09-15 11:30:00,0.10775,0.1079,0.10759,0.10776,42593.0
2025-09-15 12:00:00,0.10776,0.10776,0.10712,0.10716,740104.0
2025-09-15 12:30:00,0.10709,0.10731,0.1068,0.10696,258777.0
2025-09-15 13:00:00,0.10698,0.10716,0.10613,0.10666,1166988.0
2025-09-15 13:30:00,0.1067,0.10703,0.10639,0.10654,352033.0
2025-09-15 14:00:00,0.10657,0.10703,0.10598,0.10698,1479095.0
2025-09-15 14:30:00,0.10696,0.10714,0.10663,0.10663,362360.0
2025-09-15 15:00:00,0.10665,0.10696,0.10632,0.10646,513280.0
2025-09-15 15:30:00,0.10648,0.10652,0.10558,0.10592,720306.0
2025-09-15 16:00:00,0.10597,0.10619,0.10542,0.10565,741381.0
2025-09-15 16:30:00,0.10565,0.10625,0.10544,0.10551,266173.0
2025-09-15 17:00:00,0.10555,0.10595,0.10547,0.10574,134684.0
2025-09-15 17:30:00,0.10573,0.10583,0.10549,0.10577,264036.0
2025-09-15 18:00:00,0.10576,0.10591,0.10568,0.10573,191993.0
2025-09-15 18:30:00,0.10572,0.10593,0.10568,0.10584,96531.0
2025-09-15 19:00:00,0.10584,0.10614,0.1056,0.10562,265564.0
2025-09-15 19:30:00,0.1056,0.10617,0.10553,0.10607,170272.0
2025-09-15 20:00:00,0.10605,0.10633,0.10585,0.1061,308694.0
2025-09-15 20:30:00,0.10611,0.10622,0.10606,0.10617,80206.0
2025-09-15 21:00:00,0.10616,0.10647,0.106,0.1064,120182.0
2025-09-15 21:30:00,0.10641,0.10647,0.10632,0.10641,76386.0
2025-09-15 22:00:00,0.10643,0.1066,0.1064,0.10648,72247.0
2025-09-15 22:30:00,0.10646,0.1065,0.10626,0.10648,147110.0
2025-09-15 23:00:00,0.10647,0.10739,0.1064,0.10713,984296.0
2025-09-15 23:30:00,0.10712,0.10713,0.10694,0.107,212904.0
2025-09-16 00:00:00,0.107,0.107,0.10618,0.10624,305192.0
2025-09-16 00:30:00,0.10623,0.10676,0.10619,0.10664,361183.0
2025-09-16 01:00:00,0.10664,0.10674,0.10639,0.10653,344342.0
2025-09-16 01:30:00,0.10654,0.10677,0.10622,0.10641,799890.0
2025-09-16 02:00:00,0.10641,0.10663,0.10627,0.10645,122412.0
2025-09-16 02:30:00,0.10645,0.10657,0.10613,0.10614,176289.0
2025-09-16 03:00:00,0.10614,0.10639,0.10583,0.10631,474732.0
2025-09-16 03:30:00,0.1063,0.10639,0.10592,0.10592,156445.0
2025-09-16 04:00:00,0.10593,0.10599,0.10499,0.1057,1065084.0
2025-09-16 04:30:00,0.1057,0.10588,0.10546,0.10583,264196.0
2025-09-16 05:00:00,0.10583,0.10623,0.10576,0.10605,297812.0
2025-09-16 05:30:00,0.10607,0.10623,0.10599,0.10622,52227.0
2025-09-16 06:00:00,0.10623,0.10634,0.10599,0.10599,130719.0
2025-09-16 06:30:00,0.10601,0.10621,0.1058,0.10617,143838.0
2025-09-16 07:00:00,0.10617,0.10641,0.10616,0.1064,98723.0
2025-09-16 07:30:00,0.10641,0.1065,0.10627,0.10641,50277.0
2025-09-16 08:00:00,0.10641,0.10681,0.10636,0.1067,231621.0
2025-09-16 08:30:00,0.10672,0.10678,0.10648,0.10676,144373.0
2025-09-16 09:00:00,0.10678,0.10802,0.10671,0.10736,1231369.0
2025-09-16 09:30:00,0.10741,0.10781,0.10708,0.10736,377506.0
2025-09-16 10:00:00,0.10735,0.10746,0.1067,0.10679,421987.0
2025-09-16 10:30:00,0.1068,0.1069,0.10658,0.10659,155221.0
2025-09-16 11:00:00,0.10657,0.10665,0.10642,0.10656,249633.0
2025-09-16 11:30:00,0.10664,0.10675,0.10647,0.10664,115539.0
2025-09-16 12:00:00,0.10664,0.10675,0.10651,0.10673,102779.0
2025-09-16 12:30:00,0.10672,0.10703,0.1066,0.10699,172174.0
2025-09-16 13:00:00,0.10696,0.10744,0.10688,0.10741,155102.0
2025-09-16 13:30:00,0.10743,0.10746,0.10663,0.10732,367558.0
2025-09-16 14:00:00,0.10731,0.10731,0.10636,0.10671,225054.0
2025-09-16 14:30:00,0.10671,0.10716,0.10657,0.10706,269444.0
2025-09-16 15:00:00,0.10705,0.10742,0.10665,0.10721,183348.0
2025-09-16 15:30:00,0.10723,0.10756,0.10714,0.10734,220774.0
2025-09-16 16:00:00,0.10739,0.10752,0.107,0.10726,442611.0
2025-09-16 16:30:00,0.10726,0.10765,0.10723,0.10765,128378.0
2025-09-16 17:00:00,0.1076,0.10819,0.10754,0.10805,393517.0
2025-09-16 17:30:00,0.10805,0.10813,0.10775,0.10797,108061.0
2025-09-16 18:00:00,0.10798,0.10806,0.10778,0.10778,257152.0
2025-09-16 18:30:00,0.10778,0.10778,0.10748,0.10755,201711.0
2025-09-16 19:00:00,0.10762,0.1077,0.1075,0.10757,99568.0
2025-09-16 19:30:00,0.10759,0.10766,0.10732,0.10762,210954.0
2025-09-16 20:00:00,0.10762,0.10775,0.10741,0.10771,254953.0
2025-09-16 20:30:00,0.10771,0.10778,0.10765,0.10773,84296.0
2025-09-16 21:00:00,0.10773,0.10776,0.10752,0.1076,152766.0
2025-09-16 21:30:00,0.10761,0.10771,0.10752,0.10767,78728.0
2025-09-16 22:00:00,0.10767,0.10775,0.10755,0.10764,129557.0
2025-09-16 22:30:00,0.10764,0.10772,0.10751,0.10754,71436.0
2025-09-16 23:00:00,0.10753,0.10762,0.10734,0.10743,108088.0
2025-09-16 23:30:00,0.10741,0.10762,0.1074,0.10748,58544.0
2025-09-17 00:00:00,0.10747,0.10752,0.10688,0.10737,322655.0
2025-09-17 00:30:00,0.10737,0.10738,0.1069,0.10716,150511.0
2025-09-17 01:00:00,0.10716,0.10736,0.10701,0.10726,156403.0
2025-09-17 01:30:00,0.10724,0.10731,0.10703,0.10723,70256.0
2025-09-17 02:00:00,0.10723,0.10729,0.10701,0.10728,75896.0
2025-09-17 02:30:00,0.10728,0.10772,0.10728,0.10735,181543.0
2025-09-17 03:00:00,0.10732,0.10755,0.10725,0.10743,65498.0
2025-09-17 03:30:00,0.10744,0.10745,0.10589,0.10624,1339525.0
2025-09-17 04:00:00,0.10626,0.10654,0.10602,0.10606,416671.0
2025-09-17 04:30:00,0.10606,0.10621,0.1057,0.10595,159774.0
2025-09-17 05:00:00,0.10594,0.10614,0.10588,0.10594,161214.0
2025-09-17 05:30:00,0.10595,0.10653,0.10583,0.10653,122628.0
2025-09-17 06:00:00,0.10648,0.10657,0.10636,0.10644,153398.0
2025-09-17 06:30:00,0.10644,0.10692,0.10644,0.10692,123958.0
2025-09-17 07:00:00,0.10691,0.10707,0.1067,0.10706,203713.0
2025-09-17 07:30:00,0.10709,0.1071,0.10683,0.1069,102257.0
2025-09-17 08:00:00,0.1069,0.1069,0.10619,0.10627,222057.0
2025-09-17 08:30:00,0.10627,0.1063,0.10604,0.10626,81534.0
2025-09-17 09:00:00,0.10625,0.10625,0.10581,0.106,162938.0
2025-09-17 09:30:00,0.106,0.10609,0.10546,0.10565,434884.0
2025-09-17 10:00:00,0.10566,0.10578,0.10522,0.10531,250499.0
2025-09-17 10:30:00,0.10532,0.10545,0.10514,0.10537,103337.0
2025-09-17 11:00:00,0.10537,0.10554,0.10516,0.10554,107108.0
2025-09-17 11:30:00,0.10552,0.10559,0.10543,0.10543,85858.0
2025-09-17 12:00:00,0.10546,0.10563,0.10522,0.10563,131848.0
2025-09-17 12:30:00,0.10562,0.10576,0.10542,0.10545,57801.0
2025-09-17 13:00:00,0.10545,0.10566,0.10534,0.10559,61065.0
2025-09-17 13:30:00,0.10559,0.1056,0.1052,0.10537,107206.0
2025-09-17 14:00:00,0.10535,0.10554,0.10495,0.1051,93907.0
2025-09-17 14:30:00,0.10506,0.10531,0.10492,0.10522,214675.0
2025-09-17 15:00:00,0.10517,0.10534,0.10513,0.10523,119368.0
2025-09-17 15:30:00,0.10519,0.10552,0.10519,0.10544,151139.0
2025-09-17 16:00:00,0.10544,0.10544,0.10478,0.10514,169209.0
2025-09-17 16:30:00,0.10509,0.10559,0.105,0.10549,325623.0
2025-09-17 17:00:00,0.1055,0.1055,0.10517,0.10535,109711.0
2025-09-17 17:30:00,0.10535,0.10689,0.10535,0.10583,1729842.0
2025-09-17 18:00:00,0.10582,0.107,0.10532,0.10648,1550362.0
2025-09-17 18:30:00,0.10656,0.10656,0.10525,0.10566,962446.0
2025-09-17 19:00:00,0.10567,0.10688,0.10567,0.10688,443926.0
2025-09-17 19:30:00,0.10683,0.10756,0.10675,0.1072,612731.0
2025-09-17 20:00:00,0.1072,0.10748,0.107,0.1071,228386.0
2025-09-17 20:30:00,0.1071,0.10757,0.10659,0.10667,506963.0
2025-09-17 21:00:00,0.10667,0.10738,0.10639,0.10719,454132.0
2025-09-17 21:30:00,0.10718,0.10776,0.10718,0.10771,140275.0
2025-09-17 22:00:00,0.10771,0.10908,0.10762,0.10893,859269.0
2025-09-17 22:30:00,0.10887,0.10938,0.10879,0.10907,277790.0
2025-09-17 23:00:00,0.10904,0.10928,0.10871,0.10874,217627.0
2025-09-17 23:30:00,0.10874,0.10897,0.10844,0.10879,295006.0
2025-09-18 00:00:00,0.10879,0.109,0.10855,0.10872,267542.0
2025-09-18 00:30:00,0.10871,0.10897,0.10835,0.10856,243750.0
2025-09-18 01:00:00,0.10852,0.10877,0.10838,0.10874,391745.0
2025-09-18 01:30:00,0.10872,0.10893,0.10866,0.1088,110704.0
2025-09-18 02:00:00,0.10878,0.10888,0.10854,0.10882,194843.0
2025-09-18 02:30:00,0.10882,0.10891,0.10866,0.1089,66367.0
2025-09-18 03:00:00,0.10888,0.10921,0.10883,0.10921,181127.0
2025-09-18 03:30:00,0.10921,0.10925,0.109,0.10907,126438.0
2025-09-18 04:00:00,0.10907,0.10918,0.1088,0.10901,148923.0
2025-09-18 04:30:00,0.10901,0.10906,0.10877,0.10886,202904.0
2025-09-18 05:00:00,0.10886,0.10896,0.10836,0.10842,208957.0
2025-09-18 05:30:00,0.10842,0.10845,0.10805,0.10826,537253.0
2025-09-18 06:00:00,0.1083,0.10841,0.10749,0.10759,798953.0
2025-09-18 06:30:00,0.10762,0.10807,0.10754,0.10787,304529.0
2025-09-18 07:00:00,0.10788,0.10806,0.10769,0.10783,267449.0
2025-09-18 07:30:00,0.10784,0.10811,0.1078,0.10808,134419.0
2025-09-18 08:00:00,0.10807,0.10844,0.10805,0.10843,284732.0
2025-09-18 08:30:00,0.10841,0.10853,0.10808,0.1083,226242.0
2025-09-18 09:00:00,0.10831,0.10843,0.10825,0.10835,123669.0
2025-09-18 09:30:00,0.10834,0.10839,0.1079,0.10829,547386.0
2025-09-18 10:00:00,0.10831,0.1086,0.10783,0.10784,314071.0
2025-09-18 10:30:00,0.10786,0.10807,0.10766,0.10795,346726.0
2025-09-18 11:00:00,0.10791,0.10801,0.10782,0.10787,91779.0
2025-09-18 11:30:00,0.10788,0.10802,0.1078,0.10789,162827.0
2025-09-18 12:00:00,0.1079,0.10816,0.1076,0.10807,221942.0
2025-09-18 12:30:00,0.10805,0.10805,0.10774,0.10789,113061.0
2025-09-18 13:00:00,0.10787,0.10826,0.10785,0.10809,112459.0
2025-09-18 13:30:00,0.10808,0.10829,0.10758,0.1081,204202.0
2025-09-18 14:00:00,0.10815,0.10843,0.10815,0.10834,187454.0
2025-09-18 14:30:00,0.10836,0.10939,0.10814,0.10878,828019.0
2025-09-18 15:00:00,0.10878,0.10892,0.10857,0.10869,389608.0
2025-09-18 15:30:00,0.1087,0.10891,0.1087,0.10887,94898.0
2025-09-18 16:00:00,0.10888,0.10914,0.10878,0.10891,161291.0
2025-09-18 16:30:00,0.10893,0.10927,0.10888,0.1091,94251.0
2025-09-18 17:00:00,0.1091,0.1093,0.109,0.10903,173168.0
2025-09-18 17:30:00,0.109,0.10905,0.10885,0.10892,120053.0
2025-09-18 18:00:00,0.10893,0.10918,0.10886,0.10893,208979.0
2025-09-18 18:30:00,0.10893,0.10898,0.10875,0.10879,236837.0
2025-09-18 19:00:00,0.10879,0.10892,0.10842,0.10846,248393.0
2025-09-18 19:30:00,0.10843,0.1085,0.10815,0.10836,83801.0
2025-09-18 20:00:00,0.1084,0.10864,0.10836,0.10847,92530.0
2025-09-18 20:30:00,0.10849,0.10858,0.10842,0.10858,40483.0
2025-09-18 21:00:00,0.10859,0.10859,0.10821,0.10842,98347.0
2025-09-18 21:30:00,0.10841,0.10841,0.10826,0.10832,56823.0
2025-09-18 22:00:00,0.10833,0.10839,0.10798,0.10828,423902.0
2025-09-18 22:30:00,0.10827,0.10881,0.10798,0.10807,429486.0
2025-09-18 23:00:00,0.10801,0.10814,0.10771,0.10808,210863.0
2025-09-18 23:30:00,0.10811,0.10841,0.10811,0.10831,107751.0
2025-09-19 00:00:00,0.10831,0.10857,0.10811,0.10817,188470.0
2025-09-19 00:30:00,0.10818,0.10953,0.10813,0.10908,1593602.0
2025-09-19 01:00:00,0.10912,0.10928,0.10873,0.1088,321715.0
2025-09-19 01:30:00,0.10882,0.109,0.10869,0.10884,322174.0
2025-09-19 02:00:00,0.10883,0.10894,0.10858,0.10866,286678.0
2025-09-19 02:30:00,0.10868,0.10897,0.10854,0.10871,299698.0
2025-09-19 03:00:00,0.10871,0.10897,0.10862,0.10869,264643.0
2025-09-19 03:30:00,0.10867,0.10867,0.10737,0.10761,957730.0
2025-09-19 04:00:00,0.1076,0.10765,0.10709,0.10758,517363.0
2025-09-19 04:30:00,0.10753,0.10831,0.10735,0.10822,538834.0
2025-09-19 05:00:00,0.10822,0.10828,0.10786,0.10795,189645.0
2025-09-19 05:30:00,0.10795,0.10805,0.10781,0.10798,208867.0
2025-09-19 06:00:00,0.10797,0.10801,0.10768,0.1079,292552.0
2025-09-19 06:30:00,0.1079,0.10792,0.10748,0.10756,131312.0
2025-09-19 07:00:00,0.10758,0.10809,0.10758,0.10806,354180.0
2025-09-19 07:30:00,0.10804,0.1083,0.10794,0.10823,98010.0
2025-09-19 08:00:00,0.10823,0.10858,0.10819,0.10839,257748.0
2025-09-19 08:30:00,0.10839,0.10866,0.1083,0.10848,199330.0
2025-09-19 09:00:00,0.10843,0.10863,0.10804,0.10809,161999.0
2025-09-19 09:30:00,0.10809,0.1081,0.10754,0.10766,225317.0
2025-09-19 10:00:00,0.10766,0.1077,0.10731,0.10749,509480.0
2025-09-19 10:30:00,0.10743,0.10776,0.10741,0.1075,152970.0
2025-09-19 11:00:00,0.10747,0.1075,0.10657,0.10658,429384.0
2025-09-19 11:30:00,0.10655,0.10691,0.1064,0.10656,420258.0
2025-09-19 12:00:00,0.10655,0.10699,0.10649,0.10682,416375.0
2025-09-19 12:30:00,0.10681,0.10741,0.10665,0.10665,809929.0
2025-09-19 13:00:00,0.10665,0.10698,0.10656,0.10682,176123.0
2025-09-19 13:30:00,0.10683,0.10709,0.10657,0.1069,108245.0
2025-09-19 14:00:00,0.10691,0.10708,0.10663,0.10673,127681.0
2025-09-19 14:30:00,0.10673,0.10682,0.10592,0.1061,352366.0
2025-09-19 15:00:00,0.10611,0.1062,0.10511,0.10561,1105171.0
2025-09-19 15:30:00,0.10562,0.10585,0.10542,0.10575,127007.0
2025-09-19 16:00:00,0.10578,0.10645,0.10568,0.10634,429179.0
2025-09-19 16:30:00,0.10636,0.10724,0.10625,0.10663,918187.0
2025-09-19 17:00:00,0.10666,0.10666,0.1062,0.1063,222859.0
2025-09-19 17:30:00,0.10628,0.1063,0.10601,0.10601,116342.0
2025-09-19 18:00:00,0.10599,0.106,0.10546,0.10574,457981.0
2025-09-19 18:30:00,0.10573,0.1059,0.1056,0.10566,86009.0
2025-09-19 19:00:00,0.10568,0.10616,0.10568,0.1061,213118.0
2025-09-19 19:30:00,0.10606,0.10606,0.10576,0.10577,122133.0
2025-09-19 20:00:00,0.10575,0.10618,0.10575,0.1061,71029.0
2025-09-19 20:30:00,0.10611,0.10612,0.10578,0.10581,63194.0
2025-09-19 21:00:00,0.10581,0.10618,0.10574,0.10612,71629.0
2025-09-19 21:30:00,0.1061,0.10624,0.10605,0.1062,33686.0
2025-09-19 22:00:00,0.10623,0.10642,0.10621,0.10636,93616.0
2025-09-19 22:30:00,0.10638,0.10638,0.1062,0.1062,15341.0
2025-09-19 23:00:00,0.10621,0.10623,0.10547,0.10557,228337.0
2025-09-19 23:30:00,0.1055,0.10591,0.10547,0.1059,70406.0
2025-09-20 00:00:00,0.1059,0.10591,0.10542,0.10553,96951.0
2025-09-20 00:30:00,0.10549,0.1059,0.10549,0.10584,82266.0
2025-09-20 01:00:00,0.10584,0.10594,0.1057,0.10593,100369.0
2025-09-20 01:30:00,0.10589,0.10589,0.10548,0.1056,160370.0
2025-09-20 02:00:00,0.10559,0.10559,0.10528,0.10553,268292.0
2025-09-20 02:30:00,0.10553,0.10594,0.10541,0.10585,300275.0
2025-09-20 03:00:00,0.10586,0.10621,0.10579,0.10599,235636.0
2025-09-20 03:30:00,0.10601,0.10643,0.10597,0.10618,245822.0
2025-09-20 04:00:00,0.1062,0.1063,0.10594,0.10605,242889.0
2025-09-20 04:30:00,0.10606,0.10644,0.10606,0.10639,80741.0
2025-09-20 05:00:00,0.10643,0.1065,0.10618,0.10638,159084.0
2025-09-20 05:30:00,0.10639,0.10723,0.10636,0.10698,406528.0
2025-09-20 06:00:00,0.10698,0.10705,0.10665,0.1068,203809.0
2025-09-20 06:30:00,0.1068,0.10704,0.1068,0.107,31009.0
2025-09-20 07:00:00,0.107,0.10704,0.10689,0.10692,55317.0
2025-09-20 07:30:00,0.10691,0.10717,0.10681,0.10715,112848.0
2025-09-20 08:00:00,0.10715,0.10724,0.10694,0.10701,63503.0
2025-09-20 08:30:00,0.10699,0.10707,0.10659,0.10661,80499.0
2025-09-20 09:00:00,0.10662,0.10674,0.10636,0.10637,139616.0
2025-09-20 09:30:00,0.10636,0.10646,0.10607,0.1064,125256.0
2025-09-20 10:00:00,0.10641,0.10664,0.10622,0.10625,264394.0
2025-09-20 10:30:00,0.10624,0.10631,0.10602,0.1061,106239.0
2025-09-20 11:00:00,0.1061,0.10642,0.10597,0.10602,91364.0
2025-09-20 11:30:00,0.10608,0.10659,0.10604,0.1065,101697.0
2025-09-20 12:00:00,0.10649,0.1065,0.10631,0.10637,62474.0
2025-09-20 12:30:00,0.10637,0.1065,0.1063,0.10641,38408.0
2025-09-20 13:00:00,0.10642,0.10664,0.10635,0.10653,81382.0
2025-09-20 13:30:00,0.10649,0.10671,0.10641,0.10652,135431.0
2025-09-20 14:00:00,0.10652,0.10652,0.10619,0.1064,115604.0
2025-09-20 14:30:00,0.10643,0.10757,0.10643,0.10744,280705.0
2025-09-20 15:00:00,0.10743,0.10756,0.10732,0.10739,348747.0
2025-09-20 15:30:00,0.10739,0.10739,0.10699,0.10701,288895.0
2025-09-20 16:00:00,0.10703,0.10762,0.10701,0.10728,193377.0
2025-09-20 16:30:00,0.10727,0.10757,0.10703,0.10714,196838.0
2025-09-20 17:00:00,0.10714,0.10731,0.10683,0.10699,103993.0
2025-09-20 17:30:00,0.107,0.10713,0.10687,0.107,42196.0
2025-09-20 18:00:00,0.10697,0.10697,0.10658,0.10686,111822.0
2025-09-20 18:30:00,0.10685,0.10685,0.10653,0.10667,95798.0
2025-09-20 19:00:00,0.10667,0.10707,0.10662,0.10701,76444.0
2025-09-20 19:30:00,0.10701,0.10701,0.10664,0.10674,101207.0
2025-09-20 20:00:00,0.1067,0.1068,0.10644,0.10671,198859.0
2025-09-20 20:30:00,0.1067,0.10685,0.10663,0.10677,97882.0
2025-09-20 21:00:00,0.10677,0.10689,0.10677,0.10688,28506.0
2025-09-20 21:30:00,0.1069,0.1071,0.10688,0.10705,80796.0
2025-09-20 22:00:00,0.10706,0.10711,0.10693,0.10706,98690.0
2025-09-20 22:30:00,0.10704,0.10709,0.10696,0.10707,26319.0
2025-09-20 23:00:00,0.10707,0.10712,0.10666,0.10676,205934.0
2025-09-20 23:30:00,0.10676,0.1068,0.10663,0.10676,59212.0
2025-09-21 00:00:00,0.10677,0.10686,0.10632,0.1064,368777.0
2025-09-21 00:30:00,0.10641,0.10747,0.10641,0.10717,387854.0
2025-09-21 01:00:00,0.10717,0.10746,0.10694,0.10707,145227.0
2025-09-21 01:30:00,0.10705,0.10707,0.10684,0.10695,49633.0
2025-09-21 02:00:00,0.10695,0.10745,0.10664,0.10704,329520.0
2025-09-21 02:30:00,0.10704,0.10742,0.10697,0.10737,71851.0
2025-09-21 03:00:00,0.10739,0.10739,0.10702,0.10714,85426.0
2025-09-21 03:30:00,0.10714,0.10742,0.10712,0.10734,117017.0
2025-09-21 04:00:00,0.10734,0.10739,0.10697,0.10698,98278.0
2025-09-21 04:30:00,0.10703,0.1072,0.10702,0.10715,80909.0
2025-09-21 05:00:00,0.10719,0.10742,0.10709,0.10724,77463.0
2025-09-21 05:30:00,0.10725,0.1074,0.10714,0.10728,47085.0
2025-09-21 06:00:00,0.10732,0.10759,0.1073,0.10744,287413.0
2025-09-21 06:30:00,0.1074,0.10764,0.10735,0.10754,110898.0
2025-09-21 07:00:00,0.10753,0.1079,0.10719,0.10763,460296.0
2025-09-21 07:30:00,0.10761,0.10761,0.10726,0.10732,96842.0
2025-09-21 08:00:00,0.10734,0.10757,0.10719,0.10726,162477.0
2025-09-21 08:30:00,0.10724,0.10724,0.10691,0.10712,353579.0
2025-09-21 09:00:00,0.10712,0.10716,0.1061,0.1063,399231.0
2025-09-21 09:30:00,0.10622,0.1067,0.10594,0.10666,276989.0
2025-09-21 10:00:00,0.10667,0.10676,0.10643,0.10657,249917.0
2025-09-21 10:30:00,0.10655,0.10666,0.10609,0.10612,168950.0
2025-09-21 11:00:00,0.10613,0.10672,0.10608,0.10655,234913.0
2025-09-21 11:30:00,0.10654,0.10664,0.10635,0.10649,95460.0
2025-09-21 12:00:00,0.10653,0.10697,0.10648,0.10676,178944.0
2025-09-21 12:30:00,0.10677,0.10697,0.10666,0.10675,93678.0
2025-09-21 13:00:00,0.10675,0.10704,0.10666,0.10703,70765.0
2025-09-21 13:30:00,0.10704,0.10726,0.10684,0.107,114431.0
2025-09-21 14:00:00,0.10704,0.1072,0.10694,0.10697,26624.0
2025-09-21 14:30:00,0.10697,0.10722,0.10684,0.10689,116898.0
2025-09-21 15:00:00,0.10687,0.10699,0.10676,0.10678,57440.0
2025-09-21 15:30:00,0.10677,0.10696,0.10666,0.10677,53290.0
2025-09-21 16:00:00,0.10677,0.10717,0.10641,0.10665,411849.0
2025-09-21 16:30:00,0.10663,0.10668,0.10634,0.1066,104896.0
2025-09-21 17:00:00,0.10659,0.10661,0.10614,0.10642,195274.0
2025-09-21 17:30:00,0.10643,0.10681,0.10631,0.10679,67107.0
2025-09-21 18:00:00,0.10681,0.10692,0.10663,0.10663,75614.0
2025-09-21 18:30:00,0.10664,0.10692,0.10664,0.10688,23918.0
2025-09-21 19:00:00,0.1069,0.1069,0.10647,0.10678,231617.0
2025-09-21 19:30:00,0.10679,0.10683,0.10665,0.10679,39492.0
2025-09-21 20:00:00,0.10678,0.10678,0.1062,0.10656,168211.0
2025-09-21 20:30:00,0.10656,0.10751,0.10655,0.10737,741726.0
2025-09-21 21:00:00,0.10737,0.10741,0.10708,0.10724,207907.0
2025-09-21 21:30:00,0.10726,0.10757,0.10719,0.10738,86040.0
2025-09-21 22:00:00,0.1074,0.10761,0.10714,0.10723,180739.0
2025-09-21 22:30:00,0.10727,0.10754,0.1071,0.10747,39224.0
2025-09-21 23:00:00,0.10743,0.10744,0.10672,0.10688,229555.0
2025-09-21 23:30:00,0.1069,0.10694,0.10673,0.10673,44772.0
2025-09-22 00:00:00,0.10673,0.10693,0.10551,0.10577,612791.0
2025-09-22 00:30:00,0.10575,0.10582,0.10416,0.10463,2115327.0
2025-09-22 01:00:00,0.10461,0.10468,0.10412,0.10437,652035.0
2025-09-22 01:30:00,0.10436,0.10497,0.10425,0.10434,372853.0
2025-09-22 02:00:00,0.10434,0.10459,0.10382,0.10412,1080400.0
2025-09-22 02:30:00,0.10412,0.10412,0.10304,0.10366,981726.0
2025-09-22 03:00:00,0.10366,0.10424,0.10365,0.10422,295836.0
2025-09-22 03:30:00,0.10423,0.10436,0.1038,0.10426,215964.0
2025-09-22 04:00:00,0.10425,0.1044,0.10376,0.10426,500842.0
2025-09-22 04:30:00,0.10424,0.10438,0.10409,0.10416,133600.0
2025-09-22 05:00:00,0.10413,0.10418,0.10318,0.10327,842974.0
2025-09-22 05:30:00,0.10323,0.10324,0.10183,0.10183,718265.0
2025-09-22 06:00:00,0.10182,0.10184,0.09446,0.09918,9705427.0
2025-09-22 06:30:00,0.09918,0.09959,0.09886,0.09931,882831.0
2025-09-22 07:00:00,0.09935,0.10068,0.09921,0.10048,1542862.0
2025-09-22 07:30:00,0.10048,0.10093,0.0999,0.09992,1039939.0
2025-09-22 08:00:00,0.09993,0.10038,0.09962,0.1,394987.0
2025-09-22 08:30:00,0.10001,0.10023,0.09985,0.09997,123075.0
2025-09-22 09:00:00,0.09993,0.10004,0.09973,0.09987,325797.0
2025-09-22 09:30:00,0.09988,0.10004,0.09884,0.09908,969855.0
2025-09-22 10:00:00,0.09908,0.09961,0.09891,0.09956,243179.0
2025-09-22 10:30:00,0.09956,0.09979,0.09916,0.09968,248265.0
2025-09-22 11:00:00,0.09968,0.09978,0.09891,0.09901,506036.0
2025-09-22 11:30:00,0.09901,0.09907,0.09883,0.09889,203751.0
2025-09-22 12:00:00,0.09889,0.09899,0.09856,0.09892,450874.0
2025-09-22 12:30:00,0.09892,0.09906,0.09877,0.09886,306432.0
2025-09-22 13:00:00,0.09885,0.09937,0.09881,0.09922,519397.0
2025-09-22 13:30:00,0.09922,0.09959,0.09891,0.09952,215314.0
2025-09-22 14:00:00,0.09956,0.09969,0.09912,0.09962,273305.0
2025-09-22 14:30:00,0.09963,0.09965,0.09894,0.09899,129834.0
2025-09-22 15:00:00,0.09897,0.09912,0.09859,0.09876,350786.0
2025-09-22 15:30:00,0.0988,0.09897,0.09858,0.09886,173386.0
2025-09-22 16:00:00,0.09886,0.09905,0.09876,0.09883,185652.0
2025-09-22 16:30:00,0.09884,0.09892,0.09778,0.09809,1222819.0
2025-09-22 17:00:00,0.0981,0.0984,0.09789,0.0983,292566.0
2025-09-22 17:30:00,0.09827,0.09836,0.09809,0.09816,118977.0
2025-09-22 18:00:00,0.09815,0.09841,0.09811,0.09832,164805.0
2025-09-22 18:30:00,0.09834,0.09877,0.09824,0.09845,553961.0
2025-09-22 19:00:00,0.09841,0.09883,0.09826,0.09868,254522.0
2025-09-22 19:30:00,0.09868,0.09868,0.09826,0.09837,269390.0
2025-09-22 20:00:00,0.09838,0.0986,0.0983,0.09856,109227.0
2025-09-22 20:30:00,0.09857,0.09911,0.09857,0.09909,116322.0
2025-09-22 21:00:00,0.09908,0.09935,0.09896,0.0992,494227.0
2025-09-22 21:30:00,0.09924,0.09968,0.09892,0.09967,886310.0
2025-09-22 22:00:00,0.09963,0.0997,0.09937,0.09937,202786.0
2025-09-22 22:30:00,0.09937,0.09953,0.0993,0.09947,113423.0
2025-09-22 23:00:00,0.0995,0.09976,0.09941,0.09959,115918.0
2025-09-22 23:30:00,0.09958,0.09986,0.0993,0.0996,600536.0
2025-09-23 00:00:00,0.09957,0.10138,0.09956,0.10066,2619968.0
2025-09-23 00:30:00,0.10066,0.10123,0.10034,0.10061,813066.0
2025-09-23 01:00:00,0.10053,0.1007,0.10009,0.10041,817110.0
2025-09-23 01:30:00,0.10042,0.10045,0.09926,0.09934,978321.0
2025-09-23 02:00:00,0.09934,0.09969,0.09853,0.09856,433136.0
2025-09-23 02:30:00,0.0986,0.09866,0.09798,0.09806,479667.0
2025-09-23 03:00:00,0.09802,0.09867,0.09756,0.09867,799822.0
2025-09-23 03:30:00,0.0986,0.09986,0.09858,0.09941,1176002.0
2025-09-23 04:00:00,0.09947,0.09986,0.09917,0.09933,430256.0
2025-09-23 04:30:00,0.09935,0.09982,0.09906,0.0996,234611.0
2025-09-23 05:00:00,0.09961,0.09978,0.09935,0.09975,363305.0
2025-09-23 05:30:00,0.0998,0.10037,0.0998,0.09994,245648.0
2025-09-23 06:00:00,0.09994,0.10067,0.09984,0.10061,569456.0
2025-09-23 06:30:00,0.1006,0.10094,0.10041,0.10093,276821.0
2025-09-23 07:00:00,0.10097,0.10099,0.10024,0.10065,357962.0
2025-09-23 07:30:00,0.10063,0.10104,0.10042,0.1006,537766.0
2025-09-23 08:00:00,0.10063,0.10101,0.10053,0.10089,509844.0
2025-09-23 08:30:00,0.10089,0.1017,0.10074,0.10076,1014556.0
2025-09-23 09:00:00,0.10083,0.10128,0.10074,0.10082,527809.0
2025-09-23 09:30:00,0.10083,0.10093,0.10056,0.10073,184466.0
2025-09-23 10:00:00,0.10074,0.10081,0.10059,0.10068,95366.0
2025-09-23 10:30:00,0.10071,0.10154,0.10068,0.10129,601622.0
2025-09-23 11:00:00,0.10126,0.10127,0.1005,0.10076,363267.0
2025-09-23 11:30:00,0.10075,0.10124,0.10068,0.1011,265697.0
2025-09-23 12:00:00,0.10108,0.10116,0.10065,0.10079,254155.0
2025-09-23 12:30:00,0.10073,0.10131,0.1006,0.10111,306646.0
2025-09-23 13:00:00,0.10107,0.1011,0.10067,0.10087,98197.0
2025-09-23 13:30:00,0.10086,0.10109,0.10022,0.10071,423249.0
2025-09-23 14:00:00,0.10066,0.1013,0.10053,0.10092,242124.0
2025-09-23 14:30:00,0.10095,0.10095,0.10024,0.10048,200160.0
2025-09-23 15:00:00,0.1005,0.10117,0.10025,0.10108,332892.0
2025-09-23 15:30:00,0.10108,0.10141,0.10093,0.10109,142246.0
2025-09-23 16:00:00,0.10112,0.10164,0.10078,0.10157,251526.0
2025-09-23 16:30:00,0.10153,0.10207,0.10107,0.1017,235262.0
2025-09-23 17:00:00,0.10174,0.10174,0.10102,0.10102,148735.0
2025-09-23 17:30:00,0.10095,0.10106,0.10042,0.10069,193728.0
2025-09-23 18:00:00,0.10069,0.10107,0.10061,0.10082,204248.0
2025-09-23 18:30:00,0.10079,0.10094,0.10036,0.10068,136674.0
2025-09-23 19:00:00,0.10068,0.10109,0.10065,0.10077,125085.0
2025-09-23 19:30:00,0.10077,0.10081,0.10036,0.10046,186778.0
2025-09-23 20:00:00,0.10044,0.101,0.10039,0.10052,215215.0
2025-09-23 20:30:00,0.10057,0.10088,0.10034,0.10088,39026.0
2025-09-23 21:00:00,0.10092,0.10111,0.10068,0.10108,99003.0
2025-09-23 21:30:00,0.10111,0.10198,0.10111,0.10172,269536.0
2025-09-23 22:00:00,0.10171,0.10196,0.10161,0.10165,525580.0
2025-09-23 22:30:00,0.10171,0.10187,0.10138,0.10141,119273.0
2025-09-23 23:00:00,0.10137,0.10151,0.10076,0.10076,212576.0
2025-09-23 23:30:00,0.10082,0.10145,0.10082,0.10111,187752.0
2025-09-24 00:00:00,0.10114,0.10167,0.101,0.10162,248549.0
2025-09-24 00:30:00,0.10153,0.10153,0.10113,0.10118,276999.0
2025-09-24 01:00:00,0.10117,0.10149,0.10094,0.10134,258774.0
2025-09-24 01:30:00,0.10133,0.10142,0.10124,0.1013,105202.0
2025-09-24 02:00:00,0.10128,0.10132,0.10052,0.10096,378600.0
2025-09-24 02:30:00,0.10095,0.10118,0.10073,0.10113,250093.0
2025-09-24 03:00:00,0.10116,0.10124,0.09999,0.10019,957339.0
2025-09-24 03:30:00,0.1002,0.1007,0.1002,0.10042,318141.0
2025-09-24 04:00:00,0.10041,0.10045,0.09909,0.10017,1457006.0
2025-09-24 04:30:00,0.1002,0.10083,0.10016,0.10053,247137.0
2025-09-24 05:00:00,0.10045,0.10095,0.10045,0.10086,96982.0
2025-09-24 05:30:00,0.10085,0.10133,0.1007,0.10129,157365.0
2025-09-24 06:00:00,0.10129,0.10151,0.10113,0.10117,81516.0
2025-09-24 06:30:00,0.10116,0.1014,0.10115,0.10122,747319.0
2025-09-24 07:00:00,0.10123,0.10159,0.10085,0.10089,998621.0
2025-09-24 07:30:00,0.10094,0.10113,0.10089,0.10109,153435.0
2025-09-24 08:00:00,0.1011,0.10129,0.10095,0.10104,149705.0
2025-09-24 08:30:00,0.10105,0.1012,0.10103,0.10114,73459.0
2025-09-24 09:00:00,0.10113,0.10126,0.10096,0.10114,203813.0
2025-09-24 09:30:00,0.10114,0.10141,0.10104,0.10124,240807.0
2025-09-24 10:00:00,0.10123,0.10142,0.10098,0.10099,131630.0
2025-09-24 10:30:00,0.10097,0.10139,0.10097,0.10134,97385.0
2025-09-24 11:00:00,0.10134,0.10168,0.10127,0.10136,357095.0
2025-09-24 11:30:00,0.10136,0.10141,0.10108,0.10131,44590.0
2025-09-24 12:00:00,0.1013,0.10156,0.10113,0.10121,246466.0
2025-09-24 12:30:00,0.10124,0.10147,0.10121,0.10136,135548.0
2025-09-24 13:00:00,0.10134,0.10158,0.10131,0.10132,58672.0
2025-09-24 13:30:00,0.10134,0.10162,0.10096,0.10096,361089.0
2025-09-24 14:00:00,0.10093,0.10146,0.10092,0.10141,262220.0
2025-09-24 14:30:00,0.10144,0.10194,0.10137,0.10166,195456.0
2025-09-24 15:00:00,0.10162,0.10168,0.10136,0.10159,172282.0
2025-09-24 15:30:00,0.10157,0.10164,0.10111,0.10117,177523.0
2025-09-24 16:00:00,0.10118,0.10142,0.10104,0.10136,231327.0
2025-09-24 16:30:00,0.10139,0.10146,0.10132,0.10134,38644.0
2025-09-24 17:00:00,0.10135,0.10159,0.1013,0.10138,100128.0
2025-09-24 17:30:00,0.10135,0.1017,0.10135,0.10158,79688.0
2025-09-24 18:00:00,0.10155,0.10155,0.10121,0.10137,101668.0
2025-09-24 18:30:00,0.10137,0.10139,0.10098,0.10107,131056.0
2025-09-24 19:00:00,0.10107,0.1011,0.10053,0.10057,356146.0
2025-09-24 19:30:00,0.10057,0.10089,0.10043,0.10074,105386.0
2025-09-24 20:00:00,0.10075,0.10079,0.10056,0.10065,118438.0
2025-09-24 20:30:00,0.10065,0.10073,0.10026,0.10065,112684.0
2025-09-24 21:00:00,0.10064,0.10065,0.10046,0.10049,65482.0
2025-09-24 21:30:00,0.10049,0.10052,0.10006,0.10016,108943.0
2025-09-24 22:00:00,0.10009,0.10038,0.10002,0.10015,288960.0
2025-09-24 22:30:00,0.10017,0.10041,0.10009,0.10031,187659.0
2025-09-24 23:00:00,0.10032,0.10041,0.10016,0.10033,156655.0
2025-09-24 23:30:00,0.10031,0.10049,0.10019,0.10042,115144.0
2025-09-25 00:00:00,0.1004,0.10084,0.10012,0.10017,411123.0
2025-09-25 00:30:00,0.10018,0.10028,0.09962,0.0998,381454.0
2025-09-25 01:00:00,0.0998,0.0998,0.0994,0.0995,224913.0
2025-09-25 01:30:00,0.09947,0.09955,0.09831,0.09856,1086713.0
2025-09-25 02:00:00,0.09852,0.0989,0.09786,0.09833,1094370.0
2025-09-25 02:30:00,0.09833,0.09925,0.09833,0.09893,1336790.0
2025-09-25 03:00:00,0.09893,0.09939,0.09801,0.09802,998784.0
2025-09-25 03:30:00,0.09803,0.09851,0.09791,0.09828,631735.0
2025-09-25 04:00:00,0.09829,0.09849,0.09713,0.09795,1620906.0
2025-09-25 04:30:00,0.09791,0.09791,0.09705,0.0973,386823.0
2025-09-25 05:00:00,0.09729,0.09819,0.09698,0.0981,411639.0
2025-09-25 05:30:00,0.09809,0.0982,0.09779,0.09788,423301.0
2025-09-25 06:00:00,0.09788,0.09788,0.09696,0.09702,424304.0
2025-09-25 06:30:00,0.09702,0.09731,0.09665,0.0968,330306.0
2025-09-25 07:00:00,0.09681,0.0974,0.09663,0.09731,331518.0
2025-09-25 07:30:00,0.09726,0.09736,0.0968,0.09684,175626.0
2025-09-25 08:00:00,0.09684,0.09729,0.09682,0.09729,199997.0
2025-09-25 08:30:00,0.09726,0.09762,0.09695,0.09728,832075.0
2025-09-25 09:00:00,0.09727,0.09827,0.09716,0.09809,622713.0
2025-09-25 09:30:00,0.09808,0.09828,0.0971,0.09715,764227.0
2025-09-25 10:00:00,0.09712,0.098,0.09706,0.09766,474029.0
2025-09-25 10:30:00,0.09766,0.09775,0.09738,0.09738,304900.0
2025-09-25 11:00:00,0.0974,0.09765,0.09702,0.09726,320263.0
2025-09-25 11:30:00,0.09726,0.09734,0.09695,0.09715,326759.0
2025-09-25 12:00:00,0.09718,0.09755,0.09576,0.09628,838589.0
2025-09-25 12:30:00,0.09629,0.09748,0.09579,0.09706,1439383.0
2025-09-25 13:00:00,0.09703,0.09731,0.09638,0.09706,1046928.0
2025-09-25 13:30:00,0.09702,0.09704,0.09597,0.09638,864628.0
2025-09-25 14:00:00,0.09644,0.09752,0.09644,0.09724,778499.0
2025-09-25 14:30:00,0.09723,0.09754,0.0969,0.09708,486556.0
2025-09-25 15:00:00,0.09708,0.09716,0.09637,0.09646,272952.0
2025-09-25 15:30:00,0.09646,0.09702,0.09646,0.09695,242514.0
2025-09-25 16:00:00,0.09699,0.09704,0.09586,0.0959,618696.0
2025-09-25 16:30:00,0.09587,0.0962,0.09538,0.09554,357911.0
2025-09-25 17:00:00,0.09554,0.09568,0.09403,0.09485,1728945.0
2025-09-25 17:30:00,0.09481,0.09495,0.09253,0.09292,1676948.0
2025-09-25 18:00:00,0.09292,0.09443,0.09255,0.09422,1197406.0
2025-09-25 18:30:00,0.09425,0.09538,0.09403,0.09527,883472.0
2025-09-25 19:00:00,0.0953,0.09588,0.09526,0.0957,457674.0
2025-09-25 19:30:00,0.09572,0.09581,0.09506,0.09523,373100.0
2025-09-25 20:00:00,0.09529,0.09548,0.09482,0.09491,401526.0
2025-09-25 20:30:00,0.09488,0.09488,0.09434,0.09446,287139.0
2025-09-25 21:00:00,0.09448,0.09515,0.09442,0.09452,365451.0
2025-09-25 21:30:00,0.09452,0.09489,0.09416,0.09483,235330.0
2025-09-25 22:00:00,0.09483,0.0952,0.09459,0.09466,253434.0
2025-09-25 22:30:00,0.09466,0.09476,0.09409,0.09446,511992.0
2025-09-25 23:00:00,0.09444,0.0948,0.09427,0.0944,418332.0
2025-09-25 23:30:00,0.09442,0.09444,0.09354,0.09407,642293.0
2025-09-26 00:00:00,0.09412,0.09501,0.09405,0.0949,951640.0
2025-09-26 00:30:00,0.09488,0.09541,0.09396,0.09515,724555.0
2025-09-26 01:00:00,0.09521,0.0957,0.09502,0.09544,639596.0
2025-09-26 01:30:00,0.09543,0.09563,0.09516,0.09533,363086.0
2025-09-26 02:00:00,0.09532,0.09582,0.09512,0.09532,344721.0
2025-09-26 02:30:00,0.09533,0.09587,0.09518,0.09547,200823.0
2025-09-26 03:00:00,0.09547,0.09585,0.09524,0.09549,215840.0
2025-09-26 03:30:00,0.09549,0.09578,0.09542,0.09573,131335.0
2025-09-26 04:00:00,0.09577,0.09589,0.09555,0.09557,165588.0
2025-09-26 04:30:00,0.09555,0.09555,0.09499,0.09513,350332.0
2025-09-26 05:00:00,0.09516,0.09591,0.09514,0.09583,407685.0
2025-09-26 05:30:00,0.09586,0.09586,0.09506,0.09514,336595.0
2025-09-26 06:00:00,0.09518,0.09599,0.09485,0.09568,419079.0
2025-09-26 06:30:00,0.09568,0.09584,0.095,0.09515,442089.0
2025-09-26 07:00:00,0.09516,0.0957,0.09516,0.09547,245173.0
2025-09-26 07:30:00,0.09543,0.09558,0.09491,0.09555,301227.0
2025-09-26 08:00:00,0.09559,0.09617,0.09558,0.09613,410181.0
2025-09-26 08:30:00,0.09611,0.09626,0.09587,0.09587,134309.0
2025-09-26 09:00:00,0.09591,0.09595,0.09519,0.09538,810336.0
2025-09-26 09:30:00,0.09536,0.09537,0.09453,0.09485,309267.0
2025-09-26 10:00:00,0.09485,0.09485,0.09361,0.09381,769209.0
2025-09-26 10:30:00,0.09376,0.09403,0.09365,0.09387,276219.0
2025-09-26 11:00:00,0.09378,0.0941,0.09355,0.09382,674672.0
2025-09-26 11:30:00,0.09388,0.09464,0.09387,0.09424,393842.0
2025-09-26 12:00:00,0.09423,0.09423,0.09335,0.09396,503563.0
2025-09-26 12:30:00,0.09396,0.09506,0.09358,0.0949,1391900.0
2025-09-26 13:00:00,0.09493,0.09493,0.09435,0.09444,550167.0
2025-09-26 13:30:00,0.0945,0.09547,0.09433,0.09517,614616.0
2025-09-26 14:00:00,0.09521,0.09546,0.09431,0.0945,446907.0
2025-09-26 14:30:00,0.09448,0.0945,0.09406,0.09429,884254.0
2025-09-26 15:00:00,0.09429,0.09514,0.09429,0.09492,743776.0
2025-09-26 15:30:00,0.09499,0.09515,0.09479,0.09496,280620.0
2025-09-26 16:00:00,0.09493,0.09546,0.09489,0.09521,647960.0
2025-09-26 16:30:00,0.09521,0.09555,0.09511,0.09549,221177.0
2025-09-26 17:00:00,0.09548,0.09614,0.09547,0.09604,436280.0
2025-09-26 17:30:00,0.09604,0.09606,0.09584,0.09605,376137.0
2025-09-26 18:00:00,0.09604,0.09633,0.09591,0.0962,327776.0
2025-09-26 18:30:00,0.09619,0.09629,0.09595,0.09604,325224.0
2025-09-26 19:00:00,0.09607,0.09608,0.09557,0.0956,225749.0
2025-09-26 19:30:00,0.09561,0.09587,0.09539,0.09582,252513.0
2025-09-26 20:00:00,0.09581,0.09599,0.09569,0.09582,156865.0
2025-09-26 20:30:00,0.09578,0.09586,0.09561,0.09578,64878.0
2025-09-26 21:00:00,0.09572,0.09616,0.09565,0.09614,152104.0
2025-09-26 21:30:00,0.09608,0.09612,0.09589,0.09598,115091.0
2025-09-26 22:00:00,0.09598,0.09624,0.09597,0.09606,243325.0
2025-09-26 22:30:00,0.09607,0.09649,0.09596,0.09648,291965.0
2025-09-26 23:00:00,0.09647,0.09647,0.09623,0.09633,465984.0
2025-09-26 23:30:00,0.09633,0.09647,0.09629,0.0964,149166.0
2025-09-27 00:00:00,0.09642,0.09691,0.09636,0.09652,862052.0
2025-09-27 00:30:00,0.09651,0.09669,0.09638,0.09669,231513.0
2025-09-27 01:00:00,0.09669,0.09669,0.09635,0.09648,235266.0
2025-09-27 01:30:00,0.09649,0.09672,0.09632,0.09669,259264.0
2025-09-27 02:00:00,0.0967,0.09694,0.09645,0.09654,326976.0
2025-09-27 02:30:00,0.09652,0.09696,0.09644,0.09644,710329.0
2025-09-27 03:00:00,0.09645,0.09667,0.09641,0.09663,151669.0
2025-09-27 03:30:00,0.09662,0.09677,0.0966,0.09664,131315.0
2025-09-27 04:00:00,0.09664,0.09666,0.09645,0.09659,102162.0
2025-09-27 04:30:00,0.09659,0.09663,0.09641,0.09645,49806.0
2025-09-27 05:00:00,0.09644,0.09645,0.09629,0.09643,65460.0
2025-09-27 05:30:00,0.09643,0.09674,0.09643,0.09662,56095.0
2025-09-27 06:00:00,0.09662,0.09665,0.09653,0.09659,60353.0
2025-09-27 06:30:00,0.09657,0.09666,0.09657,0.09661,30315.0
2025-09-27 07:00:00,0.09662,0.09667,0.0965,0.09652,109191.0
2025-09-27 07:30:00,0.09651,0.09651,0.09622,0.09624,96040.0
2025-09-27 08:00:00,0.09625,0.09625,0.09575,0.09593,362699.0
2025-09-27 08:30:00,0.09592,0.09596,0.0956,0.09561,210777.0
2025-09-27 09:00:00,0.0956,0.09564,0.09537,0.09559,259092.0
2025-09-27 09:30:00,0.09561,0.09627,0.09561,0.09618,417085.0
2025-09-27 10:00:00,0.09619,0.09623,0.09599,0.09599,114028.0
2025-09-27 10:30:00,0.096,0.09685,0.09598,0.09674,499769.0
2025-09-27 11:00:00,0.09675,0.09675,0.09605,0.09619,675326.0
2025-09-27 11:30:00,0.09618,0.09618,0.096,0.09607,158320.0
2025-09-27 12:00:00,0.09608,0.0962,0.0955,0.09559,425658.0
2025-09-27 12:30:00,0.09559,0.09623,0.09538,0.09617,409418.0
2025-09-27 13:00:00,0.09615,0.09625,0.09598,0.09604,88511.0
2025-09-27 13:30:00,0.09603,0.09612,0.09599,0.09601,67733.0
2025-09-27 14:00:00,0.09602,0.09627,0.09599,0.0961,426073.0
2025-09-27 14:30:00,0.0961,0.09614,0.09591,0.09611,196987.0
2025-09-27 15:00:00,0.0961,0.09612,0.09557,0.096,343473.0
2025-09-27 15:30:00,0.09601,0.09708,0.09598,0.09625,2999987.0
2025-09-27 16:00:00,0.09625,0.09656,0.09618,0.09629,305780.0
2025-09-27 16:30:00,0.09626,0.09626,0.09593,0.09606,135436.0
2025-09-27 17:00:00,0.09605,0.09605,0.09528,0.09536,332610.0
2025-09-27 17:30:00,0.0954,0.09569,0.09539,0.09569,110952.0
2025-09-27 18:00:00,0.09568,0.09568,0.09547,0.09551,47050.0
2025-09-27 18:30:00,0.09552,0.09558,0.09537,0.09558,97561.0
2025-09-27 19:00:00,0.09558,0.09575,0.09544,0.09573,131502.0
2025-09-27 19:30:00,0.09575,0.09575,0.09558,0.09573,32542.0
2025-09-27 20:00:00,0.09573,0.09585,0.09562,0.09576,145906.0
2025-09-27 20:30:00,0.09575,0.09583,0.09573,0.09575,138880.0
2025-09-27 21:00:00,0.09576,0.09585,0.09568,0.09582,140681.0
2025-09-27 21:30:00,0.09579,0.09594,0.09579,0.09584,85672.0
2025-09-27 22:00:00,0.09586,0.09649,0.09585,0.09649,199133.0
2025-09-27 22:30:00,0.09648,0.09653,0.09606,0.09608,183365.0
2025-09-27 23:00:00,0.09606,0.09627,0.09585,0.09593,312206.0
2025-09-27 23:30:00,0.09593,0.09603,0.09586,0.09591,169663.0
2025-09-28 00:00:00,0.09592,0.09597,0.09491,0.09519,729903.0
2025-09-28 00:30:00,0.09526,0.09544,0.09493,0.09514,574033.0
2025-09-28 01:00:00,0.09514,0.09524,0.09478,0.0949,316106.0
2025-09-28 01:30:00,0.09488,0.09488,0.09441,0.09463,198109.0
2025-09-28 02:00:00,0.09461,0.09479,0.09452,0.0947,171836.0
2025-09-28 02:30:00,0.09471,0.09501,0.09451,0.09464,150171.0
2025-09-28 03:00:00,0.09465,0.09481,0.09449,0.09459,264276.0
2025-09-28 03:30:00,0.09467,0.09481,0.09455,0.09474,400596.0
2025-09-28 04:00:00,0.09474,0.09478,0.09461,0.09461,108620.0
2025-09-28 04:30:00,0.0946,0.09481,0.09457,0.09462,308733.0
2025-09-28 05:00:00,0.09463,0.09486,0.0945,0.09474,303167.0
2025-09-28 05:30:00,0.09471,0.09479,0.0945,0.09461,116049.0
2025-09-28 06:00:00,0.09459,0.09464,0.09424,0.09426,107446.0
2025-09-28 06:30:00,0.09425,0.09451,0.09422,0.09435,225868.0
2025-09-28 07:00:00,0.09435,0.09463,0.0942,0.09457,250978.0
2025-09-28 07:30:00,0.09455,0.09464,0.09448,0.09453,72440.0
2025-09-28 08:00:00,0.09453,0.09458,0.09425,0.09426,82297.0
2025-09-28 08:30:00,0.09426,0.09442,0.09416,0.09427,201835.0
2025-09-28 09:00:00,0.09423,0.09428,0.09392,0.09405,311880.0
2025-09-28 09:30:00,0.09406,0.09438,0.09402,0.09417,150105.0
2025-09-28 10:00:00,0.09412,0.09412,0.09369,0.09393,284662.0
2025-09-28 10:30:00,0.09394,0.09421,0.09393,0.09412,63750.0
2025-09-28 11:00:00,0.09413,0.09415,0.09388,0.09392,158712.0
2025-09-28 11:30:00,0.09393,0.09409,0.09365,0.09383,229694.0
2025-09-28 12:00:00,0.0938,0.09395,0.09349,0.09382,262098.0
2025-09-28 12:30:00,0.09379,0.09392,0.09353,0.09383,136511.0
2025-09-28 13:00:00,0.09383,0.09444,0.0938,0.09439,441482.0
2025-09-28 13:30:00,0.09437,0.09485,0.09424,0.09467,432215.0
2025-09-28 14:00:00,0.09473,0.09484,0.0945,0.09477,184427.0
2025-09-28 14:30:00,0.09477,0.09484,0.09467,0.09483,85458.0
2025-09-28 15:00:00,0.09484,0.09559,0.09469,0.09479,1129436.0
2025-09-28 15:30:00,0.09479,0.0949,0.09471,0.09489,122254.0
2025-09-28 16:00:00,0.09488,0.09558,0.09483,0.09513,234956.0
2025-09-28 16:30:00,0.09513,0.09525,0.09488,0.09525,44427.0
2025-09-28 17:00:00,0.09528,0.09543,0.09503,0.09521,117090.0
2025-09-28 17:30:00,0.09527,0.09547,0.09522,0.0953,86284.0
2025-09-28 18:00:00,0.09533,0.09555,0.09528,0.09529,40552.0
2025-09-28 18:30:00,0.09529,0.09553,0.09528,0.09545,39693.0
2025-09-28 19:00:00,0.09546,0.09558,0.09526,0.09532,144259.0
2025-09-28 19:30:00,0.09531,0.09537,0.09515,0.09523,134892.0
2025-09-28 20:00:00,0.09527,0.09572,0.09527,0.09567,157448.0
2025-09-28 20:30:00,0.09567,0.09613,0.09566,0.09583,307399.0
2025-09-28 21:00:00,0.09585,0.09603,0.09577,0.09599,157786.0
2025-09-28 21:30:00,0.09597,0.09597,0.09581,0.09583,32268.0
2025-09-28 22:00:00,0.09584,0.09681,0.09584,0.09665,809149.0
2025-09-28 22:30:00,0.09663,0.09698,0.09663,0.0969,160239.0
2025-09-28 23:00:00,0.0969,0.097,0.0968,0.09693,146640.0
2025-09-28 23:30:00,0.09692,0.09711,0.09681,0.09707,173153.0
2025-09-29 00:00:00,0.09707,0.09735,0.0969,0.09721,502539.0
2025-09-29 00:30:00,0.0972,0.0972,0.09678,0.09688,221815.0
2025-09-29 01:00:00,0.09688,0.09693,0.09606,0.09643,953161.0
2025-09-29 01:30:00,0.09644,0.09683,0.09644,0.09664,825097.0
2025-09-29 02:00:00,0.09665,0.09691,0.09628,0.09683,962058.0
2025-09-29 02:30:00,0.09681,0.09688,0.09649,0.09662,346653.0
2025-09-29 03:00:00,0.09666,0.09674,0.09652,0.09674,105035.0
2025-09-29 03:30:00,0.09673,0.09673,0.09649,0.0967,142041.0
2025-09-29 04:00:00,0.09671,0.0968,0.09645,0.09648,108357.0
2025-09-29 04:30:00,0.09647,0.09675,0.09646,0.09667,64443.0
2025-09-29 05:00:00,0.09668,0.0967,0.09608,0.09634,650540.0
2025-09-29 05:30:00,0.09634,0.09648,0.0962,0.09641,382290.0
2025-09-29 06:00:00,0.09642,0.09645,0.09606,0.09628,833968.0
2025-09-29 06:30:00,0.09628,0.09644,0.09621,0.09624,60388.0
2025-09-29 07:00:00,0.09623,0.09631,0.09597,0.09621,151000.0
2025-09-29 07:30:00,0.09622,0.09646,0.09606,0.09637,550301.0
2025-09-29 08:00:00,0.09637,0.09655,0.09631,0.09647,228569.0
2025-09-29 08:30:00,0.09647,0.09657,0.0962,0.09628,369642.0
2025-09-29 09:00:00,0.09622,0.09638,0.0961,0.0963,545223.0
2025-09-29 09:30:00,0.09629,0.09635,0.09615,0.0963,68855.0
2025-09-29 10:00:00,0.09628,0.09636,0.09611,0.09633,331663.0
2025-09-29 10:30:00,0.09633,0.09633,0.0957,0.0957,226682.0
2025-09-29 11:00:00,0.09572,0.09572,0.0953,0.09548,309071.0
2025-09-29 11:30:00,0.09549,0.09558,0.09543,0.09545,103956.0
2025-09-29 12:00:00,0.09546,0.09546,0.09488,0.09522,694157.0
2025-09-29 12:30:00,0.09525,0.09539,0.09436,0.09448,274051.0
2025-09-29 13:00:00,0.09447,0.09449,0.09411,0.09415,491454.0
2025-09-29 13:30:00,0.09415,0.09526,0.09407,0.095,681085.0
2025-09-29 14:00:00,0.09498,0.09619,0.09493,0.0958,1120251.0
2025-09-29 14:30:00,0.09585,0.09628,0.09579,0.09589,515697.0
2025-09-29 15:00:00,0.09591,0.09603,0.09504,0.09515,625797.0
2025-09-29 15:30:00,0.09516,0.09522,0.09482,0.09496,325941.0
2025-09-29 16:00:00,0.09495,0.09528,0.09486,0.09491,227811.0
2025-09-29 16:30:00,0.09492,0.09515,0.0942,0.09429,163253.0
2025-09-29 17:00:00,0.09427,0.0944,0.09379,0.09406,457149.0
2025-09-29 17:30:00,0.09406,0.09443,0.09389,0.09439,118293.0
2025-09-29 18:00:00,0.09436,0.09439,0.0941,0.09438,233257.0
2025-09-29 18:30:00,0.09436,0.09447,0.09427,0.09439,71142.0
2025-09-29 19:00:00,0.0944,0.09476,0.09421,0.09463,257101.0
2025-09-29 19:30:00,0.09459,0.09523,0.09444,0.09523,306133.0
2025-09-29 20:00:00,0.09522,0.09558,0.09515,0.09547,222137.0
2025-09-29 20:30:00,0.09546,0.0958,0.09542,0.09567,623027.0
2025-09-29 21:00:00,0.09568,0.09573,0.09549,0.09559,264023.0
2025-09-29 21:30:00,0.09555,0.09559,0.09536,0.09542,108602.0
2025-09-29 22:00:00,0.09546,0.09552,0.09528,0.09528,92757.0
2025-09-29 22:30:00,0.09529,0.09536,0.09503,0.09519,273179.0
2025-09-29 23:00:00,0.09524,0.09528,0.09487,0.09499,256563.0
2025-09-29 23:30:00,0.095,0.09514,0.09498,0.09511,203448.0
2025-09-30 00:00:00,0.09511,0.09533,0.09461,0.0947,882746.0
2025-09-30 00:30:00,0.09464,0.09505,0.09393,0.09396,1011123.0
2025-09-30 01:00:00,0.09399,0.09439,0.09383,0.09409,338284.0
2025-09-30 01:30:00,0.094,0.094,0.0935,0.09395,433059.0
2025-09-30 02:00:00,0.09397,0.09407,0.09386,0.09393,112326.0
2025-09-30 02:30:00,0.09389,0.094,0.09365,0.09375,292578.0
2025-09-30 03:00:00,0.09376,0.09461,0.09363,0.09431,1293368.0
2025-09-30 03:30:00,0.09431,0.09459,0.09431,0.09443,903118.0
2025-09-30 04:00:00,0.09442,0.09544,0.0944,0.09535,1387673.0
2025-09-30 04:30:00,0.09541,0.09592,0.09502,0.09586,1906562.0
2025-09-30 05:00:00,0.09586,0.09599,0.09471,0.09518,1149499.0
2025-09-30 05:30:00,0.09514,0.09615,0.09488,0.09611,916951.0
2025-09-30 06:00:00,0.09604,0.09604,0.09531,0.09563,572101.0
2025-09-30 06:30:00,0.09565,0.09618,0.09544,0.09544,708978.0
2025-09-30 07:00:00,0.0955,0.09613,0.09484,0.09557,1465455.0
2025-09-30 07:30:00,0.09557,0.09604,0.09522,0.09558,506728.0
2025-09-30 08:00:00,0.09561,0.09577,0.09478,0.09482,642927.0
2025-09-30 08:30:00,0.09476,0.09486,0.09457,0.09463,612563.0
2025-09-30 09:00:00,0.09464,0.09483,0.09436,0.09483,499474.0
2025-09-30 09:30:00,0.09483,0.0953,0.09429,0.09441,1382653.0
2025-09-30 10:00:00,0.09449,0.09492,0.09429,0.09459,459636.0
2025-09-30 10:30:00,0.09458,0.09476,0.09448,0.09462,248521.0
2025-09-30 11:00:00,0.09461,0.09488,0.09435,0.09475,322357.0
2025-09-30 11:30:00,0.09474,0.09514,0.09466,0.09511,208074.0
2025-09-30 12:00:00,0.09509,0.09521,0.09479,0.09516,383498.0
2025-09-30 12:30:00,0.09513,0.09526,0.09461,0.09461,437206.0
2025-09-30 13:00:00,0.09465,0.09482,0.09428,0.09466,250301.0
2025-09-30 13:30:00,0.09462,0.0953,0.09433,0.09447,551951.0
2025-09-30 14:00:00,0.0945,0.09468,0.09395,0.09406,632300.0
2025-09-30 14:30:00,0.09408,0.09435,0.09375,0.09435,286226.0
2025-09-30 15:00:00,0.09432,0.09434,0.09325,0.09338,626709.0
2025-09-30 15:30:00,0.09345,0.0937,0.09328,0.09347,215315.0
2025-09-30 16:00:00,0.09347,0.09365,0.09321,0.09344,211518.0
2025-09-30 16:30:00,0.09345,0.09363,0.09314,0.09337,224577.0
2025-09-30 17:00:00,0.09337,0.09372,0.09336,0.09371,162432.0
2025-09-30 17:30:00,0.09373,0.09406,0.09359,0.09371,243579.0
2025-09-30 18:00:00,0.09372,0.09394,0.09346,0.09389,152042.0
2025-09-30 18:30:00,0.09387,0.09411,0.09372,0.09402,179979.0
2025-09-30 19:00:00,0.09402,0.09416,0.09394,0.09413,220606.0
2025-09-30 19:30:00,0.09413,0.09515,0.09411,0.09506,529716.0
2025-09-30 20:00:00,0.09506,0.09518,0.09493,0.09507,355672.0
2025-09-30 20:30:00,0.09508,0.09536,0.09506,0.09533,89229.0
2025-09-30 21:00:00,0.09533,0.09545,0.09518,0.09522,402519.0
2025-09-30 21:30:00,0.09517,0.09556,0.09511,0.09519,394602.0
2025-09-30 22:00:00,0.09516,0.09548,0.09516,0.09516,199425.0
2025-09-30 22:30:00,0.09518,0.0952,0.09474,0.09482,239974.0
2025-09-30 23:00:00,0.09477,0.09493,0.09449,0.09482,238066.0
2025-09-30 23:30:00,0.09482,0.09527,0.09482,0.09525,171804.0
2025-10-01 00:00:00,0.09526,0.09541,0.09485,0.09488,257480.0
2025-10-01 00:30:00,0.09489,0.09493,0.09448,0.0949,254684.0
2025-10-01 01:00:00,0.09489,0.09524,0.09472,0.09516,265922.0
2025-10-01 01:30:00,0.09516,0.09543,0.09498,0.09537,224169.0
2025-10-01 02:00:00,0.09538,0.09551,0.09526,0.09535,199561.0
2025-10-01 02:30:00,0.09534,0.09534,0.09509,0.09515,109163.0
2025-10-01 03:00:00,0.09514,0.09545,0.09504,0.09543,300058.0
2025-10-01 03:30:00,0.09536,0.09566,0.09456,0.09472,437337.0
2025-10-01 04:00:00,0.0947,0.09519,0.09456,0.09517,639951.0
2025-10-01 04:30:00,0.09514,0.09529,0.0948,0.09486,395643.0
2025-10-01 05:00:00,0.09482,0.09518,0.09475,0.09497,257958.0
2025-10-01 05:30:00,0.09499,0.09536,0.09493,0.09526,178633.0
2025-10-01 06:00:00,0.09525,0.09542,0.09483,0.09505,359818.0
2025-10-01 06:30:00,0.09505,0.09518,0.09454,0.09463,163241.0
2025-10-01 07:00:00,0.09461,0.09507,0.09456,0.09496,465960.0
2025-10-01 07:30:00,0.09499,0.09531,0.09495,0.09511,364340.0
2025-10-01 08:00:00,0.09511,0.09557,0.09501,0.09547,484621.0
2025-10-01 08:30:00,0.09555,0.09764,0.0955,0.09733,2006433.0
2025-10-01 09:00:00,0.09735,0.09793,0.09735,0.09776,707350.0
2025-10-01 09:30:00,0.09776,0.0981,0.09763,0.09779,337830.0
2025-10-01 10:00:00,0.09778,0.09791,0.09703,0.09761,836102.0
2025-10-01 10:30:00,0.09754,0.09754,0.09718,0.09737,129341.0
2025-10-01 11:00:00,0.0973,0.09746,0.0973,0.09737,104405.0
2025-10-01 11:30:00,0.09737,0.09747,0.09719,0.09744,104403.0
2025-10-01 12:00:00,0.09744,0.09773,0.09722,0.0973,560104.0
2025-10-01 12:30:00,0.09734,0.09742,0.09691,0.09699,147272.0
2025-10-01 13:00:00,0.09705,0.09771,0.09705,0.09745,300739.0
2025-10-01 13:30:00,0.09744,0.09758,0.09689,0.0972,751278.0
2025-10-01 14:00:00,0.0972,0.09758,0.09701,0.09747,562879.0
2025-10-01 14:30:00,0.09747,0.09764,0.09714,0.09719,369181.0
2025-10-01 15:00:00,0.09723,0.09797,0.09714,0.09777,479031.0
2025-10-01 15:30:00,0.09782,0.09843,0.0977,0.09823,889167.0
2025-10-01 16:00:00,0.09823,0.09837,0.09793,0.09827,823212.0
2025-10-01 16:30:00,0.09824,0.09826,0.09786,0.09799,184705.0
2025-10-01 17:00:00,0.09797,0.09842,0.09789,0.09827,407162.0
2025-10-01 17:30:00,0.09825,0.09846,0.098,0.09818,191948.0
2025-10-01 18:00:00,0.0982,0.09893,0.09817,0.0989,393153.0
2025-10-01 18:30:00,0.09888,0.09921,0.09886,0.09909,197726.0
2025-10-01 19:00:00,0.0991,0.09925,0.09897,0.09906,195086.0
2025-10-01 19:30:00,0.0991,0.09914,0.09893,0.0991,96190.0
2025-10-01 20:00:00,0.09909,0.09915,0.09857,0.09888,310622.0
2025-10-01 20:30:00,0.09888,0.09894,0.09886,0.09889,35264.0
2025-10-01 21:00:00,0.09889,0.09892,0.09866,0.0987,160088.0
2025-10-01 21:30:00,0.09873,0.09882,0.09868,0.09869,60302.0
2025-10-01 22:00:00,0.09875,0.09918,0.09875,0.099,153288.0
2025-10-01 22:30:00,0.099,0.09954,0.09869,0.09917,395447.0
2025-10-01 23:00:00,0.09924,0.09928,0.09896,0.0991,304445.0
2025-10-01 23:30:00,0.09907,0.0997,0.09907,0.09961,333762.0
2025-10-02 00:00:00,0.09967,0.09987,0.09914,0.09914,575299.0
2025-10-02 00:30:00,0.09919,0.09928,0.09855,0.09884,531868.0
2025-10-02 01:00:00,0.09884,0.09953,0.09884,0.09923,750975.0
2025-10-02 01:30:00,0.09923,0.09986,0.09919,0.09984,277661.0
2025-10-02 02:00:00,0.0998,0.10014,0.09971,0.09982,369069.0
2025-10-02 02:30:00,0.09983,0.10016,0.09972,0.09999,419197.0
2025-10-02 03:00:00,0.10007,0.10027,0.09945,0.09952,612412.0
2025-10-02 03:30:00,0.09957,0.09987,0.09953,0.09968,521464.0
2025-10-02 04:00:00,0.09969,0.10021,0.09959,0.10011,279738.0
2025-10-02 04:30:00,0.10006,0.10013,0.09967,0.1001,352522.0
2025-10-02 05:00:00,0.10012,0.10054,0.10002,0.10041,337008.0
2025-10-02 05:30:00,0.10037,0.10052,0.10011,0.10024,130300.0
2025-10-02 06:00:00,0.10019,0.10052,0.10018,0.10049,301082.0
2025-10-02 06:30:00,0.10044,0.1012,0.10039,0.10098,814735.0
2025-10-02 07:00:00,0.10096,0.10124,0.10041,0.10092,592417.0
2025-10-02 07:30:00,0.1009,0.10092,0.10069,0.10082,285246.0
2025-10-02 08:00:00,0.10081,0.10102,0.10071,0.10093,564630.0
2025-10-02 08:30:00,0.101,0.10111,0.10071,0.10078,161529.0
2025-10-02 09:00:00,0.10076,0.10091,0.10053,0.1008,150853.0
2025-10-02 09:30:00,0.10081,0.10095,0.10062,0.10084,283316.0
2025-10-02 10:00:00,0.10081,0.10104,0.10075,0.10083,158725.0
2025-10-02 10:30:00,0.10081,0.10123,0.10074,0.10116,148974.0
2025-10-02 11:00:00,0.10112,0.10123,0.10092,0.10118,76175.0
2025-10-02 11:30:00,0.10117,0.10157,0.10116,0.10122,122155.0
2025-10-02 12:00:00,0.10117,0.10154,0.10113,0.10149,118754.0
2025-10-02 12:30:00,0.10148,0.10158,0.10124,0.10152,84116.0
2025-10-02 13:00:00,0.10152,0.10168,0.10068,0.10118,318251.0
2025-10-02 13:30:00,0.10118,0.10144,0.10071,0.10136,261999.0
2025-10-02 14:00:00,0.10132,0.10135,0.10049,0.10087,434775.0
2025-10-02 14:30:00,0.1009,0.10103,0.09959,0.09999,784043.0
2025-10-02 15:00:00,0.10005,0.10048,0.09974,0.10045,404090.0
2025-10-02 15:30:00,0.10045,0.10091,0.10019,0.10082,306327.0
2025-10-02 16:00:00,0.10087,0.10328,0.1008,0.10257,2466268.0
2025-10-02 16:30:00,0.10257,0.10257,0.10157,0.10161,738574.0
2025-10-02 17:00:00,0.10161,0.10232,0.10147,0.10232,470337.0
2025-10-02 17:30:00,0.10231,0.10257,0.10217,0.10217,162590.0
2025-10-02 18:00:00,0.10218,0.10528,0.10212,0.10344,2782839.0
2025-10-02 18:30:00,0.10345,0.10355,0.10271,0.1028,707012.0
2025-10-02 19:00:00,0.10278,0.10312,0.10233,0.1026,529033.0
2025-10-02 19:30:00,0.10261,0.10276,0.10242,0.10244,196624.0
2025-10-02 20:00:00,0.10247,0.1028,0.10237,0.10266,248181.0
2025-10-02 20:30:00,0.10268,0.10269,0.10236,0.10255,120596.0
2025-10-02 21:00:00,0.10255,0.10295,0.10252,0.10252,143906.0
2025-10-02 21:30:00,0.10256,0.10272,0.10246,0.10246,109417.0
2025-10-02 22:00:00,0.10246,0.10287,0.1021,0.10224,257753.0
2025-10-02 22:30:00,0.10224,0.10243,0.10223,0.10228,155887.0
2025-10-02 23:00:00,0.10231,0.10271,0.10228,0.10241,281855.0
2025-10-02 23:30:00,0.10251,0.10258,0.10207,0.10242,213845.0
2025-10-03 00:00:00,0.10245,0.10245,0.10183,0.10201,528770.0
2025-10-03 00:30:00,0.10201,0.10202,0.10105,0.10141,747657.0
2025-10-03 01:00:00,0.10148,0.10182,0.10116,0.10116,327334.0
2025-10-03 01:30:00,0.10127,0.10157,0.10116,0.10144,374387.0
2025-10-03 02:00:00,0.10137,0.10165,0.10087,0.10126,1020282.0
2025-10-03 02:30:00,0.10126,0.10161,0.10099,0.10135,349092.0
2025-10-03 03:00:00,0.10138,0.10214,0.10134,0.10189,618536.0
2025-10-03 03:30:00,0.10184,0.1019,0.10101,0.10108,236471.0
2025-10-03 04:00:00,0.10108,0.1017,0.10107,0.10158,313149.0
2025-10-03 04:30:00,0.10154,0.10154,0.10114,0.10137,128935.0
2025-10-03 05:00:00,0.10137,0.10174,0.10123,0.10129,193632.0
2025-10-03 05:30:00,0.10129,0.1015,0.10108,0.10148,196739.0
2025-10-03 06:00:00,0.10147,0.10166,0.10134,0.10159,156201.0
2025-10-03 06:30:00,0.10163,0.10172,0.10094,0.10139,299560.0
2025-10-03 07:00:00,0.10134,0.10139,0.10096,0.10107,252227.0
2025-10-03 07:30:00,0.101,0.10104,0.10062,0.10104,442977.0
2025-10-03 08:00:00,0.101,0.10108,0.10051,0.10086,239331.0
2025-10-03 08:30:00,0.10086,0.10122,0.10086,0.10121,118084.0
2025-10-03 09:00:00,0.10117,0.10135,0.10093,0.10132,314944.0
2025-10-03 09:30:00,0.10132,0.10133,0.10095,0.10123,72043.0
2025-10-03 10:00:00,0.10123,0.10129,0.10094,0.10107,108103.0
2025-10-03 10:30:00,0.10102,0.10122,0.10096,0.10103,48181.0
2025-10-03 11:00:00,0.10103,0.10108,0.10065,0.10094,209917.0
2025-10-03 11:30:00,0.10096,0.10103,0.10083,0.10083,83527.0
2025-10-03 12:00:00,0.10081,0.10124,0.10081,0.10088,177860.0
2025-10-03 12:30:00,0.10091,0.10133,0.10091,0.10122,202090.0
2025-10-03 13:00:00,0.10112,0.10134,0.10062,0.10134,420643.0
2025-10-03 13:30:00,0.1013,0.10167,0.10111,0.10116,457149.0
2025-10-03 14:00:00,0.10114,0.10126,0.10055,0.10123,427001.0
2025-10-03 14:30:00,0.10123,0.10169,0.10106,0.10162,136275.0
2025-10-03 15:00:00,0.10152,0.10188,0.10098,0.1015,366669.0
2025-10-03 15:30:00,0.10143,0.10224,0.10143,0.10221,469507.0
2025-10-03 16:00:00,0.10221,0.1031,0.1021,0.10304,1048187.0
2025-10-03 16:30:00,0.10297,0.1037,0.10269,0.10272,805491.0
2025-10-03 17:00:00,0.10271,0.10275,0.1014,0.10209,1816435.0
2025-10-03 17:30:00,0.10209,0.10253,0.10145,0.10163,402804.0
2025-10-03 18:00:00,0.10159,0.10242,0.10128,0.10242,585718.0
2025-10-03 18:30:00,0.10242,0.1026,0.10216,0.10254,192641.0
2025-10-03 19:00:00,0.10251,0.10297,0.10243,0.10294,436943.0
2025-10-03 19:30:00,0.10288,0.10302,0.10267,0.10268,79933.0
2025-10-03 20:00:00,0.10268,0.10271,0.10221,0.10249,281985.0
2025-10-03 20:30:00,0.10252,0.1028,0.10251,0.10264,40820.0
2025-10-03 21:00:00,0.10265,0.10286,0.10262,0.10275,242455.0
2025-10-03 21:30:00,0.10271,0.10286,0.10267,0.10281,132585.0
2025-10-03 22:00:00,0.10275,0.10285,0.1027,0.10276,93362.0
2025-10-03 22:30:00,0.10276,0.10297,0.10275,0.10287,105732.0
2025-10-03 23:00:00,0.10283,0.10283,0.10242,0.10245,127426.0
2025-10-03 23:30:00,0.10245,0.10272,0.10239,0.10243,36947.0
2025-10-04 00:00:00,0.10246,0.10274,0.10224,0.10234,313730.0
2025-10-04 00:30:00,0.10227,0.10241,0.10212,0.1023,251556.0
2025-10-04 01:00:00,0.10235,0.10235,0.10175,0.10178,170921.0
2025-10-04 01:30:00,0.1018,0.10194,0.10152,0.1017,225707.0
2025-10-04 02:00:00,0.10167,0.10195,0.10137,0.10178,318916.0
2025-10-04 02:30:00,0.10178,0.10192,0.10155,0.10183,184743.0
2025-10-04 03:00:00,0.10184,0.10191,0.10138,0.10158,206100.0
2025-10-04 03:30:00,0.10165,0.10188,0.10165,0.10171,79763.0
2025-10-04 04:00:00,0.1017,0.10185,0.1014,0.10147,185668.0
2025-10-04 04:30:00,0.10142,0.10174,0.10142,0.10168,34728.0
2025-10-04 05:00:00,0.1017,0.10183,0.1017,0.10172,163277.0
2025-10-04 05:30:00,0.10173,0.10192,0.10151,0.10192,35656.0
2025-10-04 06:00:00,0.10192,0.102,0.10163,0.10167,288089.0
2025-10-04 06:30:00,0.10162,0.10186,0.10154,0.10183,54023.0
2025-10-04 07:00:00,0.10184,0.10198,0.10143,0.10163,593402.0
2025-10-04 07:30:00,0.10155,0.10163,0.10102,0.10125,143347.0
2025-10-04 08:00:00,0.10118,0.10132,0.10083,0.10092,107439.0
2025-10-04 08:30:00,0.10088,0.10098,0.10023,0.10045,710802.0
2025-10-04 09:00:00,0.10042,0.10077,0.10022,0.10059,368430.0
2025-10-04 09:30:00,0.1006,0.1009,0.10026,0.10035,583538.0
2025-10-04 10:00:00,0.10035,0.1007,0.1003,0.1007,458221.0
2025-10-04 10:30:00,0.10066,0.10066,0.09955,0.09971,569167.0
2025-10-04 11:00:00,0.09967,0.09988,0.09952,0.09981,307353.0
2025-10-04 11:30:00,0.0998,0.09997,0.09959,0.09982,189991.0
2025-10-04 12:00:00,0.09987,0.09998,0.09977,0.09994,129150.0
2025-10-04 12:30:00,0.09992,0.10009,0.09968,0.09984,203262.0
2025-10-04 13:00:00,0.0998,0.10065,0.0998,0.1003,398840.0
2025-10-04 13:30:00,0.1003,0.10047,0.10028,0.10034,116528.0
2025-10-04 14:00:00,0.10034,0.10057,0.10019,0.10026,238180.0
2025-10-04 14:30:00,0.10025,0.10032,0.09938,0.09939,134010.0
2025-10-04 15:00:00,0.09939,0.09961,0.09866,0.09875,531800.0
2025-10-04 15:30:00,0.09874,0.09904,0.09856,0.09861,421348.0
2025-10-04 16:00:00,0.09861,0.09885,0.09857,0.0988,293072.0
2025-10-04 16:30:00,0.0988,0.09907,0.09878,0.09888,138321.0
2025-10-04 17:00:00,0.09889,0.09925,0.09886,0.09925,186464.0
2025-10-04 17:30:00,0.09925,0.0993,0.09898,0.09925,151442.0
2025-10-04 18:00:00,0.09925,0.09943,0.09919,0.0993,114114.0
2025-10-04 18:30:00,0.09933,0.09936,0.09898,0.09903,74788.0
2025-10-04 19:00:00,0.09907,0.09923,0.09905,0.09919,49368.0
2025-10-04 19:30:00,0.0992,0.09924,0.09903,0.09918,103348.0
2025-10-04 20:00:00,0.09918,0.09952,0.09918,0.0995,64908.0
2025-10-04 20:30:00,0.0995,0.0995,0.09929,0.09932,37438.0
2025-10-04 21:00:00,0.0993,0.0998,0.09929,0.09977,70483.0
2025-10-04 21:30:00,0.09975,0.09976,0.09961,0.09965,47630.0
2025-10-04 22:00:00,0.09965,0.09972,0.09958,0.09972,110360.0
2025-10-04 22:30:00,0.09972,0.09988,0.09972,0.09976,63462.0
2025-10-04 23:00:00,0.0998,0.0998,0.09938,0.09955,142927.0
2025-10-04 23:30:00,0.09955,0.09971,0.09955,0.09968,22951.0
2025-10-05 00:00:00,0.09966,0.09968,0.09895,0.099,404004.0
2025-10-05 00:30:00,0.099,0.09945,0.09878,0.09897,574950.0
2025-10-05 01:00:00,0.09892,0.09933,0.09888,0.09899,658653.0
2025-10-05 01:30:00,0.09904,0.09951,0.09903,0.09944,95829.0
2025-10-05 02:00:00,0.09944,0.09949,0.09911,0.09932,199937.0
2025-10-05 02:30:00,0.09932,0.10066,0.09932,0.10055,1141676.0
2025-10-05 03:00:00,0.1005,0.10072,0.10015,0.10031,630624.0
2025-10-05 03:30:00,0.10035,0.10052,0.10001,0.10005,189537.0
2025-10-05 04:00:00,0.10005,0.1003,0.1,0.10019,226036.0
2025-10-05 04:30:00,0.10013,0.10074,0.10012,0.10063,539204.0
2025-10-05 05:00:00,0.10057,0.10068,0.10038,0.10051,213878.0
2025-10-05 05:30:00,0.10051,0.10066,0.10044,0.10061,69447.0
2025-10-05 06:00:00,0.10066,0.10069,0.10041,0.10052,156670.0
2025-10-05 06:30:00,0.10052,0.10057,0.10041,0.10042,18264.0
2025-10-05 07:00:00,0.10042,0.10091,0.10036,0.10074,168871.0
2025-10-05 07:30:00,0.10074,0.10118,0.10063,0.10113,168715.0
2025-10-05 08:00:00,0.10113,0.10145,0.10104,0.10121,429163.0
2025-10-05 08:30:00,0.10125,0.10133,0.1009,0.10133,208985.0
2025-10-05 09:00:00,0.10133,0.10135,0.10076,0.10087,263976.0
2025-10-05 09:30:00,0.10088,0.10092,0.10028,0.10063,903232.0
2025-10-05 10:00:00,0.10062,0.10074,0.1001,0.1003,630823.0
2025-10-05 10:30:00,0.1003,0.10042,0.1001,0.10033,114653.0
2025-10-05 11:00:00,0.10027,0.10027,0.09979,0.09996,174205.0
2025-10-05 11:30:00,0.09998,0.10017,0.09986,0.10008,59395.0
2025-10-05 12:00:00,0.10006,0.10018,0.09975,0.0999,240410.0
2025-10-05 12:30:00,0.09987,0.10004,0.09966,0.09986,178714.0
2025-10-05 13:00:00,0.09986,0.10002,0.09965,0.09999,153934.0
2025-10-05 13:30:00,0.09999,0.10025,0.09993,0.10016,102104.0
2025-10-05 14:00:00,0.10016,0.10035,0.1001,0.10025,77475.0
2025-10-05 14:30:00,0.10027,0.10029,0.09956,0.09976,223615.0
2025-10-05 15:00:00,0.09983,0.10002,0.09979,0.09987,184302.0
2025-10-05 15:30:00,0.0999,0.09995,0.09969,0.09984,158275.0
2025-10-05 16:00:00,0.09987,0.09995,0.09974,0.09991,202573.0
2025-10-05 16:30:00,0.09991,0.10009,0.09947,0.10009,399153.0
2025-10-05 17:00:00,0.10005,0.10028,0.0999,0.09995,165280.0
2025-10-05 17:30:00,0.09993,0.09993,0.09933,0.09948,393866.0
2025-10-05 18:00:00,0.09946,0.09958,0.0992,0.09945,355507.0
2025-10-05 18:30:00,0.09945,0.09975,0.09941,0.09953,118415.0
2025-10-05 19:00:00,0.09952,0.09952,0.09904,0.09923,388471.0
2025-10-05 19:30:00,0.09927,0.09931,0.09831,0.09843,567004.0
2025-10-05 20:00:00,0.09842,0.09866,0.09829,0.09848,334859.0
2025-10-05 20:30:00,0.09849,0.09897,0.09849,0.09868,441758.0
2025-10-05 21:00:00,0.09871,0.0988,0.09853,0.09872,125684.0
2025-10-05 21:30:00,0.09872,0.09876,0.09857,0.09857,116929.0
2025-10-05 22:00:00,0.09863,0.09892,0.09832,0.09872,506937.0
2025-10-05 22:30:00,0.09873,0.09894,0.09866,0.09887,89219.0
2025-10-05 23:00:00,0.09888,0.09901,0.09877,0.09885,141550.0
2025-10-05 23:30:00,0.0989,0.09907,0.09879,0.09882,77627.0
2025-10-06 00:00:00,0.09886,0.09941,0.09838,0.09899,835116.0
2025-10-06 00:30:00,0.099,0.09919,0.09828,0.09847,291093.0
2025-10-06 01:00:00,0.09851,0.09908,0.09833,0.09891,422557.0
2025-10-06 01:30:00,0.09891,0.09926,0.09887,0.09891,263196.0
2025-10-06 02:00:00,0.09893,0.09898,0.09875,0.09891,198221.0
2025-10-06 02:30:00,0.09887,0.09914,0.09815,0.09887,700646.0
2025-10-06 03:00:00,0.09887,0.09887,0.09859,0.09883,180137.0
2025-10-06 03:30:00,0.09881,0.09906,0.09871,0.09887,276995.0
2025-10-06 04:00:00,0.09886,0.09886,0.0985,0.09884,88491.0
2025-10-06 04:30:00,0.09883,0.09884,0.09841,0.09844,107741.0
2025-10-06 05:00:00,0.0984,0.09864,0.09827,0.09864,137884.0
2025-10-06 05:30:00,0.09864,0.09876,0.0984,0.09873,121093.0
2025-10-06 06:00:00,0.09873,0.09946,0.09868,0.09941,290539.0
2025-10-06 06:30:00,0.09944,0.10009,0.09943,0.09971,458233.0
2025-10-06 07:00:00,0.0997,0.09988,0.09952,0.09965,258001.0
2025-10-06 07:30:00,0.09964,0.09967,0.09894,0.0992,328240.0
2025-10-06 08:00:00,0.09921,0.09958,0.09921,0.09939,319497.0
2025-10-06 08:30:00,0.09938,0.09967,0.09938,0.09952,145950.0
2025-10-06 09:00:00,0.09949,0.09966,0.09943,0.09956,216620.0
2025-10-06 09:30:00,0.09955,0.09981,0.09949,0.09966,151784.0
2025-10-06 10:00:00,0.09964,0.09964,0.09919,0.09943,397309.0
2025-10-06 10:30:00,0.09944,0.09962,0.09926,0.09952,233760.0
2025-10-06 11:00:00,0.09952,0.09986,0.09926,0.09981,168540.0
2025-10-06 11:30:00,0.09983,0.09987,0.09949,0.09955,406894.0
2025-10-06 12:00:00,0.09954,0.09983,0.09941,0.09976,414616.0
2025-10-06 12:30:00,0.09977,0.09992,0.09961,0.09983,248009.0
2025-10-06 13:00:00,0.09983,0.09997,0.09959,0.09984,189596.0
2025-10-06 13:30:00,0.09985,0.10056,0.09974,0.10056,530638.0
2025-10-06 14:00:00,0.10055,0.1008,0.10029,0.10052,441545.0
2025-10-06 14:30:00,0.1005,0.10082,0.10033,0.10045,420315.0
2025-10-06 15:00:00,0.10045,0.10102,0.10045,0.10098,245288.0
2025-10-06 15:30:00,0.10098,0.10108,0.10088,0.10098,227048.0
2025-10-06 16:00:00,0.10096,0.10114,0.1006,0.10073,160899.0
2025-10-06 16:30:00,0.10074,0.10109,0.10068,0.10103,213267.0
2025-10-06 17:00:00,0.10104,0.10148,0.101,0.10137,527732.0
2025-10-06 17:30:00,0.10137,0.10157,0.10113,0.10153,199500.0
2025-10-06 18:00:00,0.10153,0.10187,0.10149,0.10183,174314.0
2025-10-06 18:30:00,0.10183,0.10188,0.10157,0.10184,91553.0
2025-10-06 19:00:00,0.10184,0.10195,0.1013,0.10132,238912.0
2025-10-06 19:30:00,0.10129,0.10134,0.10112,0.10126,229986.0
2025-10-06 20:00:00,0.10128,0.10151,0.10118,0.10142,215000.0
2025-10-06 20:30:00,0.10141,0.10142,0.10115,0.10131,103098.0
2025-10-06 21:00:00,0.10131,0.10131,0.10058,0.10095,235265.0
2025-10-06 21:30:00,0.10095,0.10116,0.10082,0.10115,130157.0
2025-10-06 22:00:00,0.10113,0.10121,0.1009,0.10098,64888.0
2025-10-06 22:30:00,0.101,0.10101,0.1008,0.10091,66141.0
2025-10-06 23:00:00,0.10097,0.10131,0.10067,0.10093,266806.0
2025-10-06 23:30:00,0.10093,0.10097,0.10077,0.10094,40926.0
2025-10-07 00:00:00,0.10094,0.10118,0.10047,0.1005,652867.0
2025-10-07 00:30:00,0.10053,0.10095,0.1005,0.10095,268480.0
2025-10-07 01:00:00,0.10095,0.10115,0.10055,0.1008,327483.0
2025-10-07 01:30:00,0.10071,0.10098,0.10063,0.10081,111387.0
2025-10-07 02:00:00,0.10081,0.10091,0.1006,0.10075,167279.0
2025-10-07 02:30:00,0.10069,0.10085,0.10053,0.10056,62425.0
2025-10-07 03:00:00,0.10056,0.10075,0.10046,0.10052,173863.0
2025-10-07 03:30:00,0.10045,0.10045,0.1002,0.10034,142843.0
2025-10-07 04:00:00,0.10034,0.10042,0.0999,0.10013,172453.0
2025-10-07 04:30:00,0.10012,0.10112,0.10009,0.1009,346200.0
2025-10-07 05:00:00,0.10085,0.10108,0.10072,0.10097,661400.0
2025-10-07 05:30:00,0.10103,0.10118,0.10089,0.10094,71689.0
2025-10-07 06:00:00,0.10093,0.10103,0.10026,0.10034,209252.0
2025-10-07 06:30:00,0.10029,0.10034,0.09976,0.09985,425692.0
2025-10-07 07:00:00,0.09985,0.10013,0.0998,0.10005,256980.0
2025-10-07 07:30:00,0.10008,0.10013,0.09944,0.09991,247715.0
2025-10-07 08:00:00,0.09987,0.09987,0.09898,0.09902,836239.0
2025-10-07 08:30:00,0.09904,0.0996,0.09884,0.09951,306095.0
2025-10-07 09:00:00,0.09951,0.09979,0.09946,0.09965,545081.0
2025-10-07 09:30:00,0.09969,0.09987,0.09961,0.09982,256657.0
2025-10-07 10:00:00,0.0998,0.10013,0.09961,0.09996,201487.0
2025-10-07 10:30:00,0.09991,0.10024,0.09991,0.10019,139350.0
2025-10-07 11:00:00,0.10022,0.10031,0.10006,0.10027,137658.0
2025-10-07 11:30:00,0.10028,0.10095,0.10028,0.10095,283116.0
2025-10-07 12:00:00,0.10091,0.10116,0.10066,0.10072,362001.0
2025-10-07 12:30:00,0.10072,0.10121,0.1006,0.10105,184756.0
2025-10-07 13:00:00,0.10116,0.10127,0.10098,0.10116,226086.0
2025-10-07 13:30:00,0.10127,0.10127,0.09967,0.10013,1053674.0
2025-10-07 14:00:00,0.10016,0.10023,0.09852,0.09866,1607848.0
2025-10-07 14:30:00,0.09867,0.09888,0.09803,0.0982,729812.0
2025-10-07 15:00:00,0.09812,0.0983,0.0967,0.09708,1866340.0
2025-10-07 15:30:00,0.09698,0.09704,0.09625,0.09688,755463.0
2025-10-07 16:00:00,0.09688,0.09688,0.0962,0.09648,815603.0
2025-10-07 16:30:00,0.0964,0.09767,0.09638,0.09721,534992.0
2025-10-07 17:00:00,0.09721,0.09737,0.09683,0.09692,454255.0
2025-10-07 17:30:00,0.09689,0.09723,0.09677,0.09683,186889.0
2025-10-07 18:00:00,0.09673,0.0974,0.09663,0.09666,673080.0
2025-10-07 18:30:00,0.09664,0.09691,0.09655,0.09682,198698.0
2025-10-07 19:00:00,0.0968,0.09701,0.09653,0.09657,359257.0
2025-10-07 19:30:00,0.09657,0.09696,0.09653,0.09679,292638.0
2025-10-07 20:00:00,0.09674,0.09751,0.09669,0.09733,424330.0
2025-10-07 20:30:00,0.09736,0.09779,0.09728,0.09742,236364.0
2025-10-07 21:00:00,0.09743,0.09765,0.0972,0.09757,262882.0
2025-10-07 21:30:00,0.09756,0.09758,0.09705,0.09715,106534.0
2025-10-07 22:00:00,0.09706,0.09747,0.09694,0.0974,494725.0
2025-10-07 22:30:00,0.09734,0.09738,0.0971,0.09716,84114.0
2025-10-07 23:00:00,0.09716,0.09722,0.097,0.09711,195429.0
2025-10-07 23:30:00,0.09711,0.09711,0.09677,0.09701,289503.0
2025-10-08 00:00:00,0.09701,0.09752,0.09687,0.09749,334839.0
2025-10-08 00:30:00,0.09748,0.0977,0.09704,0.0975,475973.0
2025-10-08 01:00:00,0.09751,0.09773,0.0972,0.09751,384789.0
2025-10-08 01:30:00,0.09751,0.09763,0.09744,0.09759,98689.0
2025-10-08 02:00:00,0.09757,0.09769,0.09726,0.09769,275376.0
2025-10-08 02:30:00,0.0977,0.0977,0.09739,0.09739,114862.0
2025-10-08 03:00:00,0.09738,0.09743,0.096,0.09643,572011.0
2025-10-08 03:30:00,0.09642,0.0965,0.09609,0.09614,400242.0
2025-10-08 04:00:00,0.09615,0.09667,0.09559,0.09654,728724.0
2025-10-08 04:30:00,0.09654,0.09694,0.09654,0.09691,229043.0
2025-10-08 05:00:00,0.09691,0.09692,0.09612,0.0964,222450.0
2025-10-08 05:30:00,0.09641,0.09661,0.09623,0.09651,270371.0
2025-10-08 06:00:00,0.0965,0.09653,0.09598,0.09604,472919.0
2025-10-08 06:30:00,0.09604,0.09646,0.09597,0.09641,338381.0
2025-10-08 07:00:00,0.09637,0.09659,0.09628,0.0964,136073.0
2025-10-08 07:30:00,0.0964,0.09694,0.09633,0.0968,192459.0
2025-10-08 08:00:00,0.09689,0.09738,0.09686,0.0973,542703.0
2025-10-08 08:30:00,0.09733,0.09759,0.09726,0.09737,206349.0
2025-10-08 09:00:00,0.09735,0.09752,0.09709,0.09714,107855.0
2025-10-08 09:30:00,0.09713,0.09721,0.09705,0.09721,112690.0
2025-10-08 10:00:00,0.09721,0.09753,0.09719,0.0973,134558.0
2025-10-08 10:30:00,0.09729,0.09751,0.09725,0.09745,64890.0
2025-10-08 11:00:00,0.09742,0.09755,0.09716,0.09728,98755.0
2025-10-08 11:30:00,0.09725,0.09725,0.0969,0.09703,62592.0
2025-10-08 12:00:00,0.097,0.09722,0.0969,0.09708,200800.0
2025-10-08 12:30:00,0.09706,0.09716,0.09691,0.09701,86109.0
2025-10-08 13:00:00,0.09704,0.09719,0.09695,0.09701,139533.0
2025-10-08 13:30:00,0.09703,0.0973,0.09657,0.0973,254852.0
2025-10-08 14:00:00,0.09725,0.09818,0.09725,0.09767,599750.0
2025-10-08 14:30:00,0.09765,0.09785,0.09673,0.09693,480846.0
2025-10-08 15:00:00,0.09691,0.09805,0.09691,0.09797,385065.0
2025-10-08 15:30:00,0.09794,0.09794,0.09751,0.09766,176352.0
2025-10-08 16:00:00,0.09766,0.09814,0.09754,0.0979,137017.0
2025-10-08 16:30:00,0.09787,0.09846,0.09781,0.09838,207785.0
2025-10-08 17:00:00,0.09839,0.09945,0.09832,0.09941,528982.0
2025-10-08 17:30:00,0.0994,0.09965,0.09924,0.09957,449967.0
2025-10-08 18:00:00,0.09958,0.09964,0.09917,0.09927,386994.0
2025-10-08 18:30:00,0.09922,0.09941,0.09903,0.09926,231146.0
2025-10-08 19:00:00,0.09922,0.0993,0.09886,0.0991,283210.0
2025-10-08 19:30:00,0.09909,0.09929,0.09903,0.0992,107798.0
2025-10-08 20:00:00,0.09921,0.09934,0.09902,0.09926,181086.0
2025-10-08 20:30:00,0.09922,0.09926,0.09879,0.09881,76123.0
2025-10-08 21:00:00,0.0988,0.09908,0.0988,0.09907,78895.0
2025-10-08 21:30:00,0.09908,0.0992,0.09907,0.0991,63561.0
2025-10-08 22:00:00,0.09909,0.09935,0.09909,0.09934,104470.0
2025-10-08 22:30:00,0.09932,0.0995,0.09925,0.09935,114155.0
2025-10-08 23:00:00,0.09931,0.09932,0.09889,0.0993,229453.0
2025-10-08 23:30:00,0.09928,0.09945,0.09901,0.09913,270159.0
2025-10-09 00:00:00,0.09917,0.09934,0.09887,0.09888,247405.0
2025-10-09 00:30:00,0.09894,0.09897,0.09831,0.09859,978063.0
2025-10-09 01:00:00,0.09857,0.09859,0.09817,0.09835,753582.0
2025-10-09 01:30:00,0.09835,0.09881,0.09815,0.0988,305002.0
2025-10-09 02:00:00,0.09878,0.09913,0.09854,0.09877,801387.0
2025-10-09 02:30:00,0.09878,0.09895,0.09752,0.09778,854351.0
2025-10-09 03:00:00,0.09783,0.099,0.09778,0.09868,825232.0
2025-10-09 03:30:00,0.0988,0.09919,0.09869,0.09907,163131.0
2025-10-09 04:00:00,0.09911,0.10008,0.09911,0.09995,631050.0
2025-10-09 04:30:00,0.09996,0.10004,0.09955,0.09997,206078.0
2025-10-09 05:00:00,0.10004,0.10026,0.09955,0.09989,495469.0
2025-10-09 05:30:00,0.09996,0.1002,0.09956,0.09978,205749.0
2025-10-09 06:00:00,0.09989,0.09989,0.09912,0.09953,591740.0
2025-10-09 06:30:00,0.09958,0.0997,0.09898,0.099,165038.0
2025-10-09 07:00:00,0.09909,0.09942,0.09875,0.09885,413347.0
2025-10-09 07:30:00,0.09894,0.09916,0.09855,0.09873,198224.0
2025-10-09 08:00:00,0.09879,0.09888,0.09797,0.09846,897402.0
2025-10-09 08:30:00,0.09845,0.09898,0.09764,0.09796,835607.0
2025-10-09 09:00:00,0.09784,0.09853,0.0978,0.09835,674701.0
2025-10-09 09:30:00,0.09838,0.099,0.09824,0.09868,364139.0
2025-10-09 10:00:00,0.09872,0.09888,0.09844,0.09863,495157.0
2025-10-09 10:30:00,0.09863,0.09916,0.0986,0.09875,280032.0
2025-10-09 11:00:00,0.09884,0.09913,0.09877,0.09907,114214.0
2025-10-09 11:30:00,0.099,0.09905,0.09876,0.09876,293958.0
2025-10-09 12:00:00,0.0988,0.0988,0.09827,0.09829,505513.0
2025-10-09 12:30:00,0.09833,0.09906,0.09832,0.09877,368565.0
2025-10-09 13:00:00,0.09878,0.09887,0.09822,0.09835,347658.0
2025-10-09 13:30:00,0.09835,0.09835,0.09769,0.09769,663100.0
2025-10-09 14:00:00,0.0977,0.09774,0.09714,0.09721,727036.0
2025-10-09 14:30:00,0.09721,0.09724,0.0957,0.09655,1370991.0
2025-10-09 15:00:00,0.09653,0.09728,0.09649,0.09656,570654.0
2025-10-09 15:30:00,0.09658,0.09677,0.09625,0.09665,261748.0
2025-10-09 16:00:00,0.09668,0.09696,0.09622,0.09658,495111.0
2025-10-09 16:30:00,0.09668,0.09682,0.09582,0.09598,537350.0
2025-10-09 17:00:00,0.09589,0.09668,0.09586,0.0964,483504.0
2025-10-09 17:30:00,0.09648,0.09728,0.09648,0.09725,307505.0
2025-10-09 18:00:00,0.09727,0.09737,0.09702,0.09726,251354.0
2025-10-09 18:30:00,0.0972,0.09726,0.09692,0.09693,76608.0
2025-10-09 19:00:00,0.09693,0.09736,0.09693,0.09733,105722.0
2025-10-09 19:30:00,0.0973,0.09739,0.09712,0.09727,262287.0
2025-10-09 20:00:00,0.09737,0.09758,0.0971,0.09723,208384.0
2025-10-09 20:30:00,0.09723,0.09738,0.0971,0.09712,80714.0
2025-10-09 21:00:00,0.09717,0.0974,0.09705,0.09715,115085.0
2025-10-09 21:30:00,0.09716,0.09719,0.09683,0.09696,220978.0
2025-10-09 22:00:00,0.09703,0.09824,0.097,0.09809,478553.0
2025-10-09 22:30:00,0.09813,0.09839,0.09793,0.09839,145769.0
2025-10-09 23:00:00,0.0984,0.09849,0.09821,0.09826,119880.0
2025-10-09 23:30:00,0.09827,0.09838,0.09785,0.0981,195240.0
2025-10-10 00:00:00,0.09815,0.09845,0.09781,0.09784,346497.0
2025-10-10 00:30:00,0.09789,0.09802,0.09742,0.09755,299668.0
2025-10-10 01:00:00,0.09755,0.09822,0.09755,0.09819,204426.0
2025-10-10 01:30:00,0.09824,0.09867,0.09789,0.09857,820454.0
2025-10-10 02:00:00,0.09851,0.09855,0.09794,0.09817,202512.0
2025-10-10 02:30:00,0.09819,0.09825,0.09754,0.09755,267350.0
2025-10-10 03:00:00,0.09755,0.09803,0.09712,0.09803,503038.0
2025-10-10 03:30:00,0.09804,0.09863,0.09801,0.09805,394473.0
2025-10-10 04:00:00,0.09803,0.09863,0.09803,0.09846,205656.0
2025-10-10 04:30:00,0.09846,0.09859,0.09819,0.09833,140914.0
2025-10-10 05:00:00,0.09836,0.09875,0.09804,0.09866,212246.0
2025-10-10 05:30:00,0.09867,0.09882,0.09846,0.09869,193738.0
2025-10-10 06:00:00,0.09869,0.09879,0.09836,0.09836,190044.0
2025-10-10 06:30:00,0.09836,0.09838,0.09739,0.09739,579622.0
2025-10-10 07:00:00,0.0974,0.09762,0.09728,0.09762,374936.0
2025-10-10 07:30:00,0.09761,0.09783,0.09741,0.09772,266311.0
2025-10-10 08:00:00,0.09767,0.09785,0.09704,0.09732,618257.0
2025-10-10 08:30:00,0.09732,0.09749,0.09712,0.09747,248587.0
2025-10-10 09:00:00,0.09747,0.0975,0.09714,0.0975,320670.0
2025-10-10 09:30:00,0.09747,0.0975,0.09678,0.09682,257913.0
2025-10-10 10:00:00,0.09682,0.0974,0.0968,0.09733,168057.0
2025-10-10 10:30:00,0.09735,0.09768,0.09734,0.09737,482910.0
2025-10-10 11:00:00,0.09738,0.0975,0.09714,0.0972,361098.0
2025-10-10 11:30:00,0.0972,0.0975,0.09717,0.09745,548984.0
2025-10-10 12:00:00,0.09745,0.09776,0.09738,0.09756,718635.0
2025-10-10 12:30:00,0.09755,0.09765,0.09739,0.09746,152168.0
2025-10-10 13:00:00,0.09747,0.09794,0.09746,0.09781,200452.0
2025-10-10 13:30:00,0.09784,0.0981,0.09728,0.0976,264862.0
2025-10-10 14:00:00,0.0976,0.09793,0.09707,0.0971,342010.0
2025-10-10 14:30:00,0.09708,0.0974,0.09615,0.09637,856905.0
2025-10-10 15:00:00,0.09631,0.09647,0.09152,0.09182,8074587.0
2025-10-10 15:30:00,0.09176,0.09224,0.09012,0.09148,3305045.0
2025-10-10 16:00:00,0.09149,0.09204,0.09119,0.09148,885431.0
2025-10-10 16:30:00,0.09148,0.09192,0.09121,0.09131,510442.0
2025-10-10 17:00:00,0.09131,0.09165,0.0911,0.09165,624023.0
2025-10-10 17:30:00,0.09165,0.09166,0.09097,0.09127,496597.0
2025-10-10 18:00:00,0.09128,0.09155,0.09103,0.09125,461396.0
2025-10-10 18:30:00,0.09125,0.09144,0.0903,0.09061,624686.0
2025-10-10 19:00:00,0.0906,0.091,0.08859,0.08859,1351282.0
2025-10-10 19:30:00,0.08859,0.08999,0.08847,0.08948,931476.0
2025-10-10 20:00:00,0.08951,0.09038,0.08951,0.09028,559724.0
2025-10-10 20:30:00,0.09028,0.09028,0.084,0.08557,2821187.0
2025-10-10 21:00:00,0.08569,0.08664,0.05113,0.07191,26058085.0
2025-10-10 21:30:00,0.07191,0.07761,0.06249,0.0761,6790838.0
2025-10-10 22:00:00,0.07652,0.07652,0.0685,0.06991,7232385.0
2025-10-10 22:30:00,0.07049,0.07637,0.06952,0.0731,3320362.0
2025-10-10 23:00:00,0.0731,0.07936,0.07249,0.0765,3098431.0
2025-10-10 23:30:00,0.0765,0.07933,0.07535,0.07609,2285074.0
2025-10-11 00:00:00,0.07593,0.0809,0.07337,0.07535,2764549.0
2025-10-11 00:30:00,0.07555,0.07651,0.07455,0.07609,1637762.0
2025-10-11 01:00:00,0.0761,0.07621,0.07423,0.07441,1292964.0
2025-10-11 01:30:00,0.07437,0.07504,0.07346,0.07373,1211264.0
2025-10-11 02:00:00,0.0739,0.07553,0.07376,0.07521,1590058.0
2025-10-11 02:30:00,0.07535,0.07732,0.07523,0.07688,1446443.0
2025-10-11 03:00:00,0.07691,0.07722,0.07524,0.07576,3752393.0
2025-10-11 03:30:00,0.07567,0.07629,0.07477,0.07591,1314124.0
2025-10-11 04:00:00,0.07598,0.0766,0.07573,0.07633,1195313.0
2025-10-11 04:30:00,0.07643,0.07689,0.07575,0.07678,925932.0
2025-10-11 05:00:00,0.07684,0.07693,0.07513,0.07513,1514290.0
2025-10-11 05:30:00,0.07515,0.0756,0.07444,0.07458,1462213.0
2025-10-11 06:00:00,0.07458,0.07559,0.07449,0.07547,1026202.0
2025-10-11 06:30:00,0.07553,0.07567,0.07405,0.07456,1405466.0
2025-10-11 07:00:00,0.07451,0.07476,0.07348,0.07442,1754660.0
2025-10-11 07:30:00,0.07435,0.07465,0.07375,0.07454,1385010.0
2025-10-11 08:00:00,0.07444,0.07584,0.07417,0.0754,1132099.0
2025-10-11 08:30:00,0.07544,0.07611,0.07501,0.07604,875188.0
2025-10-11 09:00:00,0.07595,0.07669,0.07591,0.07626,1213034.0
2025-10-11 09:30:00,0.07639,0.07639,0.07504,0.07531,860903.0
2025-10-11 10:00:00,0.0752,0.07659,0.07519,0.07646,1219904.0
2025-10-11 10:30:00,0.07653,0.07653,0.07551,0.07611,476344.0
2025-10-11 11:00:00,0.07611,0.07621,0.07516,0.07579,819817.0
2025-10-11 11:30:00,0.07574,0.07574,0.07529,0.07555,157386.0
2025-10-11 12:00:00,0.07547,0.07586,0.07511,0.07575,631052.0
2025-10-11 12:30:00,0.07577,0.07581,0.07453,0.07477,812381.0
2025-10-11 13:00:00,0.07474,0.07496,0.07446,0.07454,471285.0
2025-10-11 13:30:00,0.07468,0.07516,0.0739,0.07493,1480232.0
2025-10-11 14:00:00,0.07497,0.07501,0.07441,0.07454,964269.0
2025-10-11 14:30:00,0.07464,0.075,0.07442,0.07495,489960.0
2025-10-11 15:00:00,0.07501,0.07531,0.07466,0.07531,1371528.0
2025-10-11 15:30:00,0.07524,0.07533,0.07471,0.07488,470443.0
2025-10-11 16:00:00,0.07488,0.07535,0.07453,0.07522,839629.0
2025-10-11 16:30:00,0.07521,0.07523,0.07447,0.07476,765232.0
2025-10-11 17:00:00,0.07475,0.07554,0.07469,0.0755,697410.0
2025-10-11 17:30:00,0.0755,0.07556,0.07507,0.07533,461762.0
2025-10-11 18:00:00,0.07539,0.07541,0.07509,0.0753,433259.0
2025-10-11 18:30:00,0.07532,0.07538,0.0749,0.07507,447539.0
2025-10-11 19:00:00,0.07506,0.07506,0.07359,0.07384,787443.0
2025-10-11 19:30:00,0.07384,0.07387,0.07267,0.07304,1377820.0
2025-10-11 20:00:00,0.07299,0.07333,0.07197,0.0723,1795892.0
2025-10-11 20:30:00,0.0723,0.07233,0.07129,0.07179,1288683.0
2025-10-11 21:00:00,0.07166,0.0725,0.07059,0.0722,1334732.0
2025-10-11 21:30:00,0.07228,0.07299,0.07183,0.07267,1028525.0
2025-10-11 22:00:00,0.07268,0.07304,0.07201,0.07242,1158678.0
2025-10-11 22:30:00,0.07243,0.07271,0.072,0.07231,484497.0
2025-10-11 23:00:00,0.07229,0.07268,0.07209,0.07241,495713.0
2025-10-11 23:30:00,0.07243,0.07253,0.07217,0.07232,233378.0
2025-10-12 00:00:00,0.07233,0.07248,0.07177,0.07185,540783.0
2025-10-12 00:30:00,0.07185,0.07285,0.07174,0.07193,730949.0
2025-10-12 01:00:00,0.07189,0.07242,0.07169,0.07184,931756.0
2025-10-12 01:30:00,0.07187,0.07222,0.07141,0.0715,398057.0
2025-10-12 02:00:00,0.07149,0.07251,0.0713,0.07236,813662.0
2025-10-12 02:30:00,0.07238,0.0726,0.07114,0.07189,1034867.0
2025-10-12 03:00:00,0.07192,0.07259,0.07176,0.07233,926323.0
2025-10-12 03:30:00,0.07228,0.07263,0.07212,0.07223,522493.0
2025-10-12 04:00:00,0.07224,0.07313,0.07197,0.07309,724945.0
2025-10-12 04:30:00,0.07309,0.07325,0.07264,0.07288,493425.0
2025-10-12 05:00:00,0.07284,0.07317,0.07262,0.07316,618530.0
2025-10-12 05:30:00,0.07315,0.07323,0.07286,0.07293,373431.0
2025-10-12 06:00:00,0.0729,0.07356,0.07286,0.07341,308678.0
2025-10-12 06:30:00,0.07336,0.07346,0.07308,0.07346,182318.0
2025-10-12 07:00:00,0.07346,0.07365,0.07325,0.07353,466143.0
2025-10-12 07:30:00,0.07348,0.0739,0.07339,0.0737,222478.0
2025-10-12 08:00:00,0.07374,0.07421,0.07369,0.0742,118148.0
2025-10-12 08:30:00,0.07415,0.07415,0.07377,0.07379,336491.0
2025-10-12 09:00:00,0.07378,0.07382,0.07337,0.07359,829759.0
2025-10-12 09:30:00,0.07354,0.07406,0.0734,0.074,477156.0
2025-10-12 10:00:00,0.074,0.07426,0.07376,0.07379,534332.0
2025-10-12 10:30:00,0.07376,0.07391,0.07356,0.07365,232820.0
2025-10-12 11:00:00,0.07367,0.07393,0.0734,0.0737,469545.0
2025-10-12 11:30:00,0.07368,0.07392,0.07359,0.07372,275845.0
2025-10-12 12:00:00,0.07372,0.07458,0.07372,0.07437,555571.0
2025-10-12 12:30:00,0.07444,0.07445,0.07388,0.07401,241092.0
2025-10-12 13:00:00,0.07397,0.07402,0.07325,0.07346,460782.0
2025-10-12 13:30:00,0.07349,0.07349,0.07279,0.07302,748862.0
2025-10-12 14:00:00,0.07298,0.07364,0.07296,0.0734,463697.0
2025-10-12 14:30:00,0.0734,0.07551,0.07296,0.07491,3310865.0
2025-10-12 15:00:00,0.07493,0.07753,0.07493,0.07729,3134482.0
2025-10-12 15:30:00,0.07729,0.07764,0.07645,0.07745,1273536.0
2025-10-12 16:00:00,0.07747,0.07893,0.07747,0.07827,1293729.0
2025-10-12 16:30:00,0.07834,0.079,0.07793,0.07845,1307151.0
2025-10-12 17:00:00,0.07845,0.07895,0.07839,0.07867,789110.0
2025-10-12 17:30:00,0.07868,0.07881,0.07805,0.07842,466627.0
2025-10-12 18:00:00,0.07844,0.07894,0.0784,0.07881,434709.0
2025-10-12 18:30:00,0.07879,0.07889,0.0782,0.0786,449493.0
2025-10-12 19:00:00,0.07862,0.07939,0.07862,0.07911,1916198.0
2025-10-12 19:30:00,0.07912,0.07928,0.07898,0.07921,127244.0
2025-10-12 20:00:00,0.07922,0.07954,0.07914,0.07949,244217.0
2025-10-12 20:30:00,0.07948,0.07977,0.07894,0.07911,499744.0
2025-10-12 21:00:00,0.07909,0.07947,0.07859,0.07886,648929.0
2025-10-12 21:30:00,0.07886,0.07953,0.07823,0.07945,423233.0
2025-10-12 22:00:00,0.07943,0.08,0.07908,0.07919,764072.0
2025-10-12 22:30:00,0.07929,0.07985,0.07917,0.07946,745417.0
2025-10-12 23:00:00,0.07946,0.0795,0.07887,0.07922,684702.0
2025-10-12 23:30:00,0.07929,0.07964,0.07922,0.0794,197489.0
2025-10-13 00:00:00,0.07938,0.08155,0.07916,0.08087,3901496.0
2025-10-13 00:30:00,0.08096,0.08121,0.07964,0.07996,1994346.0
2025-10-13 01:00:00,0.07988,0.08053,0.07935,0.0802,1217703.0
2025-10-13 01:30:00,0.0802,0.08143,0.0802,0.0813,461836.0
2025-10-13 02:00:00,0.0813,0.08195,0.08107,0.08112,1215379.0
2025-10-13 02:30:00,0.08121,0.08194,0.08113,0.08175,441390.0
2025-10-13 03:00:00,0.08177,0.08197,0.08116,0.08139,475130.0
2025-10-13 03:30:00,0.08134,0.08144,0.08029,0.08046,819252.0
2025-10-13 04:00:00,0.08041,0.08065,0.08024,0.08043,415174.0
2025-10-13 04:30:00,0.08043,0.081,0.08031,0.08063,534615.0
2025-10-13 05:00:00,0.08061,0.08069,0.08025,0.08055,256318.0
2025-10-13 05:30:00,0.08055,0.08116,0.08046,0.08086,247837.0
2025-10-13 06:00:00,0.08091,0.08155,0.08066,0.08143,611623.0
2025-10-13 06:30:00,0.08153,0.08182,0.08122,0.08161,290137.0
2025-10-13 07:00:00,0.08164,0.0821,0.08128,0.08187,733220.0
2025-10-13 07:30:00,0.08174,0.08205,0.08117,0.08142,460419.0
2025-10-13 08:00:00,0.08137,0.08199,0.08126,0.08194,494414.0
2025-10-13 08:30:00,0.08196,0.08285,0.08184,0.08255,481573.0
2025-10-13 09:00:00,0.08263,0.08265,0.08193,0.08217,378776.0
2025-10-13 09:30:00,0.08221,0.08294,0.08216,0.08286,361489.0
2025-10-13 10:00:00,0.08294,0.08294,0.08214,0.08262,399798.0
2025-10-13 10:30:00,0.08255,0.0828,0.0823,0.08275,605903.0
2025-10-13 11:00:00,0.08268,0.08268,0.08006,0.08006,3021682.0
2025-10-13 11:30:00,0.08004,0.08146,0.07984,0.08099,1428896.0
2025-10-13 12:00:00,0.08087,0.08188,0.08037,0.08154,1111194.0
2025-10-13 12:30:00,0.08153,0.08202,0.08099,0.08117,680847.0
2025-10-13 13:00:00,0.08119,0.08159,0.08087,0.08129,657060.0
2025-10-13 13:30:00,0.08129,0.08322,0.08121,0.08289,2927166.0
2025-10-13 14:00:00,0.08278,0.08289,0.08088,0.08125,1542760.0
2025-10-13 14:30:00,0.08116,0.08208,0.08071,0.08154,1624851.0
2025-10-13 15:00:00,0.08148,0.08222,0.08065,0.08119,2691876.0
2025-10-13 15:30:00,0.08128,0.08211,0.08128,0.08163,968903.0
2025-10-13 16:00:00,0.08156,0.08211,0.08102,0.08154,1823396.0
2025-10-13 16:30:00,0.08155,0.08186,0.081,0.08167,768786.0
2025-10-13 17:00:00,0.08163,0.0823,0.08161,0.08193,779446.0
2025-10-13 17:30:00,0.08199,0.08273,0.08148,0.08273,928400.0
2025-10-13 18:00:00,0.08273,0.08318,0.08238,0.08308,811121.0
2025-10-13 18:30:00,0.08311,0.08328,0.08255,0.08281,610994.0
2025-10-13 19:00:00,0.08284,0.08338,0.08284,0.08298,662806.0
2025-10-13 19:30:00,0.08295,0.08341,0.08279,0.08323,424738.0
2025-10-13 20:00:00,0.08331,0.0835,0.08278,0.08324,782294.0
2025-10-13 20:30:00,0.08314,0.08366,0.08311,0.08355,267581.0
2025-10-13 21:00:00,0.08358,0.08367,0.08314,0.08314,456800.0
2025-10-13 21:30:00,0.08326,0.08346,0.08318,0.08334,107944.0
2025-10-13 22:00:00,0.0833,0.08339,0.08306,0.08316,214180.0
2025-10-13 22:30:00,0.08311,0.08338,0.08305,0.08326,112503.0
2025-10-13 23:00:00,0.08321,0.08367,0.08304,0.08362,391814.0
2025-10-13 23:30:00,0.08355,0.08381,0.08323,0.08372,334961.0
2025-10-14 00:00:00,0.08377,0.08403,0.08348,0.08368,212338.0
2025-10-14 00:30:00,0.08363,0.08394,0.08316,0.08338,508450.0
2025-10-14 01:00:00,0.08341,0.08357,0.08301,0.08318,270941.0
2025-10-14 01:30:00,0.08322,0.08458,0.08318,0.08452,1616077.0
2025-10-14 02:00:00,0.08452,0.08573,0.08376,0.08449,2027915.0
2025-10-14 02:30:00,0.08451,0.08495,0.08401,0.0842,922931.0
2025-10-14 03:00:00,0.08426,0.08426,0.08324,0.0833,992559.0
2025-10-14 03:30:00,0.0833,0.08383,0.08307,0.0834,921246.0
2025-10-14 04:00:00,0.08345,0.08366,0.08266,0.08302,925613.0
2025-10-14 04:30:00,0.083,0.083,0.08162,0.08178,1041418.0
2025-10-14 05:00:00,0.08175,0.08238,0.08143,0.08153,942580.0
2025-10-14 05:30:00,0.08147,0.08152,0.08039,0.08058,848247.0
2025-10-14 06:00:00,0.08067,0.0811,0.08013,0.08028,734199.0
2025-10-14 06:30:00,0.08026,0.08051,0.07698,0.07777,4574390.0
2025-10-14 07:00:00,0.07776,0.07847,0.07744,0.07833,1891277.0
2025-10-14 07:30:00,0.07825,0.07832,0.07728,0.07775,1177339.0
2025-10-14 08:00:00,0.07765,0.07781,0.07659,0.07716,1487311.0
2025-10-14 08:30:00,0.07719,0.07757,0.07669,0.07691,1164890.0
2025-10-14 09:00:00,0.07698,0.07782,0.07698,0.0776,686006.0
2025-10-14 09:30:00,0.07757,0.07795,0.07722,0.07761,396189.0
2025-10-14 10:00:00,0.07756,0.07756,0.07614,0.07665,853885.0
2025-10-14 10:30:00,0.07658,0.07705,0.07576,0.07687,1779047.0
2025-10-14 11:00:00,0.07684,0.07756,0.07681,0.07722,966680.0
2025-10-14 11:30:00,0.07717,0.07776,0.07717,0.07767,755095.0
2025-10-14 12:00:00,0.07767,0.0777,0.07683,0.07701,495381.0
2025-10-14 12:30:00,0.07703,0.07711,0.07648,0.07669,862743.0
2025-10-14 13:00:00,0.07663,0.07714,0.07641,0.07712,330670.0
2025-10-14 13:30:00,0.07708,0.07774,0.07602,0.07735,2809206.0
2025-10-14 14:00:00,0.07726,0.07828,0.0771,0.07791,985389.0
2025-10-14 14:30:00,0.07796,0.07876,0.0774,0.07861,978328.0
2025-10-14 15:00:00,0.07862,0.07923,0.07855,0.07905,763388.0
2025-10-14 15:30:00,0.07905,0.08073,0.07905,0.08069,954109.0
2025-10-14 16:00:00,0.08071,0.08233,0.08028,0.0816,1650648.0
2025-10-14 16:30:00,0.08159,0.08182,0.08052,0.08074,1036895.0
2025-10-14 17:00:00,0.08082,0.08168,0.0799,0.08142,1063390.0
2025-10-14 17:30:00,0.08152,0.08171,0.0811,0.0812,348783.0
2025-10-14 18:00:00,0.08121,0.08172,0.08115,0.08129,238779.0
2025-10-14 18:30:00,0.08129,0.08153,0.08089,0.08136,266778.0
2025-10-14 19:00:00,0.08142,0.08173,0.08105,0.08142,227412.0
2025-10-14 19:30:00,0.08141,0.08155,0.08044,0.08106,951442.0
2025-10-14 20:00:00,0.08111,0.08136,0.08078,0.08097,231030.0
2025-10-14 20:30:00,0.08095,0.08123,0.0808,0.08113,135165.0
2025-10-14 21:00:00,0.08115,0.08115,0.08072,0.08105,145641.0
2025-10-14 21:30:00,0.08103,0.08116,0.08084,0.08115,71993.0
2025-10-14 22:00:00,0.08121,0.08171,0.08121,0.08145,258646.0
2025-10-14 22:30:00,0.0815,0.0815,0.08112,0.0813,45157.0
2025-10-14 23:00:00,0.08127,0.08174,0.08122,0.08167,124845.0
2025-10-14 23:30:00,0.08169,0.08188,0.08163,0.08175,157674.0
2025-10-15 00:00:00,0.08178,0.08182,0.08105,0.08135,394049.0
2025-10-15 00:30:00,0.0813,0.0817,0.08107,0.08165,283363.0
2025-10-15 01:00:00,0.0816,0.08164,0.08089,0.08089,303451.0
2025-10-15 01:30:00,0.08091,0.08124,0.08081,0.0812,152561.0
2025-10-15 02:00:00,0.08118,0.08187,0.08118,0.08186,563937.0
2025-10-15 02:30:00,0.08186,0.0819,0.08133,0.0814,128582.0
2025-10-15 03:00:00,0.08141,0.08146,0.08066,0.08092,250458.0
2025-10-15 03:30:00,0.08096,0.081,0.08039,0.08077,187267.0
2025-10-15 04:00:00,0.08077,0.08105,0.08045,0.08089,747725.0
2025-10-15 04:30:00,0.08088,0.08159,0.08087,0.08149,470680.0
2025-10-15 05:00:00,0.08149,0.0817,0.08124,0.08127,347694.0
2025-10-15 05:30:00,0.08125,0.08169,0.08103,0.08144,221113.0
2025-10-15 06:00:00,0.08142,0.08158,0.08079,0.08098,305121.0
2025-10-15 06:30:00,0.08094,0.08185,0.08087,0.08141,754716.0
2025-10-15 07:00:00,0.08141,0.08175,0.08118,0.08149,267896.0
2025-10-15 07:30:00,0.08151,0.08194,0.08136,0.08192,170226.0
2025-10-15 08:00:00,0.08192,0.08236,0.08187,0.08228,716218.0
2025-10-15 08:30:00,0.08225,0.08239,0.08186,0.08187,1188958.0
2025-10-15 09:00:00,0.08186,0.08288,0.08182,0.08238,1168892.0
2025-10-15 09:30:00,0.08238,0.08242,0.08173,0.08233,853743.0
2025-10-15 10:00:00,0.08224,0.08263,0.08217,0.08235,709838.0
2025-10-15 10:30:00,0.08232,0.08254,0.08214,0.08215,324112.0
2025-10-15 11:00:00,0.08217,0.08257,0.08183,0.08219,757647.0
2025-10-15 11:30:00,0.08215,0.08232,0.08194,0.08202,252851.0
2025-10-15 12:00:00,0.08203,0.0823,0.08149,0.08155,499468.0
2025-10-15 12:30:00,0.08158,0.08193,0.08149,0.08181,381917.0
2025-10-15 13:00:00,0.08185,0.08198,0.08123,0.08148,425990.0
2025-10-15 13:30:00,0.08143,0.08197,0.07976,0.08101,2541996.0
2025-10-15 14:00:00,0.08112,0.08214,0.08104,0.08189,880820.0
2025-10-15 14:30:00,0.08189,0.08194,0.08042,0.08082,705085.0
2025-10-15 15:00:00,0.08087,0.08111,0.08033,0.08053,499344.0
2025-10-15 15:30:00,0.08053,0.08061,0.07997,0.08024,646439.0
2025-10-15 16:00:00,0.08031,0.08045,0.0795,0.07998,487705.0
2025-10-15 16:30:00,0.07998,0.08021,0.07965,0.0798,164911.0
2025-10-15 17:00:00,0.07978,0.07978,0.07887,0.07902,623896.0
2025-10-15 17:30:00,0.07901,0.07935,0.07882,0.07933,255614.0
2025-10-15 18:00:00,0.07938,0.07962,0.07905,0.07935,239324.0
2025-10-15 18:30:00,0.07937,0.07971,0.07913,0.07961,154139.0
2025-10-15 19:00:00,0.07961,0.07961,0.07913,0.07948,100053.0
2025-10-15 19:30:00,0.07945,0.07947,0.07857,0.07879,271081.0
2025-10-15 20:00:00,0.07878,0.07941,0.07869,0.07875,312623.0
2025-10-15 20:30:00,0.07872,0.07905,0.07772,0.07823,1666668.0
2025-10-15 21:00:00,0.07819,0.0785,0.07757,0.07843,353526.0
2025-10-15 21:30:00,0.0785,0.07897,0.07785,0.07812,257416.0
2025-10-15 22:00:00,0.07815,0.07883,0.07814,0.07853,436254.0
2025-10-15 22:30:00,0.07855,0.07881,0.07834,0.07856,184238.0
2025-10-15 23:00:00,0.07856,0.07887,0.07849,0.07875,94192.0
2025-10-15 23:30:00,0.07876,0.07903,0.07876,0.07891,141908.0
2025-10-16 00:00:00,0.07893,0.07924,0.0788,0.079,285157.0
2025-10-16 00:30:00,0.07901,0.07901,0.07863,0.07877,129222.0
2025-10-16 01:00:00,0.07878,0.07947,0.07878,0.07906,298550.0
2025-10-16 01:30:00,0.07905,0.0796,0.079,0.07948,190570.0
2025-10-16 02:00:00,0.07955,0.07969,0.0793,0.07937,131828.0
2025-10-16 02:30:00,0.07938,0.07938,0.0789,0.07929,96190.0
2025-10-16 03:00:00,0.07925,0.07941,0.07892,0.07919,168540.0
2025-10-16 03:30:00,0.0791,0.0791,0.07883,0.07885,86614.0
2025-10-16 04:00:00,0.07884,0.07948,0.07884,0.07931,157130.0
2025-10-16 04:30:00,0.07931,0.07937,0.07887,0.07913,95692.0
2025-10-16 05:00:00,0.07913,0.07921,0.07878,0.07888,206549.0
2025-10-16 05:30:00,0.07889,0.07956,0.07848,0.07882,506684.0
2025-10-16 06:00:00,0.07881,0.07947,0.07881,0.07934,432537.0
2025-10-16 06:30:00,0.07941,0.07984,0.07941,0.07977,135914.0
2025-10-16 07:00:00,0.07974,0.0798,0.07917,0.07919,165086.0
2025-10-16 07:30:00,0.07921,0.07945,0.07911,0.07928,220204.0
2025-10-16 08:00:00,0.07926,0.0795,0.07905,0.07909,87111.0
2025-10-16 08:30:00,0.07913,0.07926,0.07886,0.07905,184343.0
2025-10-16 09:00:00,0.07901,0.07916,0.07886,0.07886,230732.0
2025-10-16 09:30:00,0.07882,0.0795,0.07709,0.07878,2917795.0
2025-10-16 10:00:00,0.07877,0.08,0.07877,0.07965,755501.0
2025-10-16 10:30:00,0.07962,0.07988,0.07954,0.0796,120281.0
2025-10-16 11:00:00,0.07959,0.07978,0.07927,0.07928,195973.0
2025-10-16 11:30:00,0.07921,0.07976,0.07917,0.07976,193757.0
2025-10-16 12:00:00,0.07971,0.08033,0.07964,0.07978,198361.0
2025-10-16 12:30:00,0.07979,0.08006,0.07955,0.07974,291291.0
2025-10-16 13:00:00,0.07967,0.08006,0.0795,0.07976,252729.0
2025-10-16 13:30:00,0.07984,0.08026,0.07927,0.07949,539692.0
2025-10-16 14:00:00,0.0795,0.07959,0.07833,0.07869,925429.0
2025-10-16 14:30:00,0.07872,0.0799,0.07869,0.07886,734115.0
2025-10-16 15:00:00,0.07885,0.07904,0.0781,0.07828,529846.0
2025-10-16 15:30:00,0.07827,0.07835,0.07658,0.07688,1823462.0
2025-10-16 16:00:00,0.0768,0.07702,0.07566,0.07632,1321968.0
2025-10-16 16:30:00,0.07632,0.07768,0.07573,0.07762,1089219.0
2025-10-16 17:00:00,0.07762,0.0777,0.07695,0.07732,796245.0
2025-10-16 17:30:00,0.07738,0.07749,0.07661,0.07674,235994.0
2025-10-16 18:00:00,0.07674,0.07675,0.0757,0.07601,312366.0
2025-10-16 18:30:00,0.07594,0.07676,0.07592,0.07628,262976.0
2025-10-16 19:00:00,0.07611,0.07634,0.07512,0.07546,343773.0
2025-10-16 19:30:00,0.07544,0.07561,0.07462,0.07506,901730.0
2025-10-16 20:00:00,0.07504,0.07537,0.07441,0.07464,504723.0
2025-10-16 20:30:00,0.07464,0.07472,0.07316,0.07361,1957518.0
2025-10-16 21:00:00,0.07367,0.07445,0.07361,0.07445,680070.0
2025-10-16 21:30:00,0.0744,0.07498,0.0744,0.07493,295406.0
2025-10-16 22:00:00,0.07494,0.07506,0.07423,0.07466,543679.0
2025-10-16 22:30:00,0.07466,0.07478,0.07431,0.07437,367661.0
2025-10-16 23:00:00,0.07432,0.07515,0.07425,0.07493,543779.0
2025-10-16 23:30:00,0.07493,0.07506,0.07468,0.07481,354130.0
2025-10-17 00:00:00,0.07489,0.07566,0.07481,0.07563,567366.0
2025-10-17 00:30:00,0.07553,0.07578,0.07532,0.07559,298663.0
2025-10-17 01:00:00,0.07554,0.07608,0.07541,0.07583,435465.0
2025-10-17 01:30:00,0.07583,0.07588,0.07544,0.07567,310876.0
2025-10-17 02:00:00,0.07564,0.0758,0.07517,0.07524,372202.0
2025-10-17 02:30:00,0.07524,0.07568,0.07518,0.07563,453021.0
2025-10-17 03:00:00,0.07563,0.076,0.07563,0.07576,479008.0
2025-10-17 03:30:00,0.07576,0.07585,0.07555,0.07569,145811.0
2025-10-17 04:00:00,0.07572,0.0758,0.07555,0.0756,222956.0
2025-10-17 04:30:00,0.0756,0.07582,0.07552,0.07567,364233.0
2025-10-17 05:00:00,0.07563,0.07599,0.07556,0.07589,147316.0
2025-10-17 05:30:00,0.07599,0.07605,0.07544,0.0755,677305.0
2025-10-17 06:00:00,0.07555,0.07576,0.07492,0.07502,699323.0
2025-10-17 06:30:00,0.075,0.07503,0.07278,0.07306,5086520.0
2025-10-17 07:00:00,0.07305,0.07734,0.07175,0.07279,25434721.0
2025-10-17 07:30:00,0.07289,0.07344,0.07144,0.07209,6513460.0
2025-10-17 08:00:00,0.07215,0.07292,0.0707,0.07167,3537729.0
2025-10-17 08:30:00,0.07158,0.07226,0.07088,0.07126,2153328.0
2025-10-17 09:00:00,0.07118,0.0719,0.07094,0.07164,1388958.0
2025-10-17 09:30:00,0.07167,0.07263,0.07093,0.07093,1319469.0
2025-10-17 10:00:00,0.07101,0.07136,0.06973,0.07008,2202114.0
2025-10-17 10:30:00,0.07006,0.07178,0.06981,0.07146,1801643.0
2025-10-17 11:00:00,0.07143,0.07318,0.0712,0.07271,2351936.0
2025-10-17 11:30:00,0.07271,0.07296,0.07208,0.07258,1123772.0
2025-10-17 12:00:00,0.07256,0.07329,0.07238,0.07262,917139.0
2025-10-17 12:30:00,0.07274,0.07296,0.0723,0.07253,668918.0
2025-10-17 13:00:00,0.07262,0.07287,0.07187,0.07216,1007589.0
2025-10-17 13:30:00,0.0721,0.07266,0.07126,0.07221,1866975.0
2025-10-17 14:00:00,0.07222,0.07256,0.07177,0.07198,995622.0
2025-10-17 14:30:00,0.07188,0.0725,0.07116,0.07193,1294500.0
2025-10-17 15:00:00,0.07186,0.07257,0.07176,0.07218,1233033.0
2025-10-17 15:30:00,0.0723,0.0728,0.07166,0.07272,866544.0
2025-10-17 16:00:00,0.07278,0.07423,0.07269,0.07347,1049902.0
2025-10-17 16:30:00,0.07361,0.07377,0.07289,0.07297,251038.0
2025-10-17 17:00:00,0.0731,0.07346,0.07277,0.07282,321435.0
2025-10-17 17:30:00,0.07282,0.07357,0.07272,0.07327,329667.0
2025-10-17 18:00:00,0.07336,0.07389,0.07318,0.07363,323917.0
2025-10-17 18:30:00,0.07367,0.07386,0.07288,0.07304,166119.0
2025-10-17 19:00:00,0.07314,0.07354,0.07294,0.07325,331631.0
2025-10-17 19:30:00,0.07326,0.07327,0.07276,0.07313,194763.0
2025-10-17 20:00:00,0.07308,0.07422,0.073,0.07415,362783.0
2025-10-17 20:30:00,0.07409,0.07426,0.07372,0.07378,167779.0
2025-10-17 21:00:00,0.07372,0.07424,0.07354,0.07394,533198.0
2025-10-17 21:30:00,0.07394,0.07454,0.07385,0.07445,469651.0
2025-10-17 22:00:00,0.07454,0.07467,0.07407,0.07414,213741.0
2025-10-17 22:30:00,0.07416,0.07416,0.07384,0.07409,220374.0
2025-10-17 23:00:00,0.07409,0.07411,0.07384,0.07385,118577.0
2025-10-17 23:30:00,0.07384,0.07387,0.07368,0.07373,94428.0
2025-10-18 00:00:00,0.07376,0.07444,0.07364,0.07429,280010.0
2025-10-18 00:30:00,0.07429,0.07448,0.07414,0.07436,89823.0
2025-10-18 01:00:00,0.07436,0.07486,0.07427,0.07485,193072.0
2025-10-18 01:30:00,0.07484,0.07489,0.0745,0.07467,128247.0
2025-10-18 02:00:00,0.07466,0.07481,0.07415,0.07438,517646.0
2025-10-18 02:30:00,0.07437,0.0746,0.07398,0.0741,237406.0
2025-10-18 03:00:00,0.07413,0.07461,0.07413,0.07438,318048.0
2025-10-18 03:30:00,0.07442,0.075,0.07439,0.07485,383453.0
2025-10-18 04:00:00,0.0749,0.07496,0.07434,0.07481,355739.0
2025-10-18 04:30:00,0.07477,0.07481,0.07444,0.07448,45199.0
2025-10-18 05:00:00,0.0745,0.07468,0.07434,0.07436,366716.0
2025-10-18 05:30:00,0.07436,0.07495,0.07435,0.07491,364168.0
2025-10-18 06:00:00,0.07491,0.07511,0.07461,0.07469,477655.0
2025-10-18 06:30:00,0.07472,0.0751,0.07465,0.07501,217216.0
2025-10-18 07:00:00,0.07502,0.07572,0.07501,0.07521,409282.0
2025-10-18 07:30:00,0.07512,0.07534,0.07483,0.07496,69839.0
2025-10-18 08:00:00,0.07495,0.0752,0.07485,0.07508,66347.0
2025-10-18 08:30:00,0.07499,0.07514,0.07334,0.07363,2289984.0
2025-10-18 09:00:00,0.07362,0.07392,0.07333,0.07381,602416.0
2025-10-18 09:30:00,0.07381,0.07383,0.07337,0.07366,532952.0
2025-10-18 10:00:00,0.07368,0.07385,0.07357,0.07385,219948.0
2025-10-18 10:30:00,0.07383,0.07398,0.07351,0.07374,314269.0
2025-10-18 11:00:00,0.07373,0.07438,0.07368,0.07426,330052.0
2025-10-18 11:30:00,0.07429,0.07453,0.07423,0.07453,118888.0
2025-10-18 12:00:00,0.07452,0.07483,0.07439,0.07446,231504.0
2025-10-18 12:30:00,0.0744,0.07452,0.07422,0.07425,76872.0
2025-10-18 13:00:00,0.0743,0.0743,0.0738,0.07391,246430.0
2025-10-18 13:30:00,0.0739,0.0739,0.07337,0.07362,404728.0
2025-10-18 14:00:00,0.07359,0.0737,0.07328,0.07364,172369.0
2025-10-18 14:30:00,0.07365,0.07405,0.07365,0.074,72921.0
2025-10-18 15:00:00,0.07395,0.07401,0.07373,0.07377,112531.0
2025-10-18 15:30:00,0.07377,0.07377,0.07347,0.07358,98780.0
2025-10-18 16:00:00,0.07357,0.07365,0.07292,0.07298,399758.0
2025-10-18 16:30:00,0.07295,0.07317,0.07285,0.07313,91021.0
2025-10-18 17:00:00,0.07311,0.07363,0.07298,0.07357,210151.0
2025-10-18 17:30:00,0.07355,0.07376,0.07342,0.07374,136670.0
2025-10-18 18:00:00,0.07376,0.07389,0.07343,0.0736,68880.0
2025-10-18 18:30:00,0.07354,0.07369,0.07351,0.07362,24395.0
2025-10-18 19:00:00,0.07365,0.07409,0.07365,0.07407,86492.0
2025-10-18 19:30:00,0.07407,0.07428,0.07395,0.07409,201030.0
2025-10-18 20:00:00,0.07415,0.07444,0.07408,0.07439,55864.0
2025-10-18 20:30:00,0.07439,0.07453,0.07431,0.07432,59387.0
2025-10-18 21:00:00,0.07429,0.07457,0.07429,0.07446,108658.0
2025-10-18 21:30:00,0.07441,0.07496,0.07441,0.0748,309252.0
2025-10-18 22:00:00,0.0748,0.07493,0.07469,0.07492,148751.0
2025-10-18 22:30:00,0.07489,0.07496,0.07467,0.07474,84781.0
2025-10-18 23:00:00,0.07475,0.07489,0.07436,0.07453,206809.0
2025-10-18 23:30:00,0.07453,0.07469,0.07428,0.07442,254436.0
2025-10-19 00:00:00,0.07443,0.07451,0.07374,0.07379,200631.0
2025-10-19 00:30:00,0.07379,0.07392,0.07314,0.07338,268124.0
2025-10-19 01:00:00,0.07338,0.07372,0.07306,0.07369,401588.0
2025-10-19 01:30:00,0.07365,0.07373,0.0734,0.07373,94608.0
2025-10-19 02:00:00,0.07371,0.07414,0.07363,0.07384,397012.0
2025-10-19 02:30:00,0.07386,0.07394,0.07347,0.07366,171298.0
2025-10-19 03:00:00,0.07368,0.07403,0.07354,0.07399,129458.0
2025-10-19 03:30:00,0.07397,0.07435,0.07394,0.07432,131273.0
2025-10-19 04:00:00,0.07423,0.07429,0.07365,0.07385,92876.0
2025-10-19 04:30:00,0.07387,0.07398,0.0737,0.07377,71873.0
2025-10-19 05:00:00,0.07379,0.07423,0.07373,0.0738,189818.0
2025-10-19 05:30:00,0.07375,0.07394,0.07352,0.07374,148495.0
2025-10-19 06:00:00,0.07379,0.07398,0.07335,0.07356,180051.0
2025-10-19 06:30:00,0.07356,0.07356,0.07322,0.07346,78234.0
2025-10-19 07:00:00,0.07351,0.07383,0.07346,0.0735,115236.0
2025-10-19 07:30:00,0.07349,0.07379,0.07323,0.07379,224697.0
2025-10-19 08:00:00,0.07369,0.07435,0.073,0.07371,795747.0
2025-10-19 08:30:00,0.07363,0.07364,0.07311,0.07329,346138.0
2025-10-19 09:00:00,0.07323,0.07342,0.07292,0.07304,278771.0
2025-10-19 09:30:00,0.07297,0.07478,0.07292,0.07444,602971.0
2025-10-19 10:00:00,0.07443,0.07548,0.07411,0.07503,668468.0
2025-10-19 10:30:00,0.07515,0.07517,0.07475,0.07503,403360.0
2025-10-19 11:00:00,0.07508,0.07555,0.07495,0.07508,472768.0
2025-10-19 11:30:00,0.07504,0.07518,0.07485,0.07504,112731.0
2025-10-19 12:00:00,0.07504,0.07569,0.07497,0.07511,1128412.0
2025-10-19 12:30:00,0.07511,0.07554,0.07498,0.07514,229216.0
2025-10-19 13:00:00,0.07521,0.07567,0.07507,0.07555,274950.0
2025-10-19 13:30:00,0.07555,0.07615,0.07555,0.07591,378467.0
2025-10-19 14:00:00,0.07595,0.07619,0.07568,0.07608,249031.0
2025-10-19 14:30:00,0.07613,0.0762,0.07582,0.07617,89729.0
2025-10-19 15:00:00,0.07617,0.07621,0.07563,0.07577,480101.0
2025-10-19 15:30:00,0.0758,0.07582,0.07557,0.0757,171725.0
2025-10-19 16:00:00,0.07577,0.07579,0.07544,0.0756,95073.0
2025-10-19 16:30:00,0.07554,0.07582,0.07545,0.0757,69005.0
2025-10-19 17:00:00,0.07566,0.07617,0.07557,0.07595,209025.0
2025-10-19 17:30:00,0.07587,0.07604,0.0758,0.07589,39053.0
2025-10-19 18:00:00,0.07587,0.07603,0.07586,0.07592,56171.0
2025-10-19 18:30:00,0.07586,0.07609,0.07585,0.07597,34239.0
2025-10-19 19:00:00,0.07597,0.07598,0.07565,0.07588,154281.0
2025-10-19 19:30:00,0.07584,0.07587,0.07567,0.07579,43735.0
2025-10-19 20:00:00,0.07577,0.07584,0.07552,0.07583,157763.0
2025-10-19 20:30:00,0.0758,0.07611,0.07576,0.07598,53991.0
2025-10-19 21:00:00,0.076,0.07608,0.07572,0.07577,63365.0
2025-10-19 21:30:00,0.07577,0.07592,0.07572,0.07578,45894.0
2025-10-19 22:00:00,0.07581,0.07601,0.07568,0.07584,218411.0
2025-10-19 22:30:00,0.07584,0.07597,0.07576,0.07579,59679.0
2025-10-19 23:00:00,0.07579,0.07579,0.07544,0.0755,160025.0
2025-10-19 23:30:00,0.0755,0.07557,0.07521,0.07531,129749.0
2025-10-20 00:00:00,0.0753,0.07539,0.07423,0.0743,839140.0
2025-10-20 00:30:00,0.07428,0.07465,0.07385,0.07465,489978.0
2025-10-20 01:00:00,0.07466,0.07488,0.07423,0.07475,625993.0
2025-10-20 01:30:00,0.07468,0.07476,0.07441,0.07475,119183.0
2025-10-20 02:00:00,0.07471,0.07471,0.0742,0.07463,367677.0
2025-10-20 02:30:00,0.0746,0.07488,0.0745,0.07481,97927.0
2025-10-20 03:00:00,0.0748,0.075,0.07458,0.07492,258600.0
2025-10-20 03:30:00,0.07496,0.07605,0.07487,0.07592,604668.0
2025-10-20 04:00:00,0.07597,0.07639,0.07596,0.07606,355139.0
2025-10-20 04:30:00,0.07609,0.07632,0.07605,0.07628,65832.0
2025-10-20 05:00:00,0.07626,0.07642,0.07605,0.07615,255593.0
2025-10-20 05:30:00,0.07623,0.07645,0.07608,0.07639,91898.0
2025-10-20 06:00:00,0.07636,0.07671,0.07631,0.07659,160153.0
2025-10-20 06:30:00,0.07657,0.0768,0.07651,0.07655,103235.0
2025-10-20 07:00:00,0.07655,0.07676,0.07629,0.07667,250689.0
2025-10-20 07:30:00,0.07663,0.07673,0.07656,0.07672,134489.0
2025-10-20 08:00:00,0.07672,0.07695,0.07663,0.07695,384659.0
2025-10-20 08:30:00,0.07692,0.0773,0.0767,0.07678,503125.0
2025-10-20 09:00:00,0.07678,0.07705,0.07642,0.07659,602090.0
2025-10-20 09:30:00,0.07661,0.07692,0.07651,0.07678,53464.0
2025-10-20 10:00:00,0.07679,0.07719,0.07668,0.07718,382175.0
2025-10-20 10:30:00,0.07719,0.07769,0.07663,0.07705,904126.0
2025-10-20 11:00:00,0.07701,0.07721,0.07684,0.07721,139486.0
2025-10-20 11:30:00,0.07719,0.079,0.07709,0.07857,1004585.0
2025-10-20 12:00:00,0.0786,0.07915,0.07815,0.07847,1736930.0
2025-10-20 12:30:00,0.07849,0.07849,0.07757,0.07771,747496.0
2025-10-20 13:00:00,0.07772,0.07779,0.07715,0.07741,742561.0
2025-10-20 13:30:00,0.07741,0.07764,0.07737,0.07761,157330.0
2025-10-20 14:00:00,0.07763,0.07781,0.07714,0.07781,505583.0
2025-10-20 14:30:00,0.07782,0.07785,0.07761,0.0777,80081.0
2025-10-20 15:00:00,0.07773,0.0782,0.07758,0.07773,895180.0
2025-10-20 15:30:00,0.07773,0.07807,0.07752,0.07755,324897.0
2025-10-20 16:00:00,0.0775,0.07772,0.07626,0.07739,1226803.0
2025-10-20 16:30:00,0.07738,0.0774,0.07613,0.07681,673251.0
2025-10-20 17:00:00,0.07675,0.07711,0.07624,0.07642,296966.0
2025-10-20 17:30:00,0.07642,0.07688,0.07618,0.07667,489800.0
2025-10-20 18:00:00,0.07666,0.07672,0.07615,0.07648,221156.0
2025-10-20 18:30:00,0.07646,0.07671,0.07639,0.07654,130254.0
2025-10-20 19:00:00,0.07657,0.07657,0.07627,0.0765,214306.0
2025-10-20 19:30:00,0.0765,0.07684,0.07642,0.07663,34922.0
2025-10-20 20:00:00,0.07662,0.07687,0.07655,0.07676,105002.0
2025-10-20 20:30:00,0.07675,0.0771,0.07672,0.07691,237090.0
2025-10-20 21:00:00,0.07691,0.07743,0.07688,0.07738,99312.0
2025-10-20 21:30:00,0.07738,0.07781,0.0769,0.077,310509.0
2025-10-20 22:00:00,0.07699,0.07728,0.07682,0.07712,109764.0
2025-10-20 22:30:00,0.07715,0.07742,0.0771,0.0771,97771.0
2025-10-20 23:00:00,0.07712,0.0772,0.07684,0.077,184400.0
2025-10-20 23:30:00,0.0771,0.0771,0.07668,0.07684,34372.0
2025-10-21 00:00:00,0.07677,0.07863,0.07662,0.07806,2078949.0
2025-10-21 00:30:00,0.07811,0.0786,0.07716,0.07771,1049722.0
2025-10-21 01:00:00,0.0778,0.07801,0.07744,0.07751,318365.0
2025-10-21 01:30:00,0.07749,0.0777,0.0763,0.0767,439682.0
2025-10-21 02:00:00,0.07672,0.07676,0.07593,0.07641,504682.0
2025-10-21 02:30:00,0.0765,0.07664,0.07622,0.07632,138605.0
2025-10-21 03:00:00,0.07632,0.07653,0.07612,0.0762,387150.0
2025-10-21 03:30:00,0.07614,0.07617,0.07559,0.07579,112812.0
2025-10-21 04:00:00,0.0757,0.07576,0.07488,0.0753,660637.0
2025-10-21 04:30:00,0.07529,0.07529,0.07463,0.07486,274356.0
2025-10-21 05:00:00,0.0748,0.0752,0.07464,0.07505,333906.0
2025-10-21 05:30:00,0.07505,0.07543,0.07503,0.07505,388575.0
2025-10-21 06:00:00,0.07505,0.07567,0.07492,0.07558,388762.0
2025-10-21 06:30:00,0.07558,0.07581,0.07539,0.07539,129474.0
2025-10-21 07:00:00,0.07539,0.07552,0.07494,0.07511,260654.0
2025-10-21 07:30:00,0.07511,0.07578,0.07511,0.07559,167749.0
2025-10-21 08:00:00,0.07565,0.07566,0.07528,0.07538,171945.0
2025-10-21 08:30:00,0.07539,0.07544,0.07468,0.07514,345977.0
2025-10-21 09:00:00,0.07514,0.07522,0.07494,0.07509,78819.0
2025-10-21 09:30:00,0.07508,0.0753,0.07498,0.07514,80552.0
2025-10-21 10:00:00,0.07512,0.07542,0.07497,0.07518,105011.0
2025-10-21 10:30:00,0.07529,0.07612,0.07527,0.07578,264791.0
2025-10-21 11:00:00,0.07578,0.07587,0.07549,0.0756,221885.0
2025-10-21 11:30:00,0.07553,0.07615,0.07542,0.07607,106688.0
2025-10-21 12:00:00,0.07609,0.07659,0.07586,0.07621,532867.0
2025-10-21 12:30:00,0.07624,0.07635,0.07553,0.07572,218839.0
2025-10-21 13:00:00,0.07565,0.07601,0.07526,0.07583,595975.0
2025-10-21 13:30:00,0.07589,0.07648,0.07572,0.07596,501460.0
2025-10-21 14:00:00,0.07604,0.07784,0.07604,0.07705,610307.0
2025-10-21 14:30:00,0.07703,0.07841,0.07684,0.07824,859542.0
2025-10-21 15:00:00,0.0783,0.07932,0.07814,0.07892,990064.0
2025-10-21 15:30:00,0.07896,0.07923,0.07848,0.07895,337553.0
2025-10-21 16:00:00,0.07901,0.07956,0.07891,0.07932,268123.0
2025-10-21 16:30:00,0.07943,0.07958,0.07818,0.07822,581458.0
2025-10-21 17:00:00,0.0784,0.07916,0.07783,0.07859,1182881.0
2025-10-21 17:30:00,0.07871,0.079,0.07841,0.07871,301943.0
2025-10-21 18:00:00,0.07862,0.07882,0.07815,0.07843,352065.0
2025-10-21 18:30:00,0.07844,0.07881,0.07825,0.07869,75377.0
2025-10-21 19:00:00,0.0787,0.07876,0.07827,0.07846,191812.0
2025-10-21 19:30:00,0.07843,0.07856,0.07815,0.07815,132387.0
2025-10-21 20:00:00,0.07819,0.07849,0.07763,0.07772,489248.0
2025-10-21 20:30:00,0.07781,0.07792,0.07757,0.07764,92546.0
2025-10-21 21:00:00,0.07775,0.07794,0.07708,0.07741,335982.0
2025-10-21 21:30:00,0.07746,0.07764,0.07722,0.0775,158768.0
2025-10-21 22:00:00,0.0775,0.07756,0.0764,0.07643,176282.0
2025-10-21 22:30:00,0.07644,0.07667,0.07564,0.07604,591160.0
2025-10-21 23:00:00,0.07597,0.07642,0.07579,0.07594,259156.0
2025-10-21 23:30:00,0.07584,0.0759,0.07527,0.07577,289838.0
2025-10-22 00:00:00,0.07574,0.07627,0.0756,0.07587,412450.0
2025-10-22 00:30:00,0.07587,0.07621,0.07524,0.07556,515290.0
2025-10-22 01:00:00,0.07559,0.07588,0.07527,0.07539,383101.0
2025-10-22 01:30:00,0.07543,0.07562,0.07512,0.07553,178138.0
2025-10-22 02:00:00,0.07554,0.07592,0.07542,0.07569,280808.0
2025-10-22 02:30:00,0.07568,0.0758,0.0755,0.07571,107532.0
2025-10-22 03:00:00,0.07571,0.07571,0.07507,0.07532,238342.0
2025-10-22 03:30:00,0.0753,0.07549,0.07507,0.07547,38178.0
2025-10-22 04:00:00,0.07545,0.07596,0.07504,0.07505,710534.0
2025-10-22 04:30:00,0.07508,0.07584,0.07507,0.07565,360684.0
2025-10-22 05:00:00,0.07552,0.07567,0.07462,0.07505,690527.0
2025-10-22 05:30:00,0.07507,0.07531,0.07486,0.07524,106175.0
2025-10-22 06:00:00,0.07523,0.07541,0.07498,0.07526,104603.0
2025-10-22 06:30:00,0.07531,0.07545,0.07513,0.07522,44396.0
2025-10-22 07:00:00,0.07516,0.07525,0.07494,0.07519,95470.0
2025-10-22 07:30:00,0.07522,0.07573,0.07519,0.07568,261306.0
2025-10-22 08:00:00,0.07565,0.07567,0.07521,0.07546,290722.0
2025-10-22 08:30:00,0.07542,0.07563,0.07534,0.07548,72395.0
2025-10-22 09:00:00,0.07547,0.07551,0.07498,0.07527,145396.0
2025-10-22 09:30:00,0.07529,0.07535,0.07441,0.07473,443879.0
2025-10-22 10:00:00,0.07466,0.0749,0.07434,0.07443,200366.0
2025-10-22 10:30:00,0.07445,0.0745,0.07407,0.07408,440519.0
2025-10-22 11:00:00,0.07414,0.07535,0.07337,0.07487,1002773.0
2025-10-22 11:30:00,0.07495,0.07521,0.07466,0.07487,121571.0
2025-10-22 12:00:00,0.0748,0.07526,0.07459,0.07519,157146.0
2025-10-22 12:30:00,0.07509,0.0754,0.07481,0.07505,208038.0
2025-10-22 13:00:00,0.07508,0.07547,0.07504,0.07514,110594.0
2025-10-22 13:30:00,0.07514,0.07601,0.07466,0.07582,644422.0
2025-10-22 14:00:00,0.07582,0.07598,0.07459,0.07465,395395.0
2025-10-22 14:30:00,0.07468,0.07556,0.07454,0.07556,401235.0
2025-10-22 15:00:00,0.07557,0.07576,0.07468,0.0748,259837.0
2025-10-22 15:30:00,0.0748,0.07536,0.07476,0.07524,93480.0
2025-10-22 16:00:00,0.07523,0.07556,0.07465,0.07486,293953.0
2025-10-22 16:30:00,0.07495,0.07503,0.07412,0.07457,548355.0
2025-10-22 17:00:00,0.07458,0.07477,0.07428,0.07432,86914.0
2025-10-22 17:30:00,0.07434,0.07457,0.07395,0.07406,101338.0
2025-10-22 18:00:00,0.07402,0.07424,0.07345,0.07364,257098.0
2025-10-22 18:30:00,0.07367,0.07378,0.07346,0.07369,81423.0
2025-10-22 19:00:00,0.07364,0.07428,0.0736,0.07414,212325.0
2025-10-22 19:30:00,0.07411,0.07422,0.07331,0.07375,340629.0
2025-10-22 20:00:00,0.07373,0.0738,0.07322,0.07322,129319.0
2025-10-22 20:30:00,0.07319,0.07351,0.07309,0.07314,118273.0
2025-10-22 21:00:00,0.07316,0.07319,0.07168,0.07239,1625409.0
2025-10-22 21:30:00,0.07237,0.07292,0.07234,0.07276,145962.0
2025-10-22 22:00:00,0.0728,0.07321,0.07239,0.07247,786120.0
2025-10-22 22:30:00,0.07256,0.07287,0.0722,0.07263,710697.0
2025-10-22 23:00:00,0.07258,0.07399,0.07258,0.07368,567363.0
2025-10-22 23:30:00,0.07376,0.07406,0.07362,0.07376,324714.0
2025-10-23 00:00:00,0.07381,0.07427,0.0736,0.07397,337642.0
2025-10-23 00:30:00,0.07393,0.07468,0.07393,0.07436,599110.0
2025-10-23 01:00:00,0.07428,0.07483,0.07414,0.07444,387879.0
2025-10-23 01:30:00,0.0745,0.0745,0.07416,0.07422,71111.0
2025-10-23 02:00:00,0.07429,0.0745,0.07422,0.07439,178193.0
2025-10-23 02:30:00,0.07448,0.0745,0.07428,0.07429,38136.0
2025-10-23 03:00:00,0.07428,0.07471,0.07428,0.07465,115410.0
2025-10-23 03:30:00,0.07464,0.07471,0.07436,0.07449,43649.0
