time,open,high,low,close,volume
2025-04-27 08:00:00,85.4,85.78,85.23,85.74,28900.473
2025-04-27 08:30:00,85.73,86.36,85.66,86.3,32127.512
2025-04-27 09:00:00,86.31,86.45,86.0,86.05,33532.813
2025-04-27 09:30:00,86.06,86.45,86.05,86.4,26699.789
2025-04-27 10:00:00,86.4,86.49,86.15,86.18,24353.486
2025-04-27 10:30:00,86.18,86.29,85.93,86.19,27744.739
2025-04-27 11:00:00,86.18,86.5,86.17,86.27,23924.897
2025-04-27 11:30:00,86.27,86.44,86.16,86.26,15239.244
2025-04-27 12:00:00,86.26,86.4,85.7,85.76,34424.45
2025-04-27 12:30:00,85.75,87.13,85.55,86.67,89252.859
2025-04-27 13:00:00,86.67,86.97,85.78,86.04,55487.715
2025-04-27 13:30:00,86.04,86.88,86.0,86.67,25113.496
2025-04-27 14:00:00,86.67,87.12,86.47,86.96,25754.454
2025-04-27 14:30:00,86.97,87.16,86.82,86.92,33246.976
2025-04-27 15:00:00,86.92,87.09,86.14,86.15,42515.327
2025-04-27 15:30:00,86.15,86.28,85.79,86.2,27170.336
2025-04-27 16:00:00,86.21,86.84,86.13,86.32,33146.777
2025-04-27 16:30:00,86.32,86.51,85.95,86.18,24014.543
2025-04-27 17:00:00,86.18,86.41,86.01,86.13,17550.754
2025-04-27 17:30:00,86.14,86.34,85.94,86.29,14189.256
2025-04-27 18:00:00,86.29,86.69,86.17,86.61,15570.512
2025-04-27 18:30:00,86.61,86.83,86.41,86.57,15176.003
2025-04-27 19:00:00,86.56,86.79,86.47,86.76,14625.1
2025-04-27 19:30:00,86.77,87.05,86.72,87.03,11000.237
2025-04-27 20:00:00,87.03,87.05,86.41,86.44,19296.11
2025-04-27 20:30:00,86.44,86.6,86.34,86.41,9519.869
2025-04-27 21:00:00,86.4,86.43,86.03,86.39,16645.793
2025-04-27 21:30:00,86.4,86.54,86.24,86.27,7061.426
2025-04-27 22:00:00,86.26,86.27,85.6,85.61,32482.504
2025-04-27 22:30:00,85.61,86.0,85.36,85.91,28944.683
2025-04-27 23:00:00,85.9,85.9,85.45,85.62,14329.534
2025-04-27 23:30:00,85.61,85.77,85.28,85.33,12806.487
2025-04-28 00:00:00,85.33,85.45,84.8,85.32,64683.892
2025-04-28 00:30:00,85.32,85.65,85.0,85.06,32462.979
2025-04-28 01:00:00,85.05,85.23,84.28,84.54,66474.361
2025-04-28 01:30:00,84.55,84.61,83.63,83.88,97631.76
2025-04-28 02:00:00,83.89,84.75,83.75,84.64,43427.737
2025-04-28 02:30:00,84.63,84.94,84.53,84.79,25582.613
2025-04-28 03:00:00,84.78,85.22,84.45,85.16,29523.268
2025-04-28 03:30:00,85.16,85.72,85.15,85.38,41302.184
2025-04-28 04:00:00,85.38,86.04,85.36,86.04,34746.621
2025-04-28 04:30:00,86.03,86.06,85.71,85.77,25891.673
2025-04-28 05:00:00,85.76,86.43,85.75,86.14,69076.375
2025-04-28 05:30:00,86.15,86.16,85.71,86.05,44198.858
2025-04-28 06:00:00,86.05,86.85,86.05,86.83,53304.896
2025-04-28 06:30:00,86.83,87.12,86.75,86.91,49601.963
2025-04-28 07:00:00,86.92,87.35,86.53,87.33,51199.923
2025-04-28 07:30:00,87.34,87.45,87.14,87.41,47024.502
2025-04-28 08:00:00,87.42,88.07,87.41,87.89,75166.109
2025-04-28 08:30:00,87.9,87.9,87.11,87.23,50880.295
2025-04-28 09:00:00,87.23,87.45,86.9,87.14,41036.496
2025-04-28 09:30:00,87.14,87.35,86.79,86.83,35562.014
2025-04-28 10:00:00,86.84,87.13,86.21,86.59,73837.151
2025-04-28 10:30:00,86.58,87.44,86.56,87.06,67239.509
2025-04-28 11:00:00,87.05,87.19,86.79,87.1,32270.095
2025-04-28 11:30:00,87.11,87.3,86.99,87.13,26487.205
2025-04-28 12:00:00,87.13,87.2,86.71,87.07,34366.796
2025-04-28 12:30:00,87.08,87.22,86.78,86.94,22505.697
2025-04-28 13:00:00,86.94,87.21,86.39,86.42,42408.1
2025-04-28 13:30:00,86.43,86.65,85.26,85.34,98520.993
2025-04-28 14:00:00,85.34,86.54,85.12,86.13,80450.435
2025-04-28 14:30:00,86.13,86.23,85.22,85.34,47207.128
2025-04-28 15:00:00,85.35,85.57,84.02,84.26,85700.572
2025-04-28 15:30:00,84.25,84.44,83.9,84.44,69597.979
2025-04-28 16:00:00,84.43,84.55,83.75,84.14,56651.126
2025-04-28 16:30:00,84.14,84.79,84.1,84.39,46990.718
2025-04-28 17:00:00,84.39,84.76,84.22,84.24,26528.508
2025-04-28 17:30:00,84.23,85.37,84.09,85.17,85337.466
2025-04-28 18:00:00,85.17,85.25,84.79,84.82,54890.451
2025-04-28 18:30:00,84.82,85.26,84.6,85.14,22157.763
2025-04-28 19:00:00,85.14,85.57,85.05,85.42,37644.742
2025-04-28 19:30:00,85.42,85.63,85.32,85.42,34066.349
2025-04-28 20:00:00,85.41,85.43,85.03,85.25,21777.649
2025-04-28 20:30:00,85.26,85.35,84.92,85.17,14999.105
2025-04-28 21:00:00,85.16,85.38,85.07,85.13,13460.959
2025-04-28 21:30:00,85.13,85.56,85.13,85.44,12507.29
2025-04-28 22:00:00,85.44,85.65,85.27,85.28,17904.031
2025-04-28 22:30:00,85.27,85.52,85.24,85.5,14432.982
2025-04-28 23:00:00,85.51,85.8,85.41,85.74,30098.937
2025-04-28 23:30:00,85.75,86.2,85.5,85.62,47632.799
2025-04-29 00:00:00,85.63,85.93,85.36,85.8,27319.32
2025-04-29 00:30:00,85.8,86.81,85.8,86.77,57302.646
2025-04-29 01:00:00,86.77,86.94,86.36,86.78,53860.026
2025-04-29 01:30:00,86.79,87.03,86.43,86.51,43913.376
2025-04-29 02:00:00,86.51,86.57,85.88,86.06,42436.403
2025-04-29 02:30:00,86.06,86.23,85.74,86.04,56121.551
2025-04-29 03:00:00,86.05,86.49,86.04,86.3,23328.364
2025-04-29 03:30:00,86.29,86.61,86.16,86.59,24707.876
2025-04-29 04:00:00,86.59,86.9,86.41,86.65,28744.514
2025-04-29 04:30:00,86.65,86.66,85.43,85.48,63391.809
2025-04-29 05:00:00,85.48,85.66,85.2,85.56,30645.937
2025-04-29 05:30:00,85.57,85.84,85.52,85.65,18087.626
2025-04-29 06:00:00,85.65,86.73,85.63,86.57,36302.064
2025-04-29 06:30:00,86.57,86.71,86.27,86.49,24225.532
2025-04-29 07:00:00,86.49,86.56,86.18,86.47,30870.589
2025-04-29 07:30:00,86.48,86.89,86.42,86.78,25147.002
2025-04-29 08:00:00,86.78,86.87,86.14,86.34,42687.342
2025-04-29 08:30:00,86.35,86.49,86.07,86.47,31019.183
2025-04-29 09:00:00,86.48,86.52,85.98,86.13,19270.538
2025-04-29 09:30:00,86.13,86.18,85.86,86.06,18665.74
2025-04-29 10:00:00,86.07,86.17,85.61,85.63,28293.907
2025-04-29 10:30:00,85.64,85.71,85.17,85.38,51706.239
2025-04-29 11:00:00,85.38,86.8,85.24,86.09,154138.632
2025-04-29 11:30:00,86.1,86.19,85.54,85.65,80887.767
2025-04-29 12:00:00,85.64,85.66,85.17,85.29,49887.693
2025-04-29 12:30:00,85.28,85.58,85.08,85.25,32938.018
2025-04-29 13:00:00,85.25,85.72,84.97,85.38,65337.216
2025-04-29 13:30:00,85.38,85.67,84.96,85.26,44945.053
2025-04-29 14:00:00,85.26,85.84,84.99,85.41,55580.152
2025-04-29 14:30:00,85.41,85.87,85.35,85.61,30558.642
2025-04-29 15:00:00,85.61,85.65,84.85,85.25,46011.914
2025-04-29 15:30:00,85.25,85.41,84.95,85.16,20184.247
2025-04-29 16:00:00,85.16,86.36,85.07,86.08,140798.709
2025-04-29 16:30:00,86.08,86.67,86.02,86.13,58217.813
2025-04-29 17:00:00,86.13,86.5,85.53,86.46,44174.223
2025-04-29 17:30:00,86.46,87.41,86.23,87.14,80561.405
2025-04-29 18:00:00,87.15,87.21,86.68,86.84,37681.765
2025-04-29 18:30:00,86.83,87.02,86.59,86.77,35877.324
2025-04-29 19:00:00,86.77,86.93,86.52,86.57,23915.423
2025-04-29 19:30:00,86.57,86.61,86.39,86.43,23090.093
2025-04-29 20:00:00,86.45,86.57,86.13,86.23,17168.274
2025-04-29 20:30:00,86.23,86.53,85.98,86.42,25555.119
2025-04-29 21:00:00,86.42,86.43,85.03,85.42,75393.548
2025-04-29 21:30:00,85.42,85.76,85.1,85.64,62501.035
2025-04-29 22:00:00,85.63,85.63,84.86,84.95,53804.747
2025-04-29 22:30:00,84.95,85.39,84.66,85.32,38163.131
2025-04-29 23:00:00,85.31,85.31,84.42,84.8,70784.558
2025-04-29 23:30:00,84.8,85.56,84.77,85.51,31470.509
2025-04-30 00:00:00,85.51,86.59,85.51,85.95,108684.242
2025-04-30 00:30:00,85.94,86.55,85.68,86.31,39981.786
2025-04-30 01:00:00,86.31,86.4,85.95,86.35,25847.548
2025-04-30 01:30:00,86.34,86.44,85.68,86.35,34908.884
2025-04-30 02:00:00,86.34,86.44,86.13,86.18,29463.397
2025-04-30 02:30:00,86.18,86.23,85.84,85.91,28400.207
2025-04-30 03:00:00,85.91,85.95,85.21,85.62,68300.949
2025-04-30 03:30:00,85.61,86.06,85.6,86.06,31014.56
2025-04-30 04:00:00,86.05,86.18,85.67,85.91,21886.807
2025-04-30 04:30:00,85.91,86.27,85.83,86.24,15094.944
2025-04-30 05:00:00,86.24,86.27,85.77,85.81,17073.707
2025-04-30 05:30:00,85.81,85.89,85.29,85.37,28184.97
2025-04-30 06:00:00,85.37,85.64,85.02,85.61,40919.89
2025-04-30 06:30:00,85.62,85.75,85.03,85.07,34814.836
2025-04-30 07:00:00,85.06,85.21,84.77,84.99,31671.727
2025-04-30 07:30:00,84.99,85.02,84.45,84.69,44763.869
2025-04-30 08:00:00,84.68,85.12,84.47,84.73,32064.484
2025-04-30 08:30:00,84.74,84.86,84.5,84.53,28203.883
2025-04-30 09:00:00,84.53,84.76,84.49,84.64,20777.768
2025-04-30 09:30:00,84.64,84.94,84.64,84.8,19372.114
2025-04-30 10:00:00,84.81,84.87,84.62,84.81,17358.619
2025-04-30 10:30:00,84.81,85.03,84.64,84.92,31651.207
2025-04-30 11:00:00,84.92,85.3,84.74,85.0,53998.92
2025-04-30 11:30:00,85.0,85.14,84.95,85.03,18666.771
2025-04-30 12:00:00,85.04,85.12,84.36,84.5,66636.161
2025-04-30 12:30:00,84.51,84.66,83.15,83.88,139531.861
2025-04-30 13:00:00,83.89,83.99,82.8,83.5,109441.081
2025-04-30 13:30:00,83.5,83.5,81.5,81.59,194905.577
2025-04-30 14:00:00,81.6,83.23,81.36,83.18,175574.357
2025-04-30 14:30:00,83.18,83.49,82.68,82.89,60910.414
2025-04-30 15:00:00,82.89,83.12,82.57,82.8,56240.873
2025-04-30 15:30:00,82.81,83.2,82.62,82.8,35974.726
2025-04-30 16:00:00,82.8,82.81,82.41,82.7,46313.611
2025-04-30 16:30:00,82.7,83.32,82.52,83.32,41950.119
2025-04-30 17:00:00,83.31,83.33,82.76,83.07,26544.614
2025-04-30 17:30:00,83.06,83.3,82.85,83.2,34576.863
2025-04-30 18:00:00,83.19,83.72,83.06,83.4,54033.639
2025-04-30 18:30:00,83.4,83.64,83.14,83.56,21305.682
2025-04-30 19:00:00,83.56,83.6,82.98,83.07,22358.757
2025-04-30 19:30:00,83.08,83.74,83.02,83.63,18677.898
2025-04-30 20:00:00,83.62,84.6,83.57,84.34,61264.554
2025-04-30 20:30:00,84.35,84.37,83.99,84.03,14427.453
2025-04-30 21:00:00,84.03,84.18,83.95,84.08,14080.95
2025-04-30 21:30:00,84.08,84.11,83.75,83.83,12171.612
2025-04-30 22:00:00,83.83,84.14,83.66,83.66,19878.606
2025-04-30 22:30:00,83.67,83.73,83.23,83.51,26034.565
2025-04-30 23:00:00,83.52,83.81,83.35,83.8,27438.695
2025-04-30 23:30:00,83.81,83.82,83.42,83.48,12976.336
2025-05-01 00:00:00,83.48,83.83,83.26,83.82,17671.272
2025-05-01 00:30:00,83.81,84.56,83.77,84.39,63547.051
2025-05-01 01:00:00,84.39,84.76,84.38,84.54,24952.106
2025-05-01 01:30:00,84.53,84.78,84.42,84.74,16475.978
2025-05-01 02:00:00,84.73,84.83,84.43,84.51,49766.541
2025-05-01 02:30:00,84.5,84.81,84.31,84.37,19215.642
2025-05-01 03:00:00,84.36,84.63,84.24,84.52,14429.498
2025-05-01 03:30:00,84.52,84.57,84.04,84.19,17054.545
2025-05-01 04:00:00,84.19,84.33,84.04,84.13,16146.335
2025-05-01 04:30:00,84.13,84.44,84.12,84.44,14154.935
2025-05-01 05:00:00,84.43,84.66,84.28,84.55,22872.726
2025-05-01 05:30:00,84.55,84.86,84.54,84.7,17292.176
2025-05-01 06:00:00,84.69,84.88,84.52,84.52,30037.735
2025-05-01 06:30:00,84.52,84.57,84.0,84.36,43770.19
2025-05-01 07:00:00,84.35,84.76,84.18,84.68,37013.029
2025-05-01 07:30:00,84.67,85.1,84.66,84.88,59985.86
2025-05-01 08:00:00,84.88,85.29,84.83,85.26,38554.687
2025-05-01 08:30:00,85.25,85.68,85.25,85.61,41106.842
2025-05-01 09:00:00,85.6,85.73,85.43,85.67,27492.188
2025-05-01 09:30:00,85.67,85.74,85.44,85.52,36249.031
2025-05-01 10:00:00,85.52,86.52,85.51,86.52,72452.975
2025-05-01 10:30:00,86.51,86.67,86.19,86.64,65609.177
2025-05-01 11:00:00,86.63,86.92,86.38,86.48,51363.234
2025-05-01 11:30:00,86.48,87.1,86.47,86.94,49952.995
2025-05-01 12:00:00,86.93,87.19,86.88,86.9,38412.372
2025-05-01 12:30:00,86.91,87.29,86.84,87.11,48033.292
2025-05-01 13:00:00,87.1,87.12,86.83,87.08,30019.359
2025-05-01 13:30:00,87.07,87.07,86.09,86.16,81228.812
2025-05-01 14:00:00,86.16,86.99,86.16,86.97,43528.554
2025-05-01 14:30:00,86.97,87.38,86.68,87.3,36428.999
2025-05-01 15:00:00,87.3,88.14,87.18,87.96,153536.562
2025-05-01 15:30:00,87.97,87.99,87.49,87.52,47306.911
2025-05-01 16:00:00,87.52,89.27,87.51,89.0,120862.194
2025-05-01 16:30:00,88.99,89.73,88.52,88.57,131853.33
2025-05-01 17:00:00,88.56,89.04,88.17,88.69,104855.787
2025-05-01 17:30:00,88.69,88.94,88.16,88.57,55240.871
2025-05-01 18:00:00,88.56,88.56,88.12,88.42,40222.373
2025-05-01 18:30:00,88.41,89.41,88.25,89.37,54418.996
2025-05-01 19:00:00,89.36,89.61,88.93,89.54,75937.401
2025-05-01 19:30:00,89.55,89.78,89.2,89.25,52941.202
2025-05-01 20:00:00,89.24,89.83,88.98,89.79,61948.898
2025-05-01 20:30:00,89.79,90.49,89.71,90.19,104075.645
2025-05-01 21:00:00,90.18,90.96,90.16,90.43,91394.925
2025-05-01 21:30:00,90.44,90.65,89.89,89.94,33743.114
2025-05-01 22:00:00,89.94,90.24,89.24,89.41,68089.301
2025-05-01 22:30:00,89.41,89.42,88.82,89.08,72190.884
2025-05-01 23:00:00,89.09,89.47,88.86,89.36,40685.994
2025-05-01 23:30:00,89.36,89.37,88.73,88.81,37193.371
2025-05-02 00:00:00,88.82,89.62,88.57,89.59,59073.768
2025-05-02 00:30:00,89.6,90.26,89.58,90.25,53546.121
2025-05-02 01:00:00,90.25,90.4,89.32,89.32,60811.495
2025-05-02 01:30:00,89.33,89.55,89.19,89.34,35866.666
2025-05-02 02:00:00,89.35,89.86,89.18,89.76,30511.152
2025-05-02 02:30:00,89.76,90.63,89.68,90.41,41201.751
2025-05-02 03:00:00,90.41,90.98,89.88,89.95,77054.3
2025-05-02 03:30:00,89.95,90.17,89.83,89.95,26467.381
2025-05-02 04:00:00,89.96,90.14,89.6,89.63,33614.503
2025-05-02 04:30:00,89.62,89.62,88.92,89.16,79627.703
2025-05-02 05:00:00,89.16,89.41,88.68,88.99,46155.911
2025-05-02 05:30:00,88.99,89.09,88.46,88.59,35357.895
2025-05-02 06:00:00,88.59,88.63,88.36,88.56,38211.51
2025-05-02 06:30:00,88.55,88.63,88.21,88.51,31347.86
2025-05-02 07:00:00,88.51,88.59,87.88,88.22,55748.485
2025-05-02 07:30:00,88.23,88.3,87.88,87.9,40621.181
2025-05-02 08:00:00,87.9,88.64,87.87,88.52,43983.221
2025-05-02 08:30:00,88.52,88.64,88.43,88.46,30203.277
2025-05-02 09:00:00,88.45,88.79,88.31,88.64,22601.074
2025-05-02 09:30:00,88.63,88.69,88.34,88.41,18766.635
2025-05-02 10:00:00,88.41,88.65,88.33,88.57,22756.013
2025-05-02 10:30:00,88.56,89.04,88.56,88.85,44356.052
2025-05-02 11:00:00,88.85,89.2,88.83,89.04,42570.751
2025-05-02 11:30:00,89.04,89.07,88.5,88.52,25715.472
2025-05-02 12:00:00,88.51,88.98,88.46,88.85,38564.057
2025-05-02 12:30:00,88.85,89.4,88.2,88.96,77973.342
2025-05-02 13:00:00,88.96,88.99,88.18,88.42,30405.807
2025-05-02 13:30:00,88.42,88.58,87.99,88.11,30609.459
2025-05-02 14:00:00,88.11,88.54,88.08,88.48,35506.955
2025-05-02 14:30:00,88.5,89.44,88.35,89.2,68391.359
2025-05-02 15:00:00,89.21,89.41,88.02,88.3,67094.038
2025-05-02 15:30:00,88.3,88.52,88.18,88.26,22644.13
2025-05-02 16:00:00,88.26,89.2,88.26,88.72,71913.974
2025-05-02 16:30:00,88.72,88.93,88.53,88.54,25477.026
2025-05-02 17:00:00,88.53,88.54,87.96,88.35,51628.117
2025-05-02 17:30:00,88.35,88.43,87.98,88.12,31382.062
2025-05-02 18:00:00,88.12,88.24,87.81,87.82,25456.246
2025-05-02 18:30:00,87.82,87.97,87.49,87.64,42196.929
2025-05-02 19:00:00,87.63,87.87,87.37,87.74,26379.671
2025-05-02 19:30:00,87.73,87.75,87.29,87.46,26404.961
2025-05-02 20:00:00,87.45,87.72,87.36,87.72,26064.125
2025-05-02 20:30:00,87.71,87.95,87.65,87.8,20750.918
2025-05-02 21:00:00,87.79,87.92,87.64,87.8,13010.348
2025-05-02 21:30:00,87.8,87.9,87.28,87.59,15342.764
2025-05-02 22:00:00,87.58,87.69,87.12,87.32,49438.92
2025-05-02 22:30:00,87.32,87.43,87.22,87.33,14990.961
2025-05-02 23:00:00,87.33,87.69,87.26,87.65,16197.743
2025-05-02 23:30:00,87.65,87.95,87.65,87.91,14975.66
2025-05-03 00:00:00,87.91,87.94,87.58,87.63,17044.467
2025-05-03 00:30:00,87.63,87.76,87.32,87.4,15735.209
2025-05-03 01:00:00,87.41,87.65,87.34,87.52,17717.797
2025-05-03 01:30:00,87.53,87.58,87.28,87.41,17666.824
2025-05-03 02:00:00,87.42,87.57,87.23,87.52,17161.427
2025-05-03 02:30:00,87.51,87.61,87.31,87.48,9345.105
2025-05-03 03:00:00,87.49,87.56,87.36,87.4,9825.797
2025-05-03 03:30:00,87.4,87.46,87.18,87.23,25888.215
2025-05-03 04:00:00,87.22,87.47,87.18,87.35,26242.906
2025-05-03 04:30:00,87.35,87.61,87.3,87.47,16185.083
2025-05-03 05:00:00,87.47,87.6,87.37,87.46,7693.683
2025-05-03 05:30:00,87.46,87.52,87.25,87.28,8876.82
2025-05-03 06:00:00,87.27,87.28,86.84,86.89,33208.412
2025-05-03 06:30:00,86.89,87.1,86.86,86.94,13419.415
2025-05-03 07:00:00,86.94,86.98,86.58,86.76,34999.748
2025-05-03 07:30:00,86.75,86.88,86.64,86.8,16396.853
2025-05-03 08:00:00,86.79,86.95,86.6,86.92,18558.012
2025-05-03 08:30:00,86.92,87.18,86.9,86.93,15731.217
2025-05-03 09:00:00,86.94,87.07,86.82,86.91,17851.282
2025-05-03 09:30:00,86.91,87.2,86.89,87.17,19298.869
2025-05-03 10:00:00,87.18,87.31,86.89,86.89,30021.246
2025-05-03 10:30:00,86.9,86.98,86.38,86.45,41469.362
2025-05-03 11:00:00,86.45,86.76,86.35,86.61,24133.458
2025-05-03 11:30:00,86.61,86.62,86.13,86.14,33411.046
2025-05-03 12:00:00,86.15,86.6,86.14,86.57,28396.659
2025-05-03 12:30:00,86.58,86.71,86.5,86.58,17958.375
2025-05-03 13:00:00,86.58,86.89,86.46,86.88,15897.787
2025-05-03 13:30:00,86.88,86.93,86.68,86.9,17278.23
2025-05-03 14:00:00,86.9,86.93,86.64,86.66,12400.759
2025-05-03 14:30:00,86.67,87.12,86.63,87.07,22200.133
2025-05-03 15:00:00,87.07,87.43,87.06,87.1,31370.451
2025-05-03 15:30:00,87.1,87.17,86.69,86.77,17523.719
2025-05-03 16:00:00,86.78,86.81,86.31,86.38,23905.538
2025-05-03 16:30:00,86.38,86.38,85.89,86.19,50712.573
2025-05-03 17:00:00,86.2,86.25,85.48,86.14,62109.194
2025-05-03 17:30:00,86.13,86.7,86.02,86.68,26327.465
2025-05-03 18:00:00,86.68,87.12,86.6,86.71,30396.979
2025-05-03 18:30:00,86.71,86.71,86.03,86.28,22268.156
2025-05-03 19:00:00,86.27,86.93,86.16,86.92,22299.659
2025-05-03 19:30:00,86.92,87.03,86.76,87.02,20752.172
2025-05-03 20:00:00,87.02,87.16,86.82,87.08,22180.182
2025-05-03 20:30:00,87.09,87.15,86.57,86.88,16677.197
2025-05-03 21:00:00,86.88,86.93,86.41,86.91,14973.308
2025-05-03 21:30:00,86.92,87.05,86.65,86.78,13789.685
2025-05-03 22:00:00,86.78,86.82,86.57,86.74,14476.247
2025-05-03 22:30:00,86.75,87.06,86.75,86.96,23323.038
2025-05-03 23:00:00,86.97,86.98,86.63,86.68,17629.538
2025-05-03 23:30:00,86.68,86.83,86.46,86.49,14556.61
2025-05-04 00:00:00,86.49,86.5,85.87,85.95,38677.037
2025-05-04 00:30:00,85.96,86.22,85.78,86.07,29328.19
2025-05-04 01:00:00,86.07,86.54,85.9,86.42,15516.203
2025-05-04 01:30:00,86.42,86.42,85.61,86.21,26541.873
2025-05-04 02:00:00,86.21,86.85,86.11,86.8,22504.998
2025-05-04 02:30:00,86.81,86.83,86.03,86.25,20158.338
2025-05-04 03:00:00,86.24,86.3,85.93,86.26,24647.74
2025-05-04 03:30:00,86.27,86.34,85.98,86.01,16328.844
2025-05-04 04:00:00,86.01,86.32,85.89,86.2,19737.497
2025-05-04 04:30:00,86.21,86.23,85.72,85.98,24576.286
2025-05-04 05:00:00,85.98,86.49,85.93,86.43,22346.847
2025-05-04 05:30:00,86.43,86.72,86.42,86.55,18757.915
2025-05-04 06:00:00,86.54,86.72,86.3,86.35,16875.48
2025-05-04 06:30:00,86.35,86.79,86.26,86.65,27538.943
2025-05-04 07:00:00,86.65,86.73,86.4,86.52,16512.19
2025-05-04 07:30:00,86.51,86.52,86.14,86.3,20840.829
2025-05-04 08:00:00,86.3,86.31,85.94,86.14,23059.862
2025-05-04 08:30:00,86.14,86.14,85.64,85.8,36710.105
2025-05-04 09:00:00,85.8,86.08,85.55,85.66,28102.436
2025-05-04 09:30:00,85.65,85.83,85.57,85.61,15082.368
2025-05-04 10:00:00,85.62,85.91,85.55,85.87,23376.621
2025-05-04 10:30:00,85.86,85.98,85.71,85.82,10584.082
2025-05-04 11:00:00,85.81,86.04,85.72,85.96,18093.404
2025-05-04 11:30:00,85.97,86.0,85.67,85.81,8876.777
2025-05-04 12:00:00,85.82,86.16,85.77,86.08,20541.472
2025-05-04 12:30:00,86.08,86.19,86.02,86.05,13626.702
2025-05-04 13:00:00,86.05,86.22,85.82,85.98,23296.866
2025-05-04 13:30:00,85.98,85.98,85.51,85.89,22399.04
2025-05-04 14:00:00,85.89,86.5,85.87,86.44,25969.881
2025-05-04 14:30:00,86.43,86.73,86.33,86.59,31686.21
2025-05-04 15:00:00,86.59,86.82,86.47,86.56,25068.21
2025-05-04 15:30:00,86.56,86.72,86.2,86.59,20651.478
2025-05-04 16:00:00,86.59,86.74,86.42,86.53,20295.86
2025-05-04 16:30:00,86.54,86.56,85.94,86.15,27046.334
2025-05-04 17:00:00,86.15,86.31,85.86,85.91,26667.605
2025-05-04 17:30:00,85.91,86.48,85.79,86.28,21414.453
2025-05-04 18:00:00,86.28,86.47,86.11,86.4,20419.321
2025-05-04 18:30:00,86.4,86.47,86.14,86.14,13776.936
2025-05-04 19:00:00,86.15,86.43,86.0,86.37,17478.49
2025-05-04 19:30:00,86.38,86.44,86.14,86.3,12315.209
2025-05-04 20:00:00,86.31,86.54,86.14,86.53,22180.559
2025-05-04 20:30:00,86.53,86.71,86.45,86.7,13093.278
2025-05-04 21:00:00,86.7,86.76,86.21,86.34,17386.285
2025-05-04 21:30:00,86.34,86.39,86.17,86.26,10369.295
2025-05-04 22:00:00,86.27,86.27,85.36,85.46,51372.71
2025-05-04 22:30:00,85.46,86.69,85.05,85.64,264745.885
2025-05-04 23:00:00,85.64,85.74,85.14,85.2,49866.773
2025-05-04 23:30:00,85.19,85.25,84.64,84.99,85951.234
2025-05-05 00:00:00,84.98,85.62,84.79,85.61,54396.549
2025-05-05 00:30:00,85.61,85.83,85.45,85.78,29955.693
2025-05-05 01:00:00,85.78,85.84,85.28,85.32,26806.142
2025-05-05 01:30:00,85.31,85.37,84.55,84.95,62598.525
2025-05-05 02:00:00,84.94,85.7,84.68,85.67,56853.619
2025-05-05 02:30:00,85.68,86.25,85.68,85.97,32808.957
2025-05-05 03:00:00,85.98,86.16,85.84,86.07,19670.476
2025-05-05 03:30:00,86.07,86.44,85.92,85.96,35320.987
2025-05-05 04:00:00,85.97,86.59,85.91,86.55,28788.495
2025-05-05 04:30:00,86.55,87.25,86.51,87.21,60144.277
2025-05-05 05:00:00,87.21,88.02,86.74,87.81,79229.311
2025-05-05 05:30:00,87.82,88.32,87.66,88.18,86745.131
2025-05-05 06:00:00,88.19,88.45,87.87,88.02,46002.475
2025-05-05 06:30:00,88.02,88.25,87.77,87.77,31332.838
2025-05-05 07:00:00,87.78,87.92,87.43,87.75,34765.102
2025-05-05 07:30:00,87.76,88.05,87.67,87.91,28312.773
2025-05-05 08:00:00,87.91,89.46,87.81,89.11,132969.252
2025-05-05 08:30:00,89.11,89.43,88.38,88.44,98807.483
2025-05-05 09:00:00,88.44,88.93,88.38,88.9,48438.163
2025-05-05 09:30:00,88.9,89.18,88.66,88.92,33226.56
2025-05-05 10:00:00,88.91,89.01,88.02,88.06,63335.727
2025-05-05 10:30:00,88.06,88.38,87.53,87.68,66881.403
2025-05-05 11:00:00,87.68,88.22,87.64,87.86,52731.869
2025-05-05 11:30:00,87.85,88.24,87.6,88.01,48924.467
2025-05-05 12:00:00,88.01,88.46,87.28,88.41,85198.22
2025-05-05 12:30:00,88.41,88.72,88.06,88.11,48224.77
2025-05-05 13:00:00,88.11,88.38,87.62,87.83,37627.446
2025-05-05 13:30:00,87.82,88.05,87.22,87.82,108026.974
2025-05-05 14:00:00,87.82,88.16,87.25,87.4,64769.297
2025-05-05 14:30:00,87.4,87.48,86.94,86.98,68962.591
2025-05-05 15:00:00,86.98,87.01,86.16,86.47,98140.34
2025-05-05 15:30:00,86.48,86.51,85.58,85.66,79186.919
2025-05-05 16:00:00,85.67,86.38,85.43,86.2,87681.586
2025-05-05 16:30:00,86.2,86.65,86.12,86.35,44030.033
2025-05-05 17:00:00,86.34,86.47,85.78,86.13,32292.829
2025-05-05 17:30:00,86.12,86.66,86.07,86.57,34820.283
2025-05-05 18:00:00,86.57,86.7,86.28,86.56,28465.74
2025-05-05 18:30:00,86.57,87.28,86.55,87.21,85281.899
2025-05-05 19:00:00,87.21,87.74,85.85,86.16,321356.499
2025-05-05 19:30:00,86.15,86.15,84.21,84.42,224663.325
2025-05-05 20:00:00,84.42,84.42,82.86,82.86,233928.428
2025-05-05 20:30:00,82.87,82.92,82.12,82.45,156783.716
2025-05-05 21:00:00,82.45,83.54,82.36,83.32,100834.48
2025-05-05 21:30:00,83.33,83.33,82.62,83.0,58032.277
2025-05-05 22:00:00,83.0,83.77,82.83,83.44,74813.749
2025-05-05 22:30:00,83.44,83.96,83.4,83.83,54490.075
2025-05-05 23:00:00,83.84,84.24,83.5,83.73,62846.058
2025-05-05 23:30:00,83.73,83.83,83.17,83.19,35960.064
2025-05-06 00:00:00,83.19,83.48,82.91,83.48,42916.658
2025-05-06 00:30:00,83.48,83.53,82.56,82.83,52529.195
2025-05-06 01:00:00,82.84,83.37,82.57,83.0,54847.046
2025-05-06 01:30:00,83.0,83.08,82.28,82.3,62750.057
2025-05-06 02:00:00,82.3,82.51,81.63,81.76,106120.445
2025-05-06 02:30:00,81.75,82.65,81.65,82.64,49648.377
2025-05-06 03:00:00,82.64,82.68,82.16,82.48,40430.174
2025-05-06 03:30:00,82.49,82.79,82.49,82.73,34882.338
2025-05-06 04:00:00,82.73,83.04,82.44,83.02,55798.483
2025-05-06 04:30:00,83.02,83.14,82.87,82.94,30998.395
2025-05-06 05:00:00,82.95,83.09,82.47,82.56,41479.269
2025-05-06 05:30:00,82.55,82.62,82.2,82.22,25779.254
2025-05-06 06:00:00,82.22,82.51,82.11,82.19,49810.507
2025-05-06 06:30:00,82.2,82.3,82.06,82.24,23900.623
2025-05-06 07:00:00,82.25,82.48,82.05,82.08,52968.337
2025-05-06 07:30:00,82.09,82.41,81.76,81.91,142230.571
2025-05-06 08:00:00,81.92,81.92,80.95,81.4,159127.98
2025-05-06 08:30:00,81.4,82.07,81.4,82.02,63814.181
2025-05-06 09:00:00,82.02,82.03,81.63,81.85,37142.123
2025-05-06 09:30:00,81.84,82.22,81.72,82.12,32134.228
2025-05-06 10:00:00,82.12,82.17,81.78,81.97,28658.122
2025-05-06 10:30:00,81.96,82.1,81.45,81.68,55431.933
2025-05-06 11:00:00,81.68,82.02,81.64,81.78,37513.912
2025-05-06 11:30:00,81.78,81.98,81.25,81.71,64093.962
2025-05-06 12:00:00,81.7,82.09,81.44,81.96,55299.102
2025-05-06 12:30:00,81.96,82.1,81.61,81.92,33222.871
2025-05-06 13:00:00,81.93,81.95,81.43,81.47,39933.855
2025-05-06 13:30:00,81.48,81.96,81.15,81.51,82528.482
2025-05-06 14:00:00,81.51,82.75,81.5,82.5,121405.244
2025-05-06 14:30:00,82.5,82.7,82.31,82.48,42438.933
2025-05-06 15:00:00,82.48,82.99,82.26,82.97,56840.11
2025-05-06 15:30:00,82.97,83.08,82.04,82.25,66526.491
2025-05-06 16:00:00,82.25,82.61,81.82,82.25,64548.514
2025-05-06 16:30:00,82.25,82.75,81.97,82.05,51862.155
2025-05-06 17:00:00,82.05,82.52,81.87,82.3,39496.333
2025-05-06 17:30:00,82.3,82.55,82.02,82.1,28632.946
2025-05-06 18:00:00,82.1,83.5,82.0,83.47,68972.04
2025-05-06 18:30:00,83.46,84.1,83.26,84.0,75719.811
2025-05-06 19:00:00,84.0,84.53,83.88,84.21,96856.042
2025-05-06 19:30:00,84.2,84.62,84.15,84.3,55580.967
2025-05-06 20:00:00,84.3,84.41,83.8,83.81,57612.054
2025-05-06 20:30:00,83.82,84.48,83.55,84.41,77647.609
2025-05-06 21:00:00,84.41,85.2,84.24,84.57,114897.768
2025-05-06 21:30:00,84.58,84.8,84.29,84.54,37829.64
2025-05-06 22:00:00,84.53,85.78,84.51,85.49,110032.328
2025-05-06 22:30:00,85.48,87.0,85.47,86.88,169154.773
2025-05-06 23:00:00,86.87,88.21,86.47,88.03,299217.176
2025-05-06 23:30:00,88.02,92.68,87.97,91.58,970952.982
2025-05-07 00:00:00,91.57,93.68,91.52,93.12,471906.341
2025-05-07 00:30:00,93.11,93.33,92.43,92.79,194070.847
2025-05-07 01:00:00,92.79,93.19,91.85,91.97,151146.246
2025-05-07 01:30:00,91.97,92.65,91.4,91.96,147846.014
2025-05-07 02:00:00,91.97,92.43,91.8,92.19,99306.389
2025-05-07 02:30:00,92.19,92.29,91.23,91.77,107014.962
2025-05-07 03:00:00,91.78,92.14,91.13,92.03,118719.861
2025-05-07 03:30:00,92.02,92.59,91.95,92.32,73332.42
2025-05-07 04:00:00,92.32,92.64,91.7,91.78,104100.306
2025-05-07 04:30:00,91.78,91.94,91.42,91.54,65226.944
2025-05-07 05:00:00,91.54,91.72,91.14,91.25,67224.184
2025-05-07 05:30:00,91.24,91.51,91.01,91.45,73167.286
2025-05-07 06:00:00,91.45,91.97,91.3,91.44,88811.662
2025-05-07 06:30:00,91.43,91.76,91.14,91.72,62959.104
2025-05-07 07:00:00,91.72,92.37,91.64,91.88,118456.627
2025-05-07 07:30:00,91.87,92.6,91.87,92.46,94214.93
2025-05-07 08:00:00,92.46,92.65,92.03,92.25,73511.184
2025-05-07 08:30:00,92.24,92.67,92.12,92.64,62580.725
2025-05-07 09:00:00,92.65,92.84,92.45,92.76,58683.171
2025-05-07 09:30:00,92.76,93.3,92.28,92.36,202562.134
2025-05-07 10:00:00,92.36,92.37,91.5,91.64,108168.135
2025-05-07 10:30:00,91.64,92.2,91.48,91.96,67337.317
2025-05-07 11:00:00,91.96,91.99,91.12,91.19,85884.692
2025-05-07 11:30:00,91.19,91.45,91.11,91.17,63880.897
2025-05-07 12:00:00,91.17,91.53,90.77,90.8,82018.714
2025-05-07 12:30:00,90.79,90.81,90.02,90.65,138423.925
2025-05-07 13:00:00,90.64,90.65,90.06,90.54,58667.804
2025-05-07 13:30:00,90.54,91.28,90.2,90.44,144377.754
2025-05-07 14:00:00,90.44,90.81,90.08,90.29,96290.425
2025-05-07 14:30:00,90.3,90.3,89.07,89.33,149524.111
2025-05-07 15:00:00,89.33,89.62,88.9,89.22,96637.559
2025-05-07 15:30:00,89.21,89.34,88.73,88.74,65308.259
2025-05-07 16:00:00,88.74,88.83,87.97,88.04,131437.907
2025-05-07 16:30:00,88.05,88.35,87.96,88.01,84811.442
2025-05-07 17:00:00,88.02,88.04,87.31,87.34,86212.437
2025-05-07 17:30:00,87.35,87.99,87.16,87.85,126567.346
2025-05-07 18:00:00,87.85,88.84,87.67,88.29,211388.295
2025-05-07 18:30:00,88.29,88.84,87.5,88.13,105556.057
2025-05-07 19:00:00,88.12,88.25,87.17,87.34,64528.613
2025-05-07 19:30:00,87.34,88.1,87.24,87.6,68513.167
2025-05-07 20:00:00,87.6,88.57,87.45,88.3,104803.696
2025-05-07 20:30:00,88.3,88.6,88.0,88.58,45716.417
2025-05-07 21:00:00,88.58,89.14,88.38,89.11,59386.03
2025-05-07 21:30:00,89.1,89.21,88.35,88.44,55003.708
2025-05-07 22:00:00,88.44,89.4,88.36,89.33,57827.168
2025-05-07 22:30:00,89.32,90.2,89.13,90.05,81505.666
2025-05-07 23:00:00,90.04,90.95,89.5,89.64,172157.61
2025-05-07 23:30:00,89.63,89.69,89.26,89.5,49254.309
2025-05-08 00:00:00,89.5,90.69,89.35,90.69,71929.001
2025-05-08 00:30:00,90.7,90.96,90.09,90.88,85967.552
2025-05-08 01:00:00,90.88,91.36,89.86,90.91,224691.766
2025-05-08 01:30:00,90.9,91.12,90.63,91.01,78353.684
2025-05-08 02:00:00,91.02,91.64,91.02,91.6,88235.511
2025-05-08 02:30:00,91.59,91.95,91.37,91.73,80186.184
2025-05-08 03:00:00,91.73,92.08,91.51,91.52,59023.637
2025-05-08 03:30:00,91.51,91.85,91.15,91.68,82960.726
2025-05-08 04:00:00,91.68,93.15,91.67,92.67,156941.817
2025-05-08 04:30:00,92.66,92.66,91.63,91.72,77692.742
2025-05-08 05:00:00,91.72,92.0,91.69,91.88,52164.107
2025-05-08 05:30:00,91.88,92.06,91.54,91.59,43673.392
2025-05-08 06:00:00,91.59,91.75,91.37,91.61,42784.044
2025-05-08 06:30:00,91.61,91.78,91.18,91.77,70689.02
2025-05-08 07:00:00,91.77,93.49,91.32,92.68,232667.342
2025-05-08 07:30:00,92.68,93.3,92.33,92.45,144185.626
2025-05-08 08:00:00,92.45,92.69,92.36,92.38,47584.462
2025-05-08 08:30:00,92.38,93.09,92.22,92.57,72947.622
2025-05-08 09:00:00,92.56,92.58,91.81,91.89,66172.305
2025-05-08 09:30:00,91.89,92.49,91.77,92.39,59869.468
2025-05-08 10:00:00,92.4,92.88,92.29,92.71,72318.167
2025-05-08 10:30:00,92.71,92.97,92.36,92.84,60866.194
2025-05-08 11:00:00,92.83,92.9,92.04,92.08,76569.892
2025-05-08 11:30:00,92.08,92.14,91.88,92.07,47735.647
2025-05-08 12:00:00,92.08,92.19,91.55,91.91,100776.267
2025-05-08 12:30:00,91.91,92.08,91.02,91.5,104094.813
2025-05-08 13:00:00,91.49,91.93,91.45,91.91,37079.755
2025-05-08 13:30:00,91.92,92.29,91.64,92.1,62484.049
2025-05-08 14:00:00,92.1,92.21,91.61,91.95,67698.738
2025-05-08 14:30:00,91.96,92.64,91.78,91.95,113352.167
2025-05-08 15:00:00,91.95,93.52,91.71,93.0,165548.05
2025-05-08 15:30:00,92.99,94.44,92.74,93.12,294253.424
2025-05-08 16:00:00,93.11,93.48,92.72,92.85,112181.131
2025-05-08 16:30:00,92.84,93.43,92.35,93.22,107261.612
2025-05-08 17:00:00,93.22,93.35,92.72,92.76,91878.119
2025-05-08 17:30:00,92.79,92.89,92.06,92.26,76926.589
2025-05-08 18:00:00,92.26,92.82,92.18,92.43,53802.044
2025-05-08 18:30:00,92.43,92.85,92.33,92.61,66410.84
2025-05-08 19:00:00,92.6,92.91,92.32,92.44,52733.047
2025-05-08 19:30:00,92.45,93.05,92.16,92.89,68083.425
2025-05-08 20:00:00,92.9,93.13,92.51,92.92,59475.88
2025-05-08 20:30:00,92.91,94.6,92.89,94.46,162928.119
2025-05-08 21:00:00,94.45,95.45,93.74,94.53,156619.929
2025-05-08 21:30:00,94.54,94.76,93.36,94.24,98014.622
2025-05-08 22:00:00,94.24,94.29,93.29,93.65,61655.737
2025-05-08 22:30:00,93.65,93.88,93.33,93.85,38601.689
2025-05-08 23:00:00,93.85,94.36,93.61,94.23,46835.624
2025-05-08 23:30:00,94.23,94.96,94.18,94.93,54045.608
2025-05-09 00:00:00,94.93,95.02,93.9,93.96,68820.404
2025-05-09 00:30:00,93.97,94.93,93.81,94.58,59615.184
2025-05-09 01:00:00,94.57,95.18,94.29,95.0,76073.178
2025-05-09 01:30:00,95.0,95.51,94.54,95.42,61948.093
2025-05-09 02:00:00,95.42,95.46,94.84,95.3,58994.59
2025-05-09 02:30:00,95.3,95.77,95.13,95.45,82648.896
2025-05-09 03:00:00,95.44,96.08,95.21,95.81,91158.125
2025-05-09 03:30:00,95.8,95.81,94.3,94.45,131311.908
2025-05-09 04:00:00,94.44,95.06,94.29,94.86,71483.766
2025-05-09 04:30:00,94.85,94.95,94.4,94.92,51366.234
2025-05-09 05:00:00,94.92,95.06,94.66,95.01,40096.828
2025-05-09 05:30:00,95.01,95.59,94.98,95.15,56509.229
2025-05-09 06:00:00,95.15,95.8,94.92,95.67,78957.186
2025-05-09 06:30:00,95.67,95.98,95.35,95.89,60170.848
2025-05-09 07:00:00,95.89,97.42,95.75,97.33,192311.602
2025-05-09 07:30:00,97.32,98.61,96.98,98.04,193994.412
2025-05-09 08:00:00,98.04,101.1,97.81,100.64,250444.075
2025-05-09 08:30:00,100.64,101.53,97.05,98.19,418774.96
2025-05-09 09:00:00,98.19,99.7,97.3,98.12,180076.427
2025-05-09 09:30:00,98.1,98.78,97.56,98.19,98444.171
2025-05-09 10:00:00,98.2,98.54,97.68,98.01,61169.573
2025-05-09 10:30:00,98.01,99.23,97.69,98.95,117816.109
2025-05-09 11:00:00,98.95,99.89,97.76,98.45,149595.095
2025-05-09 11:30:00,98.43,99.01,97.96,98.71,94838.672
2025-05-09 12:00:00,98.7,99.44,97.91,99.34,91609.888
2025-05-09 12:30:00,99.34,99.74,98.88,99.03,61444.714
2025-05-09 13:00:00,99.03,99.81,98.89,99.34,76062.873
2025-05-09 13:30:00,99.33,100.4,98.84,100.0,77584.352
2025-05-09 14:00:00,99.99,100.01,97.9,98.03,133904.549
2025-05-09 14:30:00,98.03,98.74,97.21,98.45,155792.745
2025-05-09 15:00:00,98.46,99.03,97.94,98.5,79283.916
2025-05-09 15:30:00,98.49,98.79,97.81,98.33,70012.469
2025-05-09 16:00:00,98.34,98.81,97.54,98.54,64908.816
2025-05-09 16:30:00,98.53,98.95,97.73,97.93,54831.095
2025-05-09 17:00:00,97.93,99.18,97.75,99.11,59921.216
2025-05-09 17:30:00,99.12,99.68,98.9,99.65,40049.355
2025-05-09 18:00:00,99.65,99.7,98.92,99.15,29909.265
2025-05-09 18:30:00,99.15,99.43,99.04,99.28,18880.741
2025-05-09 19:00:00,99.29,99.42,98.69,99.06,27152.759
2025-05-09 19:30:00,99.07,99.32,98.93,99.31,20125.141
2025-05-09 20:00:00,99.32,99.74,99.12,99.64,37251.167
2025-05-09 20:30:00,99.63,99.99,99.35,99.94,22858.045
2025-05-09 21:00:00,99.94,100.14,99.56,99.75,42947.464
2025-05-09 21:30:00,99.75,100.14,99.74,100.13,24796.778
2025-05-09 22:00:00,100.14,100.91,100.14,100.42,57294.245
2025-05-09 22:30:00,100.43,100.59,99.81,100.07,50852.867
2025-05-09 23:00:00,100.07,100.66,99.84,100.53,35152.203
2025-05-09 23:30:00,100.54,100.73,100.08,100.49,34785.626
2025-05-10 00:00:00,100.49,107.11,100.41,105.55,671023.021
2025-05-10 00:30:00,105.54,106.52,103.05,103.55,215622.212
2025-05-10 01:00:00,103.56,104.5,103.42,103.95,84289.994
2025-05-10 01:30:00,103.95,105.03,102.6,103.16,198058.681
2025-05-10 02:00:00,103.17,103.44,102.54,103.39,63556.096
2025-05-10 02:30:00,103.38,104.19,103.15,103.7,83318.854
2025-05-10 03:00:00,103.71,104.02,103.11,103.2,64707.354
2025-05-10 03:30:00,103.2,103.52,102.83,103.4,36788.085
2025-05-10 04:00:00,103.4,103.51,102.89,103.18,44349.38
2025-05-10 04:30:00,103.18,103.72,102.11,103.15,75435.903
2025-05-10 05:00:00,103.15,103.23,102.26,102.47,43062.193
2025-05-10 05:30:00,102.47,103.19,102.1,103.13,29359.701
2025-05-10 06:00:00,103.13,104.36,103.1,104.15,83088.332
2025-05-10 06:30:00,104.15,104.23,103.27,103.76,56055.326
2025-05-10 07:00:00,103.76,103.86,103.15,103.41,42123.723
2025-05-10 07:30:00,103.4,104.24,103.21,103.92,36694.518
2025-05-10 08:00:00,103.92,104.52,103.51,104.11,70946.807
2025-05-10 08:30:00,104.11,104.14,102.08,102.86,69627.465
2025-05-10 09:00:00,102.87,103.2,102.2,102.92,74460.375
2025-05-10 09:30:00,102.92,103.77,102.68,103.32,51999.598
2025-05-10 10:00:00,103.32,103.69,103.08,103.11,31817.491
2025-05-10 10:30:00,103.11,103.25,102.32,102.34,47759.804
2025-05-10 11:00:00,102.34,102.69,101.78,101.85,68854.338
2025-05-10 11:30:00,101.85,101.92,100.48,100.68,160165.303
2025-05-10 12:00:00,100.68,102.2,100.68,102.05,82968.869
2025-05-10 12:30:00,102.04,102.35,101.44,101.82,46904.196
2025-05-10 13:00:00,101.81,102.09,101.53,101.91,30615.133
2025-05-10 13:30:00,101.92,102.66,101.73,102.33,44105.326
2025-05-10 14:00:00,102.34,102.67,101.99,102.22,42120.85
2025-05-10 14:30:00,102.22,102.34,101.91,102.17,24971.723
2025-05-10 15:00:00,102.17,102.37,101.65,101.91,36093.706
2025-05-10 15:30:00,101.91,102.14,101.26,101.78,42002.982
2025-05-10 16:00:00,101.77,103.12,101.76,102.82,67959.756
2025-05-10 16:30:00,102.82,103.62,102.68,103.41,72353.312
2025-05-10 17:00:00,103.4,104.03,103.26,103.87,63632.953
2025-05-10 17:30:00,103.89,104.42,102.87,103.14,79390.501
2025-05-10 18:00:00,103.13,103.51,102.82,103.08,34067.879
2025-05-10 18:30:00,103.09,103.38,102.67,103.2,42811.463
2025-05-10 19:00:00,103.2,103.32,102.84,103.02,49715.309
2025-05-10 19:30:00,103.02,103.54,103.0,103.35,29208.264
2025-05-10 20:00:00,103.36,103.37,102.72,103.19,24697.789
2025-05-10 20:30:00,103.19,103.9,103.19,103.86,24735.462
2025-05-10 21:00:00,103.86,104.0,103.6,103.72,24464.344
2025-05-10 21:30:00,103.72,104.45,103.7,104.19,33933.269
2025-05-10 22:00:00,104.19,104.42,103.66,104.1,48991.905
2025-05-10 22:30:00,104.1,104.75,103.84,104.57,48555.799
2025-05-10 23:00:00,104.56,105.51,104.31,105.0,109705.614
2025-05-10 23:30:00,105.0,105.39,104.3,105.23,69426.006
2025-05-11 00:00:00,105.22,105.55,102.02,102.15,203123.944
2025-05-11 00:30:00,102.15,104.33,102.15,104.15,102290.119
2025-05-11 01:00:00,104.15,105.95,103.8,105.09,124524.696
2025-05-11 01:30:00,105.08,105.08,102.91,103.45,103755.822
2025-05-11 02:00:00,103.45,104.42,103.12,104.24,69674.537
2025-05-11 02:30:00,104.23,105.05,103.62,104.27,63403.834
2025-05-11 03:00:00,104.29,104.95,103.71,104.94,36378.583
2025-05-11 03:30:00,104.94,105.04,104.35,104.45,31001.945
2025-05-11 04:00:00,104.45,105.0,104.36,104.6,24108.788
2025-05-11 04:30:00,104.59,104.66,103.91,104.17,46468.788
2025-05-11 05:00:00,104.16,104.26,103.71,103.77,25867.695
2025-05-11 05:30:00,103.77,103.98,103.0,103.13,65848.223
2025-05-11 06:00:00,103.13,103.28,102.55,103.1,78214.808
2025-05-11 06:30:00,103.09,103.2,101.68,102.18,104640.711
2025-05-11 07:00:00,102.18,102.23,101.05,101.68,130362.004
2025-05-11 07:30:00,101.68,101.77,99.68,100.61,259703.949
2025-05-11 08:00:00,100.6,101.34,100.57,100.69,61002.059
2025-05-11 08:30:00,100.69,100.71,99.79,100.15,78529.327
2025-05-11 09:00:00,100.15,101.36,100.06,101.32,52131.678
2025-05-11 09:30:00,101.32,101.52,101.09,101.14,36004.117
2025-05-11 10:00:00,101.14,101.42,100.73,101.39,32802.828
2025-05-11 10:30:00,101.38,101.44,100.85,101.35,30001.572
2025-05-11 11:00:00,101.35,101.67,101.07,101.44,39259.538
2025-05-11 11:30:00,101.44,101.75,101.34,101.63,27705.912
2025-05-11 12:00:00,101.63,101.93,101.16,101.33,48150.542
2025-05-11 12:30:00,101.33,101.37,100.92,101.24,34554.041
2025-05-11 13:00:00,101.24,101.72,100.62,100.77,40564.483
2025-05-11 13:30:00,100.76,100.79,98.94,98.99,178576.032
2025-05-11 14:00:00,98.98,99.83,97.98,99.67,197684.191
2025-05-11 14:30:00,99.68,100.46,99.63,99.99,59489.715
2025-05-11 15:00:00,99.99,100.65,99.87,99.96,51789.382
2025-05-11 15:30:00,99.96,100.18,98.48,99.36,121429.277
2025-05-11 16:00:00,99.36,99.56,98.19,99.38,143888.441
2025-05-11 16:30:00,99.37,99.63,98.71,99.19,58557.413
2025-05-11 17:00:00,99.2,99.89,98.89,99.71,55562.04
2025-05-11 17:30:00,99.7,100.37,99.64,100.02,42363.026
2025-05-11 18:00:00,100.02,100.17,99.75,99.75,25270.207
2025-05-11 18:30:00,99.75,100.75,99.37,100.41,65093.168
2025-05-11 19:00:00,100.41,100.61,100.2,100.49,24918.727
2025-05-11 19:30:00,100.49,100.77,100.14,100.26,20754.012
2025-05-11 20:00:00,100.27,100.4,99.79,100.17,31791.446
2025-05-11 20:30:00,100.18,100.31,99.71,99.76,25431.933
2025-05-11 21:00:00,99.75,99.97,99.47,99.76,22869.046
2025-05-11 21:30:00,99.77,100.35,99.74,100.31,15920.276
2025-05-11 22:00:00,100.31,100.74,99.7,99.87,40648.708
2025-05-11 22:30:00,99.86,100.1,99.26,99.74,23572.944
2025-05-11 23:00:00,99.74,100.33,99.74,100.02,33432.88
2025-05-11 23:30:00,100.01,100.08,99.66,100.08,16065.012
2025-05-12 00:00:00,100.09,100.86,99.99,100.84,56185.659
2025-05-12 00:30:00,100.83,101.5,100.51,101.12,63689.744
2025-05-12 01:00:00,101.12,101.76,100.27,100.52,65231.315
2025-05-12 01:30:00,100.53,100.64,99.02,100.28,80096.902
2025-05-12 02:00:00,100.27,101.09,100.13,100.39,52298.709
2025-05-12 02:30:00,100.39,100.86,99.92,100.41,35039.68
2025-05-12 03:00:00,100.42,100.96,99.57,100.53,52200.549
2025-05-12 03:30:00,100.53,101.04,100.43,100.94,35246.515
2025-05-12 04:00:00,100.93,101.47,100.53,100.73,38212.06
2025-05-12 04:30:00,100.73,101.75,100.53,101.49,49261.098
2025-05-12 05:00:00,101.49,101.58,100.32,100.53,40632.293
2025-05-12 05:30:00,100.53,100.94,100.06,100.69,27645.333
2025-05-12 06:00:00,100.7,101.41,100.36,101.34,27375.917
2025-05-12 06:30:00,101.33,101.53,101.2,101.42,38906.022
2025-05-12 07:00:00,101.42,103.93,101.42,103.74,221609.482
2025-05-12 07:30:00,103.74,104.23,101.58,102.23,189136.65
2025-05-12 08:00:00,102.24,102.42,101.15,101.97,107427.742
2025-05-12 08:30:00,101.97,103.48,101.79,102.9,101516.845
2025-05-12 09:00:00,102.9,103.28,102.52,102.92,49639.547
2025-05-12 09:30:00,102.92,102.97,102.21,102.36,41895.476
2025-05-12 10:00:00,102.37,102.59,101.89,102.38,70016.561
2025-05-12 10:30:00,102.38,103.0,102.04,102.91,54336.927
2025-05-12 11:00:00,102.91,103.26,102.51,102.97,77015.881
2025-05-12 11:30:00,102.98,103.26,101.51,101.87,101980.994
2025-05-12 12:00:00,101.86,103.0,101.68,102.4,102374.256
2025-05-12 12:30:00,102.4,103.19,101.97,102.95,88854.39
2025-05-12 13:00:00,102.96,104.09,102.87,102.93,138003.582
2025-05-12 13:30:00,102.92,103.33,101.65,103.01,148833.48
2025-05-12 14:00:00,103.02,103.26,100.21,100.77,148329.674
2025-05-12 14:30:00,100.78,101.72,99.71,100.36,239818.636
2025-05-12 15:00:00,100.37,101.05,99.16,100.77,187469.528
2025-05-12 15:30:00,100.78,101.13,100.12,100.35,74940.728
2025-05-12 16:00:00,100.35,101.17,99.51,100.91,117186.223
2025-05-12 16:30:00,100.92,101.65,100.74,101.42,51289.334
2025-05-12 17:00:00,101.42,102.02,100.83,101.51,73814.708
2025-05-12 17:30:00,101.5,102.12,101.24,101.71,103749.063
2025-05-12 18:00:00,101.72,102.19,100.11,100.34,182444.608
2025-05-12 18:30:00,100.32,100.79,98.25,99.82,231196.999
2025-05-12 19:00:00,99.83,102.51,99.5,101.5,176136.666
2025-05-12 19:30:00,101.5,101.72,100.42,101.58,84370.6
2025-05-12 20:00:00,101.59,101.82,100.92,101.48,53688.333
2025-05-12 20:30:00,101.48,102.48,101.45,102.2,57477.773
2025-05-12 21:00:00,102.2,102.51,101.5,101.5,41888.932
2025-05-12 21:30:00,101.5,102.09,101.47,101.87,19771.859
2025-05-12 22:00:00,101.87,103.23,101.72,102.75,87831.637
2025-05-12 22:30:00,102.76,103.0,102.14,102.16,31132.208
2025-05-12 23:00:00,102.16,105.2,102.15,104.08,309561.192
2025-05-12 23:30:00,104.08,104.38,103.42,103.82,76698.902
2025-05-13 00:00:00,103.81,104.78,103.12,103.63,123987.512
2025-05-13 00:30:00,103.64,103.66,102.01,102.1,95381.692
2025-05-13 01:00:00,102.09,102.87,101.86,101.87,71364.17
2025-05-13 01:30:00,101.88,102.09,100.8,101.43,98681.391
2025-05-13 02:00:00,101.42,101.86,99.32,100.59,151046.341
2025-05-13 02:30:00,100.59,100.96,99.89,100.85,71846.626
2025-05-13 03:00:00,100.85,101.79,100.05,100.49,98510.692
2025-05-13 03:30:00,100.48,101.12,99.65,99.98,84721.786
2025-05-13 04:00:00,99.98,101.55,99.79,101.48,58188.607
2025-05-13 04:30:00,101.47,102.73,101.47,102.63,69172.876
2025-05-13 05:00:00,102.62,102.8,101.83,101.91,56834.291
2025-05-13 05:30:00,101.91,101.99,101.18,101.69,42261.892
2025-05-13 06:00:00,101.69,103.28,101.67,102.53,71860.13
2025-05-13 06:30:00,102.53,103.1,102.5,102.79,38884.875
2025-05-13 07:00:00,102.79,103.66,102.79,102.95,56182.91
2025-05-13 07:30:00,102.95,103.23,102.4,102.52,41640.35
2025-05-13 08:00:00,102.53,102.66,101.61,101.72,65429.021
2025-05-13 08:30:00,101.72,102.35,101.51,101.82,34691.557
2025-05-13 09:00:00,101.83,102.75,101.74,102.61,84602.928
2025-05-13 09:30:00,102.6,102.99,102.13,102.81,80586.352
2025-05-13 10:00:00,102.82,102.97,101.89,102.29,90462.197
2025-05-13 10:30:00,102.3,102.75,101.81,102.34,45089.003
2025-05-13 11:00:00,102.34,103.1,102.27,102.69,36928.588
2025-05-13 11:30:00,102.69,103.08,102.6,102.91,41128.432
2025-05-13 12:00:00,102.9,103.0,102.16,102.79,44598.756
2025-05-13 12:30:00,102.78,103.46,101.64,102.31,183399.811
2025-05-13 13:00:00,102.32,102.45,101.81,102.06,56817.255
2025-05-13 13:30:00,102.07,102.24,100.96,101.47,85594.975
2025-05-13 14:00:00,101.49,101.49,100.5,100.83,121557.908
2025-05-13 14:30:00,100.83,100.83,99.55,100.19,125696.22
2025-05-13 15:00:00,100.18,101.08,100.03,100.86,82224.957
2025-05-13 15:30:00,100.85,101.21,100.54,101.1,63685.896
2025-05-13 16:00:00,101.1,102.36,100.99,101.95,122907.214
2025-05-13 16:30:00,101.95,101.98,101.4,101.59,68158.699
2025-05-13 17:00:00,101.58,102.3,101.37,101.87,57164.006
2025-05-13 17:30:00,101.86,102.2,101.23,101.89,48801.778
2025-05-13 18:00:00,101.88,102.56,101.7,102.45,56633.623
2025-05-13 18:30:00,102.45,102.97,102.19,102.91,59068.491
2025-05-13 19:00:00,102.9,103.54,102.37,103.42,71958.691
2025-05-13 19:30:00,103.41,104.95,103.41,103.99,219974.679
2025-05-13 20:00:00,103.99,104.3,103.13,103.99,122909.643
2025-05-13 20:30:00,103.98,104.93,103.85,104.59,87133.24
2025-05-13 21:00:00,104.58,104.81,104.09,104.26,75086.196
2025-05-13 21:30:00,104.26,104.37,103.36,103.73,47804.985
2025-05-13 22:00:00,103.72,104.19,103.43,103.8,35816.91
2025-05-13 22:30:00,103.8,104.26,103.48,103.55,35815.174
2025-05-13 23:00:00,103.56,103.77,102.86,103.56,52523.471
2025-05-13 23:30:00,103.55,103.71,103.22,103.37,30476.203
2025-05-14 00:00:00,103.36,103.45,102.71,102.96,48419.463
2025-05-14 00:30:00,102.95,103.43,102.56,103.17,32662.684
2025-05-14 01:00:00,103.18,104.27,102.87,103.93,88193.272
2025-05-14 01:30:00,103.93,104.72,103.06,103.27,115640.423
2025-05-14 02:00:00,103.28,103.6,102.35,103.05,81970.457
2025-05-14 02:30:00,103.05,104.18,102.94,103.68,38194.385
2025-05-14 03:00:00,103.69,104.0,103.07,103.12,37004.697
2025-05-14 03:30:00,103.12,103.53,102.91,103.41,33021.409
2025-05-14 04:00:00,103.42,103.6,102.7,103.38,52350.733
2025-05-14 04:30:00,103.37,104.28,103.33,104.03,32067.032
2025-05-14 05:00:00,104.02,104.5,103.82,104.14,54040.967
2025-05-14 05:30:00,104.14,104.62,104.01,104.2,38731.213
2025-05-14 06:00:00,104.2,104.52,103.76,104.1,36112.125
2025-05-14 06:30:00,104.1,104.3,103.74,104.11,23295.606
2025-05-14 07:00:00,104.11,104.44,103.72,104.21,58671.162
2025-05-14 07:30:00,104.21,105.97,103.8,104.35,387274.0
2025-05-14 08:00:00,104.36,104.79,102.97,103.16,172102.414
2025-05-14 08:30:00,103.16,103.47,101.1,101.21,192172.459
2025-05-14 09:00:00,101.21,102.19,101.02,102.17,101980.14
2025-05-14 09:30:00,102.16,102.39,101.68,102.22,48573.669
2025-05-14 10:00:00,102.22,102.45,101.57,102.32,40711.631
2025-05-14 10:30:00,102.33,102.45,101.72,101.75,36556.708
2025-05-14 11:00:00,101.75,102.73,101.75,102.35,52803.073
2025-05-14 11:30:00,102.35,102.61,102.13,102.29,45183.097
2025-05-14 12:00:00,102.3,102.69,101.95,102.64,36601.041
2025-05-14 12:30:00,102.64,102.74,101.87,102.02,49229.617
2025-05-14 13:00:00,102.02,102.08,101.39,101.68,69529.107
2025-05-14 13:30:00,101.69,102.2,100.06,100.72,200819.939
2025-05-14 14:00:00,100.71,100.76,98.99,99.34,193169.537
2025-05-14 14:30:00,99.33,100.28,99.24,99.71,90664.315
2025-05-14 15:00:00,99.7,99.84,98.89,99.49,92258.362
2025-05-14 15:30:00,99.49,99.96,99.09,99.93,48520.136
2025-05-14 16:00:00,99.92,100.26,99.6,99.73,69341.432
2025-05-14 16:30:00,99.72,100.06,99.01,99.22,79465.594
2025-05-14 17:00:00,99.22,99.45,98.51,99.16,128499.86
2025-05-14 17:30:00,99.15,99.93,99.05,99.93,50009.837
2025-05-14 18:00:00,99.92,100.44,99.47,100.11,62700.517
2025-05-14 18:30:00,100.11,100.36,99.9,100.35,28433.901
2025-05-14 19:00:00,100.34,100.62,100.23,100.26,37179.381
2025-05-14 19:30:00,100.24,100.35,100.02,100.14,20058.004
2025-05-14 20:00:00,100.15,100.41,99.91,100.4,30898.08
2025-05-14 20:30:00,100.41,101.5,100.29,101.21,84669.923
2025-05-14 21:00:00,101.21,101.6,100.1,100.45,117276.223
2025-05-14 21:30:00,100.45,101.41,100.25,101.25,22718.805
2025-05-14 22:00:00,101.24,101.35,100.6,100.92,33718.151
2025-05-14 22:30:00,100.92,101.47,100.9,101.16,29426.114
2025-05-14 23:00:00,101.17,101.28,100.3,100.79,46578.957
2025-05-14 23:30:00,100.79,101.27,100.69,100.91,24555.106
2025-05-15 00:00:00,100.91,101.86,100.62,101.46,90240.168
2025-05-15 00:30:00,101.45,101.87,101.27,101.4,31580.566
2025-05-15 01:00:00,101.4,101.62,100.76,100.88,58656.864
2025-05-15 01:30:00,100.88,101.08,99.54,99.85,112956.274
2025-05-15 02:00:00,99.84,100.74,99.64,100.47,40473.691
2025-05-15 02:30:00,100.46,100.76,100.22,100.43,29231.21
2025-05-15 03:00:00,100.44,100.71,99.97,100.1,28180.807
2025-05-15 03:30:00,100.11,100.25,99.37,99.56,30487.355
2025-05-15 04:00:00,99.55,100.3,99.49,100.16,54731.507
2025-05-15 04:30:00,100.17,100.46,99.73,100.01,19080.523
2025-05-15 05:00:00,100.01,100.12,99.1,99.26,47062.018
2025-05-15 05:30:00,99.26,99.43,98.35,98.61,82007.957
2025-05-15 06:00:00,98.6,99.19,98.47,98.87,69466.77
2025-05-15 06:30:00,98.87,98.94,97.43,97.97,138941.033
2025-05-15 07:00:00,97.96,98.02,96.1,96.37,161568.098
2025-05-15 07:30:00,96.36,96.61,95.52,95.67,185994.349
2025-05-15 08:00:00,95.66,97.12,95.63,97.09,110041.318
2025-05-15 08:30:00,97.08,98.06,96.96,97.99,102856.69
2025-05-15 09:00:00,97.99,98.02,97.11,97.46,53189.568
2025-05-15 09:30:00,97.45,97.52,96.21,97.23,97434.991
2025-05-15 10:00:00,97.24,97.74,96.83,97.66,59856.152
2025-05-15 10:30:00,97.67,97.76,97.03,97.61,54356.081
2025-05-15 11:00:00,97.6,98.23,97.51,98.08,54261.229
2025-05-15 11:30:00,98.08,98.31,97.87,98.1,44739.229
2025-05-15 12:00:00,98.1,98.81,97.96,98.4,65315.62
2025-05-15 12:30:00,98.41,99.1,97.85,98.25,98765.018
2025-05-15 13:00:00,98.24,98.51,97.6,97.8,44733.576
2025-05-15 13:30:00,97.81,98.03,95.93,96.95,172122.504
2025-05-15 14:00:00,96.94,97.37,95.6,96.48,143616.29
2025-05-15 14:30:00,96.49,96.94,95.55,96.93,132157.774
2025-05-15 15:00:00,96.92,97.78,96.55,97.72,73728.999
2025-05-15 15:30:00,97.71,98.63,97.57,98.34,104735.764
2025-05-15 16:00:00,98.34,98.65,97.91,98.35,70098.699
2025-05-15 16:30:00,98.35,99.35,98.05,99.32,64543.332
2025-05-15 17:00:00,99.32,99.61,98.74,99.57,58364.119
2025-05-15 17:30:00,99.57,99.87,99.2,99.37,59196.432
2025-05-15 18:00:00,99.37,99.61,98.4,98.45,75448.089
2025-05-15 18:30:00,98.45,98.67,97.43,97.62,106914.342
2025-05-15 19:00:00,97.62,98.54,97.31,97.95,61347.382
2025-05-15 19:30:00,97.95,99.53,97.81,99.53,73576.555
2025-05-15 20:00:00,99.53,100.45,99.04,99.63,186933.368
2025-05-15 20:30:00,99.63,99.87,98.96,99.13,63849.611
2025-05-15 21:00:00,99.13,99.29,98.42,99.03,54379.411
2025-05-15 21:30:00,99.03,99.71,98.44,99.56,32214.089
2025-05-15 22:00:00,99.55,100.24,99.37,99.89,36153.484
2025-05-15 22:30:00,99.89,100.12,98.82,98.85,51685.501
2025-05-15 23:00:00,98.85,98.97,97.67,98.25,87957.391
2025-05-15 23:30:00,98.26,99.48,98.26,99.21,37897.175
2025-05-16 00:00:00,99.21,99.69,98.99,99.38,43589.553
2025-05-16 00:30:00,99.38,100.07,99.11,99.48,41979.54
2025-05-16 01:00:00,99.48,99.82,98.7,99.66,59069.158
2025-05-16 01:30:00,99.65,100.36,99.58,100.36,43631.686
2025-05-16 02:00:00,100.36,101.14,99.9,100.85,121409.701
2025-05-16 02:30:00,100.84,100.93,100.27,100.53,26520.558
2025-05-16 03:00:00,100.53,101.07,100.44,100.92,34483.91
2025-05-16 03:30:00,100.92,101.11,100.66,100.86,42131.85
2025-05-16 04:00:00,100.86,101.05,100.32,100.59,32876.251
2025-05-16 04:30:00,100.59,100.75,100.24,100.66,32373.851
2025-05-16 05:00:00,100.66,101.08,100.62,100.77,24512.296
2025-05-16 05:30:00,100.77,100.81,100.32,100.38,27824.54
2025-05-16 06:00:00,100.38,100.61,100.05,100.34,32493.095
2025-05-16 06:30:00,100.34,100.72,100.22,100.41,26295.026
2025-05-16 07:00:00,100.41,100.55,99.88,100.37,42238.052
2025-05-16 07:30:00,100.38,100.42,99.64,99.83,37693.393
2025-05-16 08:00:00,99.82,100.08,98.67,98.93,69939.916
2025-05-16 08:30:00,98.93,99.08,98.22,98.92,70645.812
2025-05-16 09:00:00,98.95,100.0,98.92,99.92,47425.811
2025-05-16 09:30:00,99.94,100.29,99.77,100.1,37256.459
2025-05-16 10:00:00,100.11,100.72,99.69,100.28,71397.068
2025-05-16 10:30:00,100.28,100.91,100.23,100.79,37590.033
2025-05-16 11:00:00,100.79,101.36,100.62,100.62,55864.236
2025-05-16 11:30:00,100.62,101.01,100.36,100.95,46705.608
2025-05-16 12:00:00,100.94,101.54,100.75,100.81,62875.882
2025-05-16 12:30:00,100.8,101.32,100.71,100.76,34978.163
2025-05-16 13:00:00,100.75,101.53,100.64,101.19,35162.907
2025-05-16 13:30:00,101.19,101.67,101.04,101.34,38838.734
2025-05-16 14:00:00,101.33,101.34,100.55,101.06,60932.168
2025-05-16 14:30:00,101.06,101.07,100.07,100.61,55704.918
2025-05-16 15:00:00,100.61,101.41,100.6,101.23,35487.99
2025-05-16 15:30:00,101.22,101.59,101.16,101.52,37382.236
2025-05-16 16:00:00,101.52,101.84,101.12,101.22,47096.741
2025-05-16 16:30:00,101.22,102.11,100.84,101.98,66994.298
2025-05-16 17:00:00,101.97,102.15,101.43,101.68,52429.672
2025-05-16 17:30:00,101.67,101.68,101.03,101.35,40910.397
2025-05-16 18:00:00,101.35,101.39,100.46,100.61,40875.652
2025-05-16 18:30:00,100.6,101.01,100.46,100.64,27274.36
2025-05-16 19:00:00,100.63,100.84,100.26,100.57,40493.098
2025-05-16 19:30:00,100.57,100.79,100.16,100.67,35300.573
2025-05-16 20:00:00,100.66,100.67,100.11,100.15,26318.409
2025-05-16 20:30:00,100.15,100.18,99.05,99.44,77414.765
2025-05-16 21:00:00,99.43,100.06,99.29,99.3,45871.701
2025-05-16 21:30:00,99.3,99.92,99.0,99.47,30159.454
2025-05-16 22:00:00,99.46,99.56,98.84,99.14,53041.076
2025-05-16 22:30:00,99.13,99.5,98.66,99.3,57054.34
2025-05-16 23:00:00,99.29,99.93,99.28,99.44,31500.715
2025-05-16 23:30:00,99.44,99.82,99.25,99.4,32403.718
2025-05-17 00:00:00,99.41,100.11,99.38,99.39,75896.875
2025-05-17 00:30:00,99.39,99.76,98.6,98.98,66525.776
2025-05-17 01:00:00,98.97,98.97,97.89,98.66,85426.368
2025-05-17 01:30:00,98.66,98.68,97.29,98.12,92365.999
2025-05-17 02:00:00,98.12,98.68,97.63,98.68,51663.274
2025-05-17 02:30:00,98.67,99.14,98.62,98.63,58986.868
2025-05-17 03:00:00,98.63,98.87,97.92,98.44,35880.413
2025-05-17 03:30:00,98.43,99.28,98.35,99.13,33664.258
2025-05-17 04:00:00,99.14,100.48,99.02,100.34,52807.561
2025-05-17 04:30:00,100.35,100.72,100.14,100.14,66307.942
2025-05-17 05:00:00,100.14,100.41,99.97,100.14,38699.546
2025-05-17 05:30:00,100.15,100.22,99.31,99.72,56788.42
2025-05-17 06:00:00,99.73,101.0,99.72,100.35,76690.97
2025-05-17 06:30:00,100.35,101.2,100.25,100.93,47945.083
2025-05-17 07:00:00,100.94,101.08,100.77,100.95,43500.996
2025-05-17 07:30:00,100.95,101.06,100.22,100.49,44848.296
2025-05-17 08:00:00,100.49,100.92,100.16,100.83,52296.85
2025-05-17 08:30:00,100.84,101.13,100.25,100.27,45152.742
2025-05-17 09:00:00,100.28,100.42,99.45,99.82,80533.777
2025-05-17 09:30:00,99.83,100.59,99.56,99.72,52445.254
2025-05-17 10:00:00,99.71,100.08,99.45,99.88,40564.371
2025-05-17 10:30:00,99.88,99.93,99.16,99.49,35728.933
2025-05-17 11:00:00,99.5,99.67,98.48,98.65,53220.944
2025-05-17 11:30:00,98.66,99.19,98.56,98.86,39527.75
2025-05-17 12:00:00,98.85,99.05,98.36,98.68,44493.111
2025-05-17 12:30:00,98.68,98.76,98.03,98.18,40519.071
2025-05-17 13:00:00,98.19,98.29,97.57,97.6,62657.445
2025-05-17 13:30:00,97.61,97.67,96.97,97.08,82716.988
2025-05-17 14:00:00,97.08,98.27,97.04,98.18,93491.746
2025-05-17 14:30:00,98.18,98.32,97.88,98.07,49441.767
2025-05-17 15:00:00,98.08,98.18,97.6,98.02,33439.845
2025-05-17 15:30:00,98.02,98.29,97.44,97.55,30584.515
2025-05-17 16:00:00,97.56,97.86,97.24,97.49,46139.985
2025-05-17 16:30:00,97.5,97.55,96.29,97.04,97167.046
2025-05-17 17:00:00,97.03,97.76,96.92,97.76,37310.664
2025-05-17 17:30:00,97.75,97.94,97.05,97.06,27293.653
2025-05-17 18:00:00,97.06,97.77,96.76,97.77,69050.095
2025-05-17 18:30:00,97.76,97.78,96.33,96.48,54683.502
2025-05-17 19:00:00,96.48,96.95,96.26,96.61,42089.831
2025-05-17 19:30:00,96.62,96.69,96.21,96.3,45922.135
2025-05-17 20:00:00,96.29,96.82,96.02,96.4,59221.272
2025-05-17 20:30:00,96.4,97.5,96.3,97.33,52148.744
2025-05-17 21:00:00,97.33,97.4,96.67,96.83,31496.958
2025-05-17 21:30:00,96.83,97.3,96.82,97.1,19272.241
2025-05-17 22:00:00,97.1,97.11,95.62,95.69,73405.141
2025-05-17 22:30:00,95.69,95.98,95.57,95.84,30050.271
2025-05-17 23:00:00,95.83,96.65,95.59,96.54,36329.803
2025-05-17 23:30:00,96.54,96.6,95.94,96.0,20290.907
2025-05-18 00:00:00,96.01,96.87,95.93,96.54,41644.022
2025-05-18 00:30:00,96.55,96.95,96.37,96.88,39078.428
2025-05-18 01:00:00,96.88,97.0,96.06,96.16,36173.995
2025-05-18 01:30:00,96.16,96.78,95.96,96.67,34480.032
2025-05-18 02:00:00,96.66,96.93,96.65,96.8,21743.778
2025-05-18 02:30:00,96.81,96.86,96.42,96.5,19574.375
2025-05-18 03:00:00,96.51,96.86,96.01,96.01,32447.742
2025-05-18 03:30:00,96.01,96.61,96.0,96.32,22761.402
2025-05-18 04:00:00,96.32,96.96,96.29,96.82,24537.185
2025-05-18 04:30:00,96.81,97.23,96.73,97.14,27530.521
2025-05-18 05:00:00,97.14,97.96,97.11,97.8,36287.575
2025-05-18 05:30:00,97.79,98.21,97.67,98.03,28151.321
2025-05-18 06:00:00,98.03,98.2,97.81,98.02,47035.444
2025-05-18 06:30:00,98.02,98.04,97.64,97.74,36420.991
2025-05-18 07:00:00,97.74,98.26,97.61,98.23,22072.174
2025-05-18 07:30:00,98.23,98.65,98.12,98.6,33873.574
2025-05-18 08:00:00,98.6,99.06,98.53,99.05,56888.309
2025-05-18 08:30:00,99.05,99.2,98.68,98.68,29709.882
2025-05-18 09:00:00,98.69,98.83,98.32,98.58,39940.946
2025-05-18 09:30:00,98.58,98.8,98.36,98.6,29792.238
2025-05-18 10:00:00,98.61,98.79,98.25,98.29,22370.465
2025-05-18 10:30:00,98.29,98.4,98.2,98.37,19952.946
2025-05-18 11:00:00,98.37,98.57,98.25,98.31,14229.488
2025-05-18 11:30:00,98.31,98.53,98.05,98.18,21502.782
2025-05-18 12:00:00,98.17,98.43,97.8,98.26,45719.578
2025-05-18 12:30:00,98.25,98.55,98.2,98.53,15990.736
2025-05-18 13:00:00,98.53,98.54,98.2,98.44,20530.444
2025-05-18 13:30:00,98.45,99.05,98.38,98.98,64331.967
2025-05-18 14:00:00,98.98,99.37,98.78,99.25,70097.842
2025-05-18 14:30:00,99.24,100.18,99.2,99.79,74535.949
2025-05-18 15:00:00,99.8,100.48,99.4,100.42,67921.138
2025-05-18 15:30:00,100.42,101.88,100.3,101.81,143311.996
2025-05-18 16:00:00,101.81,102.45,101.16,101.76,191370.585
2025-05-18 16:30:00,101.76,102.04,101.35,101.91,98170.993
2025-05-18 17:00:00,101.91,101.94,100.65,101.05,67932.399
2025-05-18 17:30:00,101.04,101.1,99.9,100.05,129701.859
2025-05-18 18:00:00,100.05,100.08,98.1,99.38,220203.487
2025-05-18 18:30:00,99.39,99.4,98.25,98.61,60828.582
2025-05-18 19:00:00,98.6,99.35,98.5,99.2,34842.342
2025-05-18 19:30:00,99.2,99.2,96.93,96.97,135339.847
2025-05-18 20:00:00,96.97,96.98,95.7,96.9,167691.448
2025-05-18 20:30:00,96.9,97.77,96.58,97.38,69357.778
2025-05-18 21:00:00,97.39,99.06,97.38,98.97,58190.535
2025-05-18 21:30:00,98.97,99.09,97.95,98.22,45362.959
2025-05-18 22:00:00,98.22,98.41,97.05,98.3,64597.916
2025-05-18 22:30:00,98.28,99.37,98.27,99.31,45968.679
2025-05-18 23:00:00,99.31,99.66,98.94,99.66,37210.707
2025-05-18 23:30:00,99.66,101.27,99.59,100.89,71846.423
2025-05-19 00:00:00,100.9,101.25,99.47,99.51,113925.595
2025-05-19 00:30:00,99.52,99.65,98.37,98.71,70013.292
2025-05-19 01:00:00,98.71,99.19,98.3,99.01,88304.301
2025-05-19 01:30:00,99.02,99.45,98.64,98.92,35043.968
2025-05-19 02:00:00,98.92,99.26,98.08,98.89,59665.017
2025-05-19 02:30:00,98.89,99.03,98.22,98.35,27260.784
2025-05-19 03:00:00,98.35,98.42,97.5,97.79,59150.017
2025-05-19 03:30:00,97.79,97.88,96.95,96.99,43099.326
2025-05-19 04:00:00,96.99,97.8,96.55,96.72,88974.818
2025-05-19 04:30:00,96.71,96.88,94.74,95.19,169587.559
2025-05-19 05:00:00,95.2,95.39,94.61,95.01,91929.203
2025-05-19 05:30:00,95.01,95.53,94.58,95.25,90771.023
2025-05-19 06:00:00,95.25,96.0,95.06,95.37,83677.206
2025-05-19 06:30:00,95.37,95.38,94.3,94.36,93238.75
2025-05-19 07:00:00,94.36,95.82,94.06,95.53,83217.753
2025-05-19 07:30:00,95.52,96.0,95.51,95.64,45598.32
2025-05-19 08:00:00,95.64,95.79,94.97,95.28,53485.173
2025-05-19 08:30:00,95.29,95.37,94.76,95.32,37429.07
2025-05-19 09:00:00,95.32,95.75,94.72,95.62,61506.029
2025-05-19 09:30:00,95.62,95.88,95.35,95.37,29570.584
2025-05-19 10:00:00,95.36,95.5,94.87,95.39,34998.228
2025-05-19 10:30:00,95.39,95.85,95.09,95.56,26406.998
2025-05-19 11:00:00,95.56,95.78,95.38,95.53,31689.962
2025-05-19 11:30:00,95.53,95.91,95.4,95.71,20373.615
2025-05-19 12:00:00,95.71,95.84,95.03,95.37,55150.6
2025-05-19 12:30:00,95.36,95.36,94.33,94.68,70574.816
2025-05-19 13:00:00,94.69,95.11,94.58,94.93,31163.931
2025-05-19 13:30:00,94.93,96.26,94.65,95.77,91422.023
2025-05-19 14:00:00,95.76,96.29,95.43,95.87,62713.941
2025-05-19 14:30:00,95.87,96.98,95.84,96.7,101423.512
2025-05-19 15:00:00,96.69,97.57,96.59,97.04,98634.815
2025-05-19 15:30:00,97.04,97.87,96.97,97.73,48824.758
2025-05-19 16:00:00,97.73,98.19,96.99,98.13,71745.432
2025-05-19 16:30:00,98.13,98.59,97.71,98.57,69806.119
2025-05-19 17:00:00,98.56,99.16,98.52,98.88,87834.481
2025-05-19 17:30:00,98.88,98.93,98.19,98.41,53239.306
2025-05-19 18:00:00,98.4,98.74,97.91,98.17,48403.194
2025-05-19 18:30:00,98.17,98.76,97.76,98.44,55377.096
2025-05-19 19:00:00,98.45,98.7,98.31,98.5,27778.472
2025-05-19 19:30:00,98.5,99.37,98.5,99.14,39114.461
2025-05-19 20:00:00,99.14,99.31,98.9,99.18,29289.777
2025-05-19 20:30:00,99.18,99.19,98.72,99.05,25146.482
2025-05-19 21:00:00,99.06,99.13,98.41,98.43,31533.033
2025-05-19 21:30:00,98.44,98.89,98.44,98.83,12369.233
2025-05-19 22:00:00,98.82,98.82,98.06,98.13,38381.707
2025-05-19 22:30:00,98.13,98.35,98.06,98.11,24807.288
2025-05-19 23:00:00,98.11,98.41,98.07,98.14,18304.328
2025-05-19 23:30:00,98.15,98.57,98.1,98.23,24648.647
2025-05-20 00:00:00,98.23,99.2,98.18,98.41,77290.91
2025-05-20 00:30:00,98.4,98.92,98.28,98.44,28935.076
2025-05-20 01:00:00,98.42,98.86,98.24,98.68,21944.834
2025-05-20 01:30:00,98.69,99.5,98.68,99.12,45737.381
2025-05-20 02:00:00,99.13,99.67,98.45,98.88,162306.273
2025-05-20 02:30:00,98.88,99.17,98.64,98.71,43317.155
2025-05-20 03:00:00,98.7,98.94,98.43,98.84,28835.768
2025-05-20 03:30:00,98.83,98.84,97.84,97.87,69967.562
2025-05-20 04:00:00,97.87,97.94,96.49,97.16,176009.821
2025-05-20 04:30:00,97.15,97.93,97.09,97.82,41406.027
2025-05-20 05:00:00,97.82,98.3,97.55,98.1,46201.822
2025-05-20 05:30:00,98.1,98.13,97.55,97.66,26393.425
2025-05-20 06:00:00,97.66,97.78,96.95,97.07,40574.314
2025-05-20 06:30:00,97.06,97.3,96.88,97.04,26162.003
2025-05-20 07:00:00,97.05,97.31,95.16,95.26,316708.104
2025-05-20 07:30:00,95.25,95.36,93.0,93.86,615860.234
2025-05-20 08:00:00,93.85,94.16,92.66,93.1,260938.716
2025-05-20 08:30:00,93.1,93.96,93.08,93.81,89857.569
2025-05-20 09:00:00,93.81,93.85,93.06,93.28,83430.343
2025-05-20 09:30:00,93.29,93.69,93.01,93.29,77613.65
2025-05-20 10:00:00,93.29,93.54,92.74,93.12,91859.603
2025-05-20 10:30:00,93.12,93.25,92.78,93.06,50723.235
2025-05-20 11:00:00,93.06,93.15,92.31,93.06,104677.789
2025-05-20 11:30:00,93.06,93.49,93.05,93.38,64793.432
2025-05-20 12:00:00,93.37,93.37,92.56,92.64,66770.934
2025-05-20 12:30:00,92.65,92.9,92.19,92.8,78607.566
2025-05-20 13:00:00,92.8,93.32,92.77,93.14,48463.421
2025-05-20 13:30:00,93.14,93.47,92.64,93.19,86265.871
2025-05-20 14:00:00,93.18,93.75,92.87,93.19,83696.625
2025-05-20 14:30:00,93.2,93.65,93.07,93.29,48855.177
2025-05-20 15:00:00,93.29,93.82,93.12,93.78,61366.152
2025-05-20 15:30:00,93.79,94.11,93.63,93.83,63824.397
2025-05-20 16:00:00,93.82,94.05,93.37,93.69,53369.595
2025-05-20 16:30:00,93.7,93.96,93.47,93.56,24970.656
2025-05-20 17:00:00,93.56,94.32,93.51,94.11,48329.325
2025-05-20 17:30:00,94.11,94.43,93.84,94.34,45070.876
2025-05-20 18:00:00,94.33,94.55,93.5,93.66,56267.092
2025-05-20 18:30:00,93.65,93.94,93.01,93.09,64283.024
2025-05-20 19:00:00,93.08,93.88,92.87,93.78,45820.487
2025-05-20 19:30:00,93.78,94.16,93.23,93.7,83313.146
2025-05-20 20:00:00,93.72,94.0,93.2,93.63,70417.686
2025-05-20 20:30:00,93.64,94.54,93.45,94.18,81135.694
2025-05-20 21:00:00,94.19,94.85,93.81,93.83,78827.398
2025-05-20 21:30:00,93.82,94.45,93.63,94.17,38144.848
2025-05-20 22:00:00,94.17,94.4,93.32,93.69,42127.855
2025-05-20 22:30:00,93.68,93.81,93.36,93.74,23825.991
2025-05-20 23:00:00,93.73,94.68,93.54,94.37,60371.958
2025-05-20 23:30:00,94.38,94.45,93.98,94.41,41572.79
2025-05-21 00:00:00,94.4,94.5,93.94,94.29,47101.771
2025-05-21 00:30:00,94.29,94.72,94.19,94.42,29578.787
2025-05-21 01:00:00,94.41,94.75,94.17,94.53,48218.179
2025-05-21 01:30:00,94.52,94.74,94.24,94.29,33036.398
2025-05-21 02:00:00,94.29,94.59,93.35,94.2,97944.145
2025-05-21 02:30:00,94.2,94.86,94.17,94.57,54395.947
2025-05-21 03:00:00,94.57,94.86,93.9,94.56,131228.038
2025-05-21 03:30:00,94.56,95.15,94.36,94.69,61940.809
2025-05-21 04:00:00,94.69,95.11,94.45,94.66,33365.088
2025-05-21 04:30:00,94.65,95.38,94.44,94.95,63767.233
2025-05-21 05:00:00,94.95,95.65,94.87,95.46,80466.037
2025-05-21 05:30:00,95.45,95.84,95.28,95.71,67875.345
2025-05-21 06:00:00,95.7,95.91,95.16,95.8,48951.982
2025-05-21 06:30:00,95.79,96.13,95.71,95.86,57204.764
2025-05-21 07:00:00,95.86,96.06,94.57,94.97,81902.42
2025-05-21 07:30:00,94.97,95.06,94.31,94.7,68803.143
2025-05-21 08:00:00,94.7,95.09,94.37,94.59,48426.307
2025-05-21 08:30:00,94.59,94.87,94.39,94.66,36937.08
2025-05-21 09:00:00,94.65,95.23,94.41,94.99,42480.396
2025-05-21 09:30:00,94.98,95.2,94.73,95.18,36588.414
2025-05-21 10:00:00,95.17,95.41,94.88,95.08,40700.912
2025-05-21 10:30:00,95.08,95.21,94.93,95.19,25295.766
2025-05-21 11:00:00,95.2,95.68,95.1,95.54,55414.721
2025-05-21 11:30:00,95.54,95.62,95.31,95.43,28976.296
2025-05-21 12:00:00,95.44,95.67,95.16,95.54,35347.011
2025-05-21 12:30:00,95.53,95.53,94.89,95.04,34276.597
2025-05-21 13:00:00,95.04,95.11,94.53,94.82,53046.213
2025-05-21 13:30:00,94.83,95.85,94.83,95.54,62833.844
2025-05-21 14:00:00,95.54,95.81,95.23,95.41,69594.77
2025-05-21 14:30:00,95.4,96.15,94.86,96.15,94700.244
2025-05-21 15:00:00,96.15,96.62,95.51,96.37,133153.051
2025-05-21 15:30:00,96.37,96.74,95.76,96.6,82555.241
2025-05-21 16:00:00,96.61,97.28,96.31,97.14,75217.533
2025-05-21 16:30:00,97.14,98.31,97.13,97.44,145797.678
2025-05-21 17:00:00,97.44,97.78,94.42,94.57,278843.438
2025-05-21 17:30:00,94.58,95.69,94.11,95.35,250299.328
2025-05-21 18:00:00,95.35,95.67,94.82,94.95,67359.924
2025-05-21 18:30:00,94.94,95.85,94.78,94.98,81612.61
2025-05-21 19:00:00,94.99,95.46,94.74,95.11,39587.294
2025-05-21 19:30:00,95.11,96.37,95.1,96.27,66954.006
2025-05-21 20:00:00,96.26,96.43,95.77,96.29,40931.184
2025-05-21 20:30:00,96.29,96.43,95.65,96.13,41591.663
2025-05-21 21:00:00,96.13,96.64,95.9,96.15,30551.607
2025-05-21 21:30:00,96.14,96.68,96.1,96.35,11750.407
2025-05-21 22:00:00,96.34,96.81,96.16,96.81,20840.253
2025-05-21 22:30:00,96.81,97.1,96.55,96.96,35644.249
2025-05-21 23:00:00,96.96,97.74,96.6,97.18,81377.392
2025-05-21 23:30:00,97.18,97.67,97.0,97.05,68713.414
2025-05-22 00:00:00,97.05,97.93,96.92,97.67,57551.98
2025-05-22 00:30:00,97.67,97.93,97.06,97.82,49265.034
2025-05-22 01:00:00,97.83,98.09,97.47,97.82,53055.71
2025-05-22 01:30:00,97.82,98.28,97.38,97.48,87274.417
2025-05-22 02:00:00,97.47,97.98,97.33,97.85,42201.716
2025-05-22 02:30:00,97.84,98.29,97.76,98.08,46413.891
2025-05-22 03:00:00,98.07,98.74,97.91,98.74,63819.614
2025-05-22 03:30:00,98.74,100.21,98.6,99.54,106532.4
2025-05-22 04:00:00,99.55,99.58,98.82,99.24,82579.572
2025-05-22 04:30:00,99.23,99.71,99.08,99.27,40516.977
2025-05-22 05:00:00,99.26,99.33,98.73,99.01,57730.153
2025-05-22 05:30:00,99.01,99.15,98.24,98.4,79035.777
2025-05-22 06:00:00,98.4,98.7,98.25,98.4,46778.221
2025-05-22 06:30:00,98.39,98.47,97.69,98.04,87181.691
2025-05-22 07:00:00,98.04,98.66,97.8,98.3,44280.422
2025-05-22 07:30:00,98.29,99.09,98.26,99.04,53213.268
2025-05-22 08:00:00,99.05,99.88,98.9,99.31,107287.152
2025-05-22 08:30:00,99.31,99.35,98.6,98.83,83784.695
2025-05-22 09:00:00,98.83,99.4,98.46,99.37,132087.469
2025-05-22 09:30:00,99.38,99.42,98.76,98.97,49925.751
2025-05-22 10:00:00,98.96,99.04,98.46,98.71,68563.987
2025-05-22 10:30:00,98.7,98.79,98.39,98.45,31005.253
2025-05-22 11:00:00,98.45,98.63,97.7,97.79,69750.695
2025-05-22 11:30:00,97.8,98.77,97.77,98.45,37340.46
2025-05-22 12:00:00,98.45,98.7,98.12,98.45,45032.368
2025-05-22 12:30:00,98.46,99.07,98.29,98.9,48522.29
2025-05-22 13:00:00,98.92,98.93,98.24,98.61,53432.35
2025-05-22 13:30:00,98.6,98.86,97.92,98.1,59706.107
2025-05-22 14:00:00,98.1,98.7,98.09,98.67,43939.643
2025-05-22 14:30:00,98.67,98.93,98.34,98.71,66105.196
2025-05-22 15:00:00,98.72,99.02,98.44,98.93,44397.553
2025-05-22 15:30:00,98.93,99.39,98.9,99.17,68490.655
2025-05-22 16:00:00,99.17,99.68,98.79,98.88,82429.782
2025-05-22 16:30:00,98.87,99.27,98.64,98.88,48331.38
2025-05-22 17:00:00,98.88,99.35,98.71,99.16,42078.195
2025-05-22 17:30:00,99.17,99.39,98.87,99.03,29289.795
2025-05-22 18:00:00,99.03,99.37,98.85,99.32,30548.939
2025-05-22 18:30:00,99.32,100.73,99.19,100.39,183308.348
2025-05-22 19:00:00,100.4,100.49,99.87,100.25,67325.314
2025-05-22 19:30:00,100.25,100.25,99.53,99.65,57033.458
2025-05-22 20:00:00,99.66,100.26,99.25,99.38,46195.554
2025-05-22 20:30:00,99.38,99.6,99.02,99.55,67055.113
2025-05-22 21:00:00,99.55,99.74,99.02,99.17,54370.34
2025-05-22 21:30:00,99.17,99.65,99.13,99.46,15492.143
2025-05-22 22:00:00,99.46,100.06,99.31,99.97,46005.706
2025-05-22 22:30:00,99.97,101.0,99.94,100.45,91183.742
2025-05-22 23:00:00,100.46,100.63,99.94,100.18,42179.611
2025-05-22 23:30:00,100.18,100.52,100.13,100.22,29246.974
2025-05-23 00:00:00,100.22,100.41,99.65,99.89,73595.602
2025-05-23 00:30:00,99.89,100.69,99.84,100.68,41946.385
2025-05-23 01:00:00,100.68,100.97,100.3,100.94,41691.87
2025-05-23 01:30:00,100.95,101.19,100.65,100.79,47335.911
2025-05-23 02:00:00,100.79,101.81,100.74,101.8,82135.762
2025-05-23 02:30:00,101.8,102.42,101.65,102.04,94602.523
2025-05-23 03:00:00,102.04,102.93,101.99,102.1,83692.248
2025-05-23 03:30:00,102.11,102.23,101.72,102.1,51499.331
2025-05-23 04:00:00,102.1,102.44,101.08,101.4,93400.458
2025-05-23 04:30:00,101.4,101.51,100.67,101.34,80497.018
2025-05-23 05:00:00,101.34,101.44,100.75,100.91,41089.762
2025-05-23 05:30:00,100.92,101.41,100.42,101.32,44781.193
2025-05-23 06:00:00,101.31,101.37,99.82,100.23,85909.108
2025-05-23 06:30:00,100.23,100.42,99.58,99.91,77903.716
2025-05-23 07:00:00,99.91,100.81,99.91,100.78,43336.559
2025-05-23 07:30:00,100.78,100.8,99.91,100.01,42657.781
2025-05-23 08:00:00,100.01,100.67,99.88,100.58,41544.078
2025-05-23 08:30:00,100.58,100.95,100.45,100.83,43083.597
2025-05-23 09:00:00,100.84,101.54,100.76,101.3,36014.466
2025-05-23 09:30:00,101.3,102.01,101.28,101.93,50237.984
2025-05-23 10:00:00,101.93,101.98,101.01,101.59,58869.696
2025-05-23 10:30:00,101.59,101.85,101.32,101.63,29445.743
2025-05-23 11:00:00,101.62,101.63,100.5,100.92,54207.782
2025-05-23 11:30:00,100.91,100.94,96.85,97.38,506666.147
2025-05-23 12:00:00,97.39,97.48,95.0,97.0,464850.542
2025-05-23 12:30:00,97.0,97.64,96.58,97.4,136675.831
2025-05-23 13:00:00,97.4,98.44,97.11,98.24,128549.205
2025-05-23 13:30:00,98.24,99.6,98.15,99.48,144203.824
2025-05-23 14:00:00,99.48,99.76,98.92,99.01,104650.135
2025-05-23 14:30:00,99.02,99.94,98.96,99.41,64449.573
2025-05-23 15:00:00,99.4,99.71,98.61,99.03,97783.15
2025-05-23 15:30:00,99.03,99.33,98.24,98.31,54871.728
2025-05-23 16:00:00,98.31,98.91,97.64,98.78,119119.235
2025-05-23 16:30:00,98.79,98.94,98.17,98.52,45506.485
2025-05-23 17:00:00,98.52,99.36,98.47,99.27,46357.92
2025-05-23 17:30:00,99.27,99.28,98.8,99.05,31804.386
2025-05-23 18:00:00,99.05,99.32,98.47,98.82,33445.635
2025-05-23 18:30:00,98.82,98.87,97.89,98.25,62465.662
2025-05-23 19:00:00,98.24,98.96,98.04,98.92,32791.963
2025-05-23 19:30:00,98.91,99.11,98.51,98.62,26804.683
2025-05-23 20:00:00,98.62,98.62,97.94,98.17,43679.6
2025-05-23 20:30:00,98.17,98.18,96.94,97.0,78181.569
2025-05-23 21:00:00,97.01,97.59,96.68,97.4,60487.78
2025-05-23 21:30:00,97.39,97.47,96.56,96.94,31321.341
2025-05-23 22:00:00,96.94,97.68,96.78,97.2,30398.583
2025-05-23 22:30:00,97.2,97.32,96.31,96.31,50425.854
2025-05-23 23:00:00,96.31,96.57,95.41,95.46,92474.52
2025-05-23 23:30:00,95.47,95.8,94.5,95.18,104003.199
2025-05-24 00:00:00,95.17,96.22,94.71,95.54,75397.296
2025-05-24 00:30:00,95.54,96.28,95.43,95.46,35413.122
2025-05-24 01:00:00,95.45,96.37,95.43,96.03,39290.315
2025-05-24 01:30:00,96.04,96.45,95.74,95.83,34021.417
2025-05-24 02:00:00,95.82,96.58,95.58,96.25,31909.643
2025-05-24 02:30:00,96.25,96.65,96.22,96.57,21863.383
2025-05-24 03:00:00,96.56,97.09,96.48,97.08,32766.045
2025-05-24 03:30:00,97.08,97.13,96.45,96.66,29884.81
2025-05-24 04:00:00,96.66,97.09,96.59,96.92,23045.185
2025-05-24 04:30:00,96.92,97.12,96.84,96.97,14420.543
2025-05-24 05:00:00,96.97,97.04,96.27,96.58,19017.471
2025-05-24 05:30:00,96.57,96.74,96.29,96.49,16398.971
2025-05-24 06:00:00,96.48,96.68,96.22,96.52,15725.084
2025-05-24 06:30:00,96.52,96.55,95.98,96.54,25745.422
2025-05-24 07:00:00,96.55,96.91,96.55,96.84,23407.024
2025-05-24 07:30:00,96.84,96.84,96.31,96.56,26522.742
2025-05-24 08:00:00,96.56,96.92,96.48,96.56,23897.913
2025-05-24 08:30:00,96.55,97.42,96.54,97.4,32044.656
2025-05-24 09:00:00,97.4,97.74,97.23,97.56,62134.3
2025-05-24 09:30:00,97.56,97.59,97.05,97.09,26332.067
2025-05-24 10:00:00,97.1,97.24,96.96,97.21,23834.124
2025-05-24 10:30:00,97.2,97.75,97.19,97.54,45095.245
2025-05-24 11:00:00,97.55,97.71,97.11,97.25,30973.401
2025-05-24 11:30:00,97.26,97.5,97.04,97.15,24826.672
2025-05-24 12:00:00,97.16,97.36,96.75,97.0,38489.915
2025-05-24 12:30:00,96.99,97.22,96.9,96.96,33209.528
2025-05-24 13:00:00,96.96,97.04,96.55,96.97,21504.558
2025-05-24 13:30:00,96.97,97.01,96.33,96.42,31280.378
2025-05-24 14:00:00,96.42,96.8,96.33,96.34,21953.885
2025-05-24 14:30:00,96.35,96.91,96.33,96.79,26102.301
2025-05-24 15:00:00,96.79,96.99,96.64,96.76,17518.854
2025-05-24 15:30:00,96.76,96.99,96.63,96.91,15581.169
2025-05-24 16:00:00,96.9,96.92,96.12,96.29,39591.009
2025-05-24 16:30:00,96.28,96.42,95.81,96.21,42516.508
2025-05-24 17:00:00,96.2,96.58,95.88,96.27,35681.639
2025-05-24 17:30:00,96.26,96.47,96.18,96.22,16636.687
2025-05-24 18:00:00,96.21,96.62,96.2,96.38,12070.99
2025-05-24 18:30:00,96.38,96.83,96.21,96.45,34083.491
2025-05-24 19:00:00,96.44,96.71,96.31,96.65,20522.287
2025-05-24 19:30:00,96.65,96.84,96.61,96.8,11595.764
2025-05-24 20:00:00,96.8,96.81,96.42,96.66,18818.695
2025-05-24 20:30:00,96.65,96.76,96.31,96.34,18289.954
2025-05-24 21:00:00,96.33,96.5,95.72,96.09,30449.732
2025-05-24 21:30:00,96.1,96.4,95.83,96.3,14385.703
2025-05-24 22:00:00,96.31,96.32,95.83,96.12,30783.546
2025-05-24 22:30:00,96.12,96.12,95.32,95.55,55908.232
2025-05-24 23:00:00,95.55,95.9,95.26,95.68,32769.602
2025-05-24 23:30:00,95.67,95.78,95.28,95.56,36023.934
2025-05-25 00:00:00,95.56,95.98,95.5,95.94,28405.653
2025-05-25 00:30:00,95.95,96.0,94.49,94.82,82787.804
2025-05-25 01:00:00,94.83,95.06,94.19,94.98,58029.309
2025-05-25 01:30:00,94.98,95.17,94.83,94.91,19407.32
2025-05-25 02:00:00,94.91,95.16,94.58,95.09,25293.977
2025-05-25 02:30:00,95.1,95.54,95.08,95.37,23339.912
2025-05-25 03:00:00,95.36,95.58,95.29,95.42,17488.615
2025-05-25 03:30:00,95.42,95.88,95.42,95.72,16893.018
2025-05-25 04:00:00,95.73,95.73,95.32,95.46,19642.708
2025-05-25 04:30:00,95.46,95.81,95.39,95.75,15072.567
2025-05-25 05:00:00,95.76,95.86,95.59,95.63,12575.58
2025-05-25 05:30:00,95.63,95.86,95.54,95.79,11882.248
2025-05-25 06:00:00,95.79,95.91,95.51,95.65,10853.356
2025-05-25 06:30:00,95.65,95.89,95.6,95.81,14712.24
2025-05-25 07:00:00,95.82,95.83,95.1,95.17,31599.298
2025-05-25 07:30:00,95.16,95.38,95.04,95.23,26251.313
2025-05-25 08:00:00,95.23,95.23,94.39,94.51,45658.951
2025-05-25 08:30:00,94.51,94.67,93.72,94.15,60945.068
2025-05-25 09:00:00,94.15,94.41,93.84,94.32,52052.874
2025-05-25 09:30:00,94.33,94.52,93.9,94.48,28173.845
2025-05-25 10:00:00,94.49,94.69,94.26,94.29,22396.5
2025-05-25 10:30:00,94.3,94.53,93.91,94.02,21069.685
2025-05-25 11:00:00,94.02,94.35,93.77,94.29,30019.554
2025-05-25 11:30:00,94.3,94.46,94.19,94.44,26056.592
2025-05-25 12:00:00,94.43,94.87,94.23,94.84,30359.807
2025-05-25 12:30:00,94.85,95.07,94.77,95.0,22197.566
2025-05-25 13:00:00,95.0,95.09,94.58,94.9,24603.436
2025-05-25 13:30:00,94.89,95.13,94.65,94.72,26481.719
2025-05-25 14:00:00,94.72,95.11,94.62,95.09,17996.716
2025-05-25 14:30:00,95.09,95.2,94.33,94.46,32516.388
2025-05-25 15:00:00,94.47,94.6,93.04,93.36,95055.261
2025-05-25 15:30:00,93.36,94.31,93.26,94.29,48317.916
2025-05-25 16:00:00,94.29,94.3,93.32,93.42,29728.84
2025-05-25 16:30:00,93.42,94.2,93.38,94.15,25236.68
2025-05-25 17:00:00,94.15,94.54,94.15,94.46,28518.16
2025-05-25 17:30:00,94.46,94.6,94.05,94.51,25248.254
2025-05-25 18:00:00,94.52,94.6,94.24,94.49,19859.474
2025-05-25 18:30:00,94.5,94.5,94.11,94.24,13567.417
2025-05-25 19:00:00,94.24,94.44,94.19,94.43,7770.366
2025-05-25 19:30:00,94.44,94.88,94.43,94.61,28741.333
2025-05-25 20:00:00,94.62,94.66,94.04,94.34,19708.497
2025-05-25 20:30:00,94.34,94.45,94.12,94.27,18207.226
2025-05-25 21:00:00,94.27,94.55,94.0,94.13,18790.031
2025-05-25 21:30:00,94.13,94.2,93.7,93.87,17960.422
2025-05-25 22:00:00,93.88,95.08,93.75,95.0,59871.898
2025-05-25 22:30:00,95.0,95.73,94.94,95.62,49238.986
2025-05-25 23:00:00,95.62,95.75,95.15,95.28,36358.238
2025-05-25 23:30:00,95.27,95.8,95.23,95.55,22121.216
2025-05-26 00:00:00,95.55,95.76,95.12,95.4,24446.829
2025-05-26 00:30:00,95.4,96.27,95.3,96.24,38929.99
2025-05-26 01:00:00,96.24,96.46,96.01,96.04,26086.099
2025-05-26 01:30:00,96.04,96.46,95.98,96.23,33502.709
2025-05-26 02:00:00,96.23,96.24,95.91,96.02,19484.221
2025-05-26 02:30:00,96.01,96.02,95.66,95.9,20493.71
2025-05-26 03:00:00,95.91,96.04,95.68,95.93,19096.996
2025-05-26 03:30:00,95.93,96.3,95.83,96.13,18189.862
2025-05-26 04:00:00,96.13,96.28,95.95,96.18,15492.96
2025-05-26 04:30:00,96.19,96.36,96.15,96.29,21426.008
2025-05-26 05:00:00,96.29,96.51,96.15,96.46,16012.672
2025-05-26 05:30:00,96.46,96.59,96.34,96.57,14620.624
2025-05-26 06:00:00,96.56,96.72,96.42,96.72,19608.227
2025-05-26 06:30:00,96.72,96.88,96.43,96.8,22287.806
2025-05-26 07:00:00,96.8,97.17,96.76,96.76,40550.444
2025-05-26 07:30:00,96.77,97.0,96.65,96.95,21697.039
2025-05-26 08:00:00,96.96,97.3,96.85,97.02,44802.975
2025-05-26 08:30:00,97.02,97.03,96.58,96.71,29315.662
2025-05-26 09:00:00,96.7,96.99,96.53,96.89,17494.237
2025-05-26 09:30:00,96.89,96.96,96.38,96.62,30937.8
2025-05-26 10:00:00,96.62,96.89,96.4,96.78,20262.38
2025-05-26 10:30:00,96.77,96.84,96.51,96.7,15050.199
2025-05-26 11:00:00,96.7,96.9,96.5,96.84,14808.637
2025-05-26 11:30:00,96.85,96.99,96.57,96.86,16610.781
2025-05-26 12:00:00,96.85,96.97,96.66,96.97,25425.886
2025-05-26 12:30:00,96.96,97.55,96.94,97.43,42046.715
2025-05-26 13:00:00,97.44,97.51,96.92,97.34,45059.015
2025-05-26 13:30:00,97.34,97.53,96.5,96.75,37048.192
2025-05-26 14:00:00,96.75,97.17,96.57,97.0,45566.455
2025-05-26 14:30:00,96.99,97.03,96.47,96.76,34927.247
2025-05-26 15:00:00,96.76,96.99,96.36,96.97,28481.279
2025-05-26 15:30:00,96.97,97.41,96.88,97.14,44572.359
2025-05-26 16:00:00,97.15,97.39,96.07,96.45,66334.743
2025-05-26 16:30:00,96.46,96.57,95.8,95.84,63460.512
2025-05-26 17:00:00,95.84,95.94,95.16,95.21,81425.795
2025-05-26 17:30:00,95.22,95.24,94.39,94.6,71541.888
2025-05-26 18:00:00,94.6,95.03,94.25,94.99,58642.502
2025-05-26 18:30:00,94.99,95.03,94.68,94.77,17647.34
2025-05-26 19:00:00,94.76,94.99,94.5,94.83,20533.797
2025-05-26 19:30:00,94.84,94.95,94.56,94.7,17863.187
2025-05-26 20:00:00,94.69,95.01,94.34,94.84,32837.291
2025-05-26 20:30:00,94.83,95.18,94.75,95.16,28148.99
2025-05-26 21:00:00,95.15,95.22,94.81,95.15,16674.926
2025-05-26 21:30:00,95.14,95.36,94.94,95.28,16239.119
2025-05-26 22:00:00,95.27,95.62,94.98,95.01,27246.562
2025-05-26 22:30:00,95.02,95.14,94.51,94.51,20767.359
2025-05-26 23:00:00,94.52,94.75,94.33,94.67,28785.131
2025-05-26 23:30:00,94.68,94.99,94.56,94.96,26322.722
2025-05-27 00:00:00,94.96,95.24,94.58,94.6,27780.926
2025-05-27 00:30:00,94.6,94.61,94.1,94.32,31176.297
2025-05-27 01:00:00,94.32,94.32,92.93,93.71,108129.22
2025-05-27 01:30:00,93.71,94.0,93.43,93.73,41022.274
2025-05-27 02:00:00,93.73,93.94,93.55,93.92,24493.253
2025-05-27 02:30:00,93.92,94.16,93.71,93.93,20228.371
2025-05-27 03:00:00,93.94,94.8,93.88,94.56,41078.743
2025-05-27 03:30:00,94.56,94.79,94.34,94.43,22245.333
2025-05-27 04:00:00,94.42,94.72,94.33,94.65,13961.974
2025-05-27 04:30:00,94.66,94.84,94.17,94.21,27388.447
2025-05-27 05:00:00,94.21,94.22,93.66,93.82,29432.661
2025-05-27 05:30:00,93.81,94.49,93.78,94.41,18270.63
2025-05-27 06:00:00,94.41,95.28,94.41,95.09,58096.178
2025-05-27 06:30:00,95.07,95.35,94.33,94.41,58041.344
2025-05-27 07:00:00,94.42,95.08,94.42,95.05,20516.427
2025-05-27 07:30:00,95.06,95.65,95.06,95.53,50560.759
2025-05-27 08:00:00,95.53,95.93,95.53,95.86,62173.558
2025-05-27 08:30:00,95.86,96.11,95.78,96.1,46168.494
2025-05-27 09:00:00,96.1,96.23,95.76,95.8,42187.674
2025-05-27 09:30:00,95.8,96.0,95.64,95.68,33063.078
2025-05-27 10:00:00,95.68,95.76,95.3,95.5,70066.291
2025-05-27 10:30:00,95.5,95.52,95.19,95.33,25589.701
2025-05-27 11:00:00,95.33,95.38,94.96,95.27,34635.024
2025-05-27 11:30:00,95.27,95.52,95.26,95.48,20580.117
2025-05-27 12:00:00,95.48,95.65,95.27,95.63,37169.559
2025-05-27 12:30:00,95.62,95.78,95.46,95.71,30972.367
2025-05-27 13:00:00,95.71,96.77,95.66,96.52,105348.611
2025-05-27 13:30:00,96.53,96.74,95.87,96.0,69540.669
2025-05-27 14:00:00,95.99,96.37,95.74,95.79,48402.725
2025-05-27 14:30:00,95.79,95.96,94.88,95.56,95309.983
2025-05-27 15:00:00,95.55,96.04,95.23,95.95,39103.388
2025-05-27 15:30:00,95.96,96.53,95.91,96.31,33194.874
2025-05-27 16:00:00,96.32,96.56,95.96,96.35,49693.606
2025-05-27 16:30:00,96.34,96.97,96.34,96.49,57707.613
2025-05-27 17:00:00,96.48,96.76,96.27,96.41,34633.944
2025-05-27 17:30:00,96.4,96.77,96.06,96.58,58510.237
2025-05-27 18:00:00,96.58,96.91,96.52,96.66,37461.62
2025-05-27 18:30:00,96.65,96.79,96.34,96.46,29498.92
2025-05-27 19:00:00,96.46,96.5,96.21,96.39,31315.674
2025-05-27 19:30:00,96.38,96.74,96.27,96.69,19723.627
2025-05-27 20:00:00,96.7,96.95,96.66,96.8,25404.596
2025-05-27 20:30:00,96.79,96.99,96.67,96.87,24286.444
2025-05-27 21:00:00,96.86,96.94,96.12,96.15,46320.772
2025-05-27 21:30:00,96.15,96.46,95.87,95.98,26026.6
2025-05-27 22:00:00,95.98,96.07,95.28,95.65,37087.155
2025-05-27 22:30:00,95.64,95.97,95.55,95.82,16531.948
2025-05-27 23:00:00,95.82,95.95,95.48,95.5,23801.637
2025-05-27 23:30:00,95.5,95.96,95.49,95.86,13231.938
2025-05-28 00:00:00,95.86,95.91,95.21,95.74,34686.812
2025-05-28 00:30:00,95.74,96.14,95.55,96.11,24313.485
2025-05-28 01:00:00,96.12,96.21,95.64,95.75,25130.185
2025-05-28 01:30:00,95.75,96.26,95.67,95.77,24513.181
2025-05-28 02:00:00,95.77,96.03,95.04,95.15,48327.472
2025-05-28 02:30:00,95.15,95.61,95.09,95.32,19930.168
2025-05-28 03:00:00,95.32,95.49,95.15,95.33,19610.99
2025-05-28 03:30:00,95.34,95.74,95.23,95.7,19981.328
2025-05-28 04:00:00,95.7,95.83,95.2,95.25,18593.968
2025-05-28 04:30:00,95.25,95.89,95.22,95.81,18058.374
2025-05-28 05:00:00,95.82,95.84,95.5,95.61,14131.348
2025-05-28 05:30:00,95.61,95.91,95.52,95.81,16762.393
2025-05-28 06:00:00,95.82,95.82,95.13,95.33,31629.794
2025-05-28 06:30:00,95.32,95.35,94.89,95.12,32325.391
2025-05-28 07:00:00,95.12,95.5,94.95,95.28,18112.884
2025-05-28 07:30:00,95.28,95.75,95.26,95.47,15537.886
2025-05-28 08:00:00,95.48,95.72,95.23,95.59,15819.426
2025-05-28 08:30:00,95.59,96.07,95.29,96.07,24438.923
2025-05-28 09:00:00,96.07,96.31,95.63,95.67,44953.494
2025-05-28 09:30:00,95.66,95.82,95.3,95.68,32462.199
2025-05-28 10:00:00,95.68,95.85,95.26,95.75,43366.712
2025-05-28 10:30:00,95.75,96.3,95.69,96.23,39358.762
2025-05-28 11:00:00,96.22,96.78,96.22,96.41,48697.509
2025-05-28 11:30:00,96.42,97.24,96.38,97.2,73573.954
2025-05-28 12:00:00,97.2,97.32,96.8,97.05,46481.048
2025-05-28 12:30:00,97.05,97.45,96.77,96.81,131965.139
2025-05-28 13:00:00,96.82,96.99,96.47,96.71,38726.605
2025-05-28 13:30:00,96.71,97.01,95.81,95.89,70827.912
2025-05-28 14:00:00,95.88,95.99,95.05,95.59,80435.523
2025-05-28 14:30:00,95.59,95.59,94.86,94.9,46999.751
2025-05-28 15:00:00,94.89,95.19,93.89,94.55,103998.004
2025-05-28 15:30:00,94.54,94.87,94.32,94.42,42575.957
2025-05-28 16:00:00,94.41,95.1,94.25,95.08,34385.151
2025-05-28 16:30:00,95.07,95.21,94.93,95.2,40939.19
2025-05-28 17:00:00,95.2,95.73,95.18,95.38,42104.476
2025-05-28 17:30:00,95.37,95.4,94.93,95.28,27431.907
2025-05-28 18:00:00,95.27,95.52,95.0,95.01,23449.706
2025-05-28 18:30:00,95.0,95.15,94.36,94.48,44288.845
2025-05-28 19:00:00,94.47,94.99,94.42,94.53,18506.9
2025-05-28 19:30:00,94.52,94.55,93.41,93.51,84598.05
2025-05-28 20:00:00,93.51,94.18,93.46,94.12,37490.749
2025-05-28 20:30:00,94.11,94.49,93.88,94.37,25039.83
2025-05-28 21:00:00,94.37,94.9,94.25,94.72,25820.199
2025-05-28 21:30:00,94.72,95.21,94.65,95.09,21669.978
2025-05-28 22:00:00,95.08,95.12,94.63,94.65,22397.319
2025-05-28 22:30:00,94.65,94.67,94.16,94.38,47377.12
2025-05-28 23:00:00,94.37,95.48,94.37,95.38,47950.212
2025-05-28 23:30:00,95.38,95.58,95.13,95.34,27262.346
2025-05-29 00:00:00,95.33,95.77,94.9,95.76,43009.791
2025-05-29 00:30:00,95.75,96.7,95.58,96.57,59831.381
2025-05-29 01:00:00,96.56,96.59,96.0,96.15,46250.992
2025-05-29 01:30:00,96.14,96.4,95.84,96.33,32243.495
2025-05-29 02:00:00,96.33,96.58,96.06,96.56,28780.707
2025-05-29 02:30:00,96.56,98.91,96.56,98.31,255901.578
2025-05-29 03:00:00,98.31,99.06,97.68,98.01,155590.099
2025-05-29 03:30:00,98.01,98.12,96.94,97.25,113605.074
2025-05-29 04:00:00,97.25,98.12,96.9,97.42,92866.985
2025-05-29 04:30:00,97.42,97.48,95.99,96.87,91780.863
2025-05-29 05:00:00,96.88,97.0,96.63,96.78,29836.318
2025-05-29 05:30:00,96.78,96.97,96.5,96.65,21164.977
2025-05-29 06:00:00,96.64,96.95,96.38,96.94,25146.924
2025-05-29 06:30:00,96.94,97.19,96.86,97.04,24496.879
2025-05-29 07:00:00,97.05,97.27,96.68,97.26,23510.798
2025-05-29 07:30:00,97.26,97.29,96.77,96.96,18366.516
2025-05-29 08:00:00,96.97,97.56,96.51,97.26,39123.454
2025-05-29 08:30:00,97.25,97.62,97.19,97.46,29946.899
2025-05-29 09:00:00,97.47,97.53,97.23,97.44,25022.048
2025-05-29 09:30:00,97.43,97.65,97.36,97.53,19421.217
2025-05-29 10:00:00,97.53,97.62,97.18,97.19,18343.309
2025-05-29 10:30:00,97.19,97.61,97.1,97.54,16327.175
2025-05-29 11:00:00,97.54,97.55,97.24,97.34,18169.446
2025-05-29 11:30:00,97.34,97.47,96.87,97.07,29768.583
2025-05-29 12:00:00,97.07,97.08,96.47,96.64,40570.203
2025-05-29 12:30:00,96.64,96.92,96.22,96.52,79041.294
2025-05-29 13:00:00,96.52,97.15,96.51,96.64,31700.944
2025-05-29 13:30:00,96.65,96.71,95.63,95.95,89859.626
2025-05-29 14:00:00,95.94,96.29,94.68,95.01,116624.858
2025-05-29 14:30:00,95.01,96.39,94.81,96.25,89635.13
2025-05-29 15:00:00,96.26,96.59,96.15,96.34,56565.993
2025-05-29 15:30:00,96.35,96.37,95.52,95.71,50822.028
2025-05-29 16:00:00,95.71,96.08,95.38,95.43,40946.981
2025-05-29 16:30:00,95.43,95.56,94.58,94.82,62574.712
2025-05-29 17:00:00,94.82,95.26,94.78,94.82,33386.951
2025-05-29 17:30:00,94.82,95.48,94.6,95.35,76963.825
2025-05-29 18:00:00,95.36,95.66,94.8,94.82,50258.914
2025-05-29 18:30:00,94.83,95.12,94.29,94.32,52706.668
2025-05-29 19:00:00,94.33,94.55,93.59,93.73,80594.921
2025-05-29 19:30:00,93.74,94.0,93.56,93.76,50094.32
2025-05-29 20:00:00,93.76,94.28,93.75,94.01,55554.969
2025-05-29 20:30:00,94.02,94.11,93.5,93.7,35852.02
2025-05-29 21:00:00,93.7,94.38,93.68,94.21,35343.725
2025-05-29 21:30:00,94.21,94.68,94.16,94.62,19254.828
2025-05-29 22:00:00,94.63,94.63,94.29,94.32,28205.057
2025-05-29 22:30:00,94.32,94.36,93.73,93.75,29002.748
2025-05-29 23:00:00,93.76,94.06,93.34,93.56,53394.691
2025-05-29 23:30:00,93.55,93.62,92.76,93.14,78993.605
2025-05-30 00:00:00,93.14,93.84,93.09,93.58,47082.087
2025-05-30 00:30:00,93.58,93.62,89.18,90.26,381149.898
2025-05-30 01:00:00,90.27,91.64,90.04,91.57,139290.728
2025-05-30 01:30:00,91.58,91.74,91.07,91.28,48309.466
2025-05-30 02:00:00,91.28,91.92,91.13,91.8,55752.314
2025-05-30 02:30:00,91.79,92.0,91.51,91.58,41469.977
2025-05-30 03:00:00,91.58,92.07,91.44,91.96,35724.168
2025-05-30 03:30:00,91.95,92.08,91.67,91.72,22518.724
2025-05-30 04:00:00,91.71,91.84,91.49,91.64,30004.562
2025-05-30 04:30:00,91.63,91.79,91.38,91.56,44831.42
2025-05-30 05:00:00,91.57,91.89,91.42,91.61,34232.803
2025-05-30 05:30:00,91.61,91.98,91.46,91.8,34303.407
2025-05-30 06:00:00,91.8,91.83,90.79,90.85,64561.236
2025-05-30 06:30:00,90.85,90.96,89.89,90.4,100652.175
2025-05-30 07:00:00,90.39,91.06,90.27,90.81,51775.421
2025-05-30 07:30:00,90.83,90.97,90.38,90.5,42135.509
2025-05-30 08:00:00,90.51,90.6,89.92,90.36,61944.873
2025-05-30 08:30:00,90.37,90.62,89.81,90.02,79555.904
2025-05-30 09:00:00,90.03,90.33,89.69,89.96,64710.778
2025-05-30 09:30:00,89.96,90.31,89.08,90.2,93220.297
2025-05-30 10:00:00,90.2,90.37,89.72,90.19,60187.515
2025-05-30 10:30:00,90.18,90.25,89.87,90.1,55967.53
2025-05-30 11:00:00,90.11,90.66,90.04,90.27,48708.285
2025-05-30 11:30:00,90.27,90.7,90.21,90.5,24816.31
2025-05-30 12:00:00,90.51,90.67,89.19,89.79,88592.852
2025-05-30 12:30:00,89.78,90.68,89.7,90.15,55474.654
2025-05-30 13:00:00,90.16,90.5,89.61,89.82,62764.858
2025-05-30 13:30:00,89.83,90.13,89.01,89.15,63329.278
2025-05-30 14:00:00,89.15,89.67,88.88,89.33,106281.154
2025-05-30 14:30:00,89.33,90.02,89.25,89.76,44673.11
2025-05-30 15:00:00,89.75,90.3,89.66,90.17,68871.848
2025-05-30 15:30:00,90.17,90.29,89.51,89.56,50657.143
2025-05-30 16:00:00,89.57,89.86,88.62,88.71,79191.391
2025-05-30 16:30:00,88.72,88.72,86.32,87.17,417030.773
2025-05-30 17:00:00,87.17,87.84,86.9,87.27,109707.556
2025-05-30 17:30:00,87.25,87.62,87.12,87.59,42420.214
2025-05-30 18:00:00,87.59,88.57,87.49,88.55,69517.691
2025-05-30 18:30:00,88.55,88.75,88.32,88.64,42733.846
2025-05-30 19:00:00,88.63,88.82,88.37,88.8,29736.12
2025-05-30 19:30:00,88.8,89.03,88.41,88.47,38153.706
2025-05-30 20:00:00,88.47,88.52,87.95,88.16,42081.986
2025-05-30 20:30:00,88.16,88.55,88.02,88.05,22615.419
2025-05-30 21:00:00,88.05,88.37,87.99,88.14,23312.166
2025-05-30 21:30:00,88.14,88.32,87.29,87.59,44975.508
2025-05-30 22:00:00,87.6,87.75,86.97,87.02,40190.301
2025-05-30 22:30:00,87.02,87.09,85.68,85.74,124991.131
2025-05-30 23:00:00,85.74,86.2,84.71,85.47,173444.005
2025-05-30 23:30:00,85.48,85.92,85.33,85.55,49605.08
2025-05-31 00:00:00,85.56,85.8,83.5,84.37,178090.934
2025-05-31 00:30:00,84.38,85.48,84.23,84.38,53185.915
2025-05-31 01:00:00,84.37,85.11,83.74,84.09,77610.482
2025-05-31 01:30:00,84.09,84.43,83.2,83.99,138720.757
2025-05-31 02:00:00,83.99,84.8,83.63,84.24,50436.302
2025-05-31 02:30:00,84.23,84.28,83.5,83.71,38112.196
2025-05-31 03:00:00,83.7,83.94,83.06,83.91,64364.738
2025-05-31 03:30:00,83.9,84.34,83.56,84.26,46332.981
2025-05-31 04:00:00,84.26,84.37,83.42,84.27,54062.511
2025-05-31 04:30:00,84.27,84.82,84.26,84.71,42759.183
2025-05-31 05:00:00,84.71,84.92,84.28,84.52,39157.905
2025-05-31 05:30:00,84.52,84.92,84.43,84.55,28351.21
2025-05-31 06:00:00,84.56,85.2,84.45,85.01,43875.406
2025-05-31 06:30:00,85.02,85.24,84.81,85.0,31040.032
2025-05-31 07:00:00,85.01,85.08,84.71,85.01,21837.22
2025-05-31 07:30:00,85.01,85.19,84.9,84.93,24215.651
2025-05-31 08:00:00,84.94,85.24,84.72,84.97,39349.705
2025-05-31 08:30:00,84.97,85.13,84.62,84.97,25516.096
2025-05-31 09:00:00,84.97,85.21,84.58,84.7,34544.632
2025-05-31 09:30:00,84.7,85.04,84.68,84.99,24211.785
2025-05-31 10:00:00,85.0,85.66,84.91,85.19,57825.834
2025-05-31 10:30:00,85.2,85.3,84.77,85.18,45553.045
2025-05-31 11:00:00,85.18,85.32,84.88,84.99,27347.612
2025-05-31 11:30:00,84.99,85.04,84.69,84.94,31782.866
2025-05-31 12:00:00,84.95,85.75,84.88,85.6,45877.598
2025-05-31 12:30:00,85.61,86.43,85.54,86.41,56416.394
2025-05-31 13:00:00,86.4,87.06,86.32,86.71,81272.939
2025-05-31 13:30:00,86.71,86.97,86.29,86.49,30926.813
2025-05-31 14:00:00,86.49,87.07,86.41,86.86,31289.683
2025-05-31 14:30:00,86.86,87.14,86.8,87.04,28283.872
2025-05-31 15:00:00,87.04,87.43,86.9,87.42,38260.231
2025-05-31 15:30:00,87.43,87.66,86.86,86.98,53701.229
2025-05-31 16:00:00,86.98,87.73,86.75,87.66,44817.003
2025-05-31 16:30:00,87.65,87.83,87.33,87.69,32876.699
2025-05-31 17:00:00,87.69,87.89,87.5,87.56,32865.694
2025-05-31 17:30:00,87.56,87.72,87.08,87.16,31160.161
2025-05-31 18:00:00,87.15,87.47,87.07,87.2,19948.454
2025-05-31 18:30:00,87.2,87.3,86.97,87.27,24584.07
2025-05-31 19:00:00,87.28,87.74,87.28,87.58,20040.298
2025-05-31 19:30:00,87.57,87.71,87.43,87.51,13667.988
2025-05-31 20:00:00,87.51,87.62,87.29,87.56,17338.878
2025-05-31 20:30:00,87.56,87.65,87.44,87.57,10889.918
2025-05-31 21:00:00,87.58,87.87,87.45,87.6,25628.926
2025-05-31 21:30:00,87.6,87.83,87.58,87.75,11683.249
2025-05-31 22:00:00,87.76,87.84,87.45,87.57,15335.717
2025-05-31 22:30:00,87.58,87.61,87.21,87.25,14156.213
2025-05-31 23:00:00,87.25,87.67,87.05,87.27,44762.136
2025-05-31 23:30:00,87.28,87.31,86.93,86.99,16911.237
2025-06-01 00:00:00,87.0,87.03,86.61,86.66,31316.156
2025-06-01 00:30:00,86.67,87.05,86.62,87.02,28577.13
2025-06-01 01:00:00,87.02,87.34,86.84,87.12,22475.913
2025-06-01 01:30:00,87.13,87.2,86.24,86.56,37049.651
2025-06-01 02:00:00,86.57,86.65,86.12,86.58,37512.293
2025-06-01 02:30:00,86.59,87.16,86.59,86.97,25063.199
2025-06-01 03:00:00,86.97,87.07,86.4,86.69,20821.056
2025-06-01 03:30:00,86.68,87.16,86.68,87.0,20052.5
2025-06-01 04:00:00,87.0,87.25,86.89,87.15,17238.875
2025-06-01 04:30:00,87.15,87.54,87.14,87.36,21203.729
2025-06-01 05:00:00,87.36,87.45,87.15,87.17,19604.763
2025-06-01 05:30:00,87.18,87.36,86.92,87.05,16768.175
2025-06-01 06:00:00,87.05,87.07,86.52,86.74,25651.597
2025-06-01 06:30:00,86.74,86.95,86.51,86.58,24422.138
2025-06-01 07:00:00,86.58,86.71,86.38,86.6,20706.414
2025-06-01 07:30:00,86.6,86.64,86.27,86.56,12219.117
2025-06-01 08:00:00,86.57,86.73,86.31,86.41,33575.727
2025-06-01 08:30:00,86.41,86.66,86.32,86.59,65199.195
2025-06-01 09:00:00,86.59,86.86,86.29,86.37,56841.936
2025-06-01 09:30:00,86.38,86.41,85.68,86.24,77349.365
2025-06-01 10:00:00,86.24,86.61,86.16,86.46,27026.044
2025-06-01 10:30:00,86.46,86.52,86.04,86.47,19190.562
2025-06-01 11:00:00,86.48,86.79,86.27,86.77,21154.623
2025-06-01 11:30:00,86.78,86.97,86.68,86.71,26567.89
2025-06-01 12:00:00,86.71,86.92,86.55,86.7,16234.497
2025-06-01 12:30:00,86.7,86.77,86.15,86.52,30038.799
2025-06-01 13:00:00,86.52,87.19,86.49,86.98,30604.146
2025-06-01 13:30:00,86.99,87.86,86.98,87.41,81321.493
2025-06-01 14:00:00,87.42,87.85,87.41,87.74,35909.063
2025-06-01 14:30:00,87.74,87.81,87.35,87.45,24287.11
2025-06-01 15:00:00,87.45,87.58,87.22,87.51,28043.401
2025-06-01 15:30:00,87.52,87.7,87.43,87.68,16468.517
2025-06-01 16:00:00,87.68,88.2,87.46,88.01,71534.439
2025-06-01 16:30:00,88.0,88.4,87.84,88.09,41018.101
2025-06-01 17:00:00,88.09,88.17,87.75,88.02,22047.945
2025-06-01 17:30:00,88.03,88.17,87.91,88.01,30717.005
2025-06-01 18:00:00,88.02,88.02,87.27,87.33,31580.77
2025-06-01 18:30:00,87.33,87.45,86.74,87.4,45590.379
2025-06-01 19:00:00,87.41,87.64,87.36,87.63,20621.277
2025-06-01 19:30:00,87.62,88.01,87.62,88.0,13414.377
2025-06-01 20:00:00,87.99,88.03,87.64,87.98,22080.484
2025-06-01 20:30:00,87.98,88.19,87.77,87.81,22147.156
2025-06-01 21:00:00,87.81,88.15,87.75,88.03,15269.879
2025-06-01 21:30:00,88.02,88.29,88.01,88.26,11363.355
2025-06-01 22:00:00,88.26,88.52,88.14,88.22,27337.497
2025-06-01 22:30:00,88.23,88.32,88.16,88.24,12278.611
2025-06-01 23:00:00,88.24,88.67,88.24,88.46,14772.532
2025-06-01 23:30:00,88.46,88.57,88.24,88.36,11873.844
2025-06-02 00:00:00,88.35,88.48,88.06,88.16,26374.155
2025-06-02 00:30:00,88.17,88.37,88.03,88.23,18940.852
2025-06-02 01:00:00,88.23,88.57,88.14,88.15,20909.498
2025-06-02 01:30:00,88.15,88.17,87.86,87.87,24938.179
2025-06-02 02:00:00,87.88,87.92,87.55,87.83,26253.29
2025-06-02 02:30:00,87.83,87.9,87.38,87.44,25505.256
2025-06-02 03:00:00,87.45,87.48,86.92,87.32,44226.802
2025-06-02 03:30:00,87.32,87.54,87.27,87.34,14841.859
2025-06-02 04:00:00,87.33,87.57,87.2,87.48,11679.41
2025-06-02 04:30:00,87.48,87.73,87.27,87.36,15802.391
2025-06-02 05:00:00,87.36,87.78,87.2,87.65,14193.997
2025-06-02 05:30:00,87.64,87.68,87.19,87.57,19376.602
2025-06-02 06:00:00,87.58,87.88,87.36,87.87,21518.055
2025-06-02 06:30:00,87.87,88.34,87.79,88.07,37286.31
2025-06-02 07:00:00,88.07,89.88,88.06,88.9,259062.679
2025-06-02 07:30:00,88.91,89.28,88.88,89.0,40331.95
2025-06-02 08:00:00,89.0,89.61,88.96,89.44,48804.158
2025-06-02 08:30:00,89.43,89.56,88.46,88.7,61658.11
2025-06-02 09:00:00,88.7,88.93,88.25,88.83,58020.149
2025-06-02 09:30:00,88.82,89.02,88.11,88.2,38315.175
2025-06-02 10:00:00,88.19,88.48,87.88,87.96,67299.923
2025-06-02 10:30:00,87.95,88.4,87.75,88.35,33277.563
2025-06-02 11:00:00,88.34,88.43,87.95,87.97,33110.148
2025-06-02 11:30:00,87.96,88.04,87.62,87.82,29386.682
2025-06-02 12:00:00,87.82,88.22,87.62,88.18,32590.44
2025-06-02 12:30:00,88.19,88.58,88.14,88.54,38157.202
2025-06-02 13:00:00,88.55,88.67,87.96,88.06,30831.461
2025-06-02 13:30:00,88.06,88.49,87.6,87.67,50352.456
2025-06-02 14:00:00,87.67,88.6,87.33,88.35,54760.201
2025-06-02 14:30:00,88.35,88.47,87.8,88.15,29959.449
2025-06-02 15:00:00,88.14,88.66,87.8,88.47,39791.037
2025-06-02 15:30:00,88.47,88.57,88.31,88.39,18466.114
2025-06-02 16:00:00,88.4,88.41,88.0,88.14,24884.246
2025-06-02 16:30:00,88.13,88.16,87.68,87.94,30652.138
2025-06-02 17:00:00,87.94,88.34,87.69,88.13,41222.067
2025-06-02 17:30:00,88.14,88.5,87.87,88.39,15560.978
2025-06-02 18:00:00,88.38,89.03,88.34,88.92,39167.763
2025-06-02 18:30:00,88.91,89.08,88.51,88.61,36479.639
2025-06-02 19:00:00,88.61,88.97,88.22,88.45,24706.678
2025-06-02 19:30:00,88.45,88.66,87.98,88.58,40741.069
2025-06-02 20:00:00,88.59,89.17,88.57,88.94,30975.367
2025-06-02 20:30:00,88.95,89.01,88.7,88.82,14255.864
2025-06-02 21:00:00,88.83,89.06,88.72,88.85,20665.21
2025-06-02 21:30:00,88.86,89.14,88.67,89.13,11560.12
2025-06-02 22:00:00,89.14,89.79,89.13,89.58,45458.47
2025-06-02 22:30:00,89.59,89.62,89.3,89.46,26063.254
2025-06-02 23:00:00,89.47,89.94,89.44,89.87,34110.79
2025-06-02 23:30:00,89.88,89.88,89.41,89.49,30257.791
2025-06-03 00:00:00,89.49,90.25,89.3,89.94,61887.244
2025-06-03 00:30:00,89.94,90.21,89.87,90.05,30424.839
2025-06-03 01:00:00,90.06,90.36,89.94,90.26,32709.469
2025-06-03 01:30:00,90.27,90.54,90.15,90.46,41289.366
2025-06-03 02:00:00,90.46,90.55,89.95,89.98,35456.951
2025-06-03 02:30:00,89.98,90.17,89.64,89.71,46109.444
2025-06-03 03:00:00,89.71,89.81,89.34,89.52,39323.082
2025-06-03 03:30:00,89.52,89.59,89.32,89.46,17291.666
2025-06-03 04:00:00,89.45,89.48,89.14,89.16,25541.741
2025-06-03 04:30:00,89.17,89.22,88.99,89.11,17956.419
2025-06-03 05:00:00,89.11,89.5,89.11,89.5,16723.617
2025-06-03 05:30:00,89.5,89.74,89.42,89.68,21161.551
2025-06-03 06:00:00,89.68,89.71,89.43,89.45,22254.238
2025-06-03 06:30:00,89.45,89.83,89.37,89.81,19518.563
2025-06-03 07:00:00,89.81,89.93,89.38,89.43,35161.813
2025-06-03 07:30:00,89.43,89.54,89.35,89.41,12556.895
2025-06-03 08:00:00,89.41,89.5,88.93,89.24,32046.278
2025-06-03 08:30:00,89.24,89.53,89.02,89.4,33611.542
2025-06-03 09:00:00,89.4,89.52,89.31,89.35,22827.992
2025-06-03 09:30:00,89.36,89.72,89.29,89.63,23611.452
2025-06-03 10:00:00,89.63,89.63,89.22,89.31,29041.279
2025-06-03 10:30:00,89.32,89.35,89.01,89.17,38060.938
2025-06-03 11:00:00,89.18,89.29,88.96,89.09,20592.949
2025-06-03 11:30:00,89.09,89.09,88.7,88.9,29870.328
2025-06-03 12:00:00,88.91,89.13,88.66,88.95,27715.126
2025-06-03 12:30:00,88.95,89.06,88.76,88.99,17594.384
2025-06-03 13:00:00,88.99,89.49,88.93,89.33,43996.495
2025-06-03 13:30:00,89.33,89.59,88.89,89.31,55000.894
2025-06-03 14:00:00,89.32,89.5,88.82,89.47,44483.547
2025-06-03 14:30:00,89.47,90.13,89.39,90.06,55295.005
2025-06-03 15:00:00,90.06,90.2,89.69,89.99,50671.225
2025-06-03 15:30:00,89.99,90.11,89.7,89.84,33755.896
2025-06-03 16:00:00,89.83,90.02,89.58,89.65,42806.075
2025-06-03 16:30:00,89.65,89.99,89.52,89.54,30978.15
2025-06-03 17:00:00,89.54,90.09,89.46,90.04,36895.948
2025-06-03 17:30:00,90.04,90.05,89.82,89.97,17616.303
2025-06-03 18:00:00,89.97,89.99,89.6,89.81,17205.222
2025-06-03 18:30:00,89.81,90.12,89.68,90.09,21757.704
2025-06-03 19:00:00,90.09,90.5,90.0,90.46,33099.117
2025-06-03 19:30:00,90.45,90.52,90.17,90.29,25360.685
2025-06-03 20:00:00,90.29,90.31,89.59,89.6,31588.006
2025-06-03 20:30:00,89.61,90.02,89.36,89.81,28251.71
2025-06-03 21:00:00,89.82,89.89,89.28,89.65,30381.146
2025-06-03 21:30:00,89.65,89.71,88.61,88.96,39794.243
2025-06-03 22:00:00,88.96,89.55,88.87,89.5,27931.324
2025-06-03 22:30:00,89.5,89.84,89.47,89.69,17341.213
2025-06-03 23:00:00,89.69,89.86,89.47,89.59,17506.914
2025-06-03 23:30:00,89.58,89.72,89.36,89.45,16421.097
2025-06-04 00:00:00,89.45,89.93,89.41,89.77,24019.154
2025-06-04 00:30:00,89.76,90.35,89.57,90.35,35804.063
2025-06-04 01:00:00,90.35,90.68,90.12,90.26,53306.489
2025-06-04 01:30:00,90.27,90.5,90.02,90.31,44706.066
2025-06-04 02:00:00,90.31,90.69,90.13,90.19,25523.417
2025-06-04 02:30:00,90.19,90.2,89.9,90.0,14048.256
2025-06-04 03:00:00,89.99,90.56,89.93,90.45,41819.719
2025-06-04 03:30:00,90.45,90.58,90.36,90.37,18754.608
2025-06-04 04:00:00,90.37,90.69,90.33,90.64,17823.907
2025-06-04 04:30:00,90.64,90.88,90.44,90.74,21630.69
2025-06-04 05:00:00,90.74,90.78,90.26,90.28,23944.052
2025-06-04 05:30:00,90.28,90.43,90.17,90.2,21243.364
2025-06-04 06:00:00,90.19,90.27,89.93,90.15,28155.333
2025-06-04 06:30:00,90.14,90.21,89.85,90.12,23133.026
2025-06-04 07:00:00,90.12,90.35,90.03,90.16,21526.814
2025-06-04 07:30:00,90.16,90.35,90.0,90.27,17581.707
2025-06-04 08:00:00,90.26,90.62,90.26,90.48,23296.807
2025-06-04 08:30:00,90.47,90.59,90.27,90.34,12445.016
2025-06-04 09:00:00,90.33,90.48,90.05,90.25,30482.79
2025-06-04 09:30:00,90.25,90.79,90.18,90.79,28568.832
2025-06-04 10:00:00,90.78,90.92,90.68,90.85,37632.191
2025-06-04 10:30:00,90.85,90.85,90.57,90.6,24978.016
2025-06-04 11:00:00,90.59,90.73,90.36,90.45,21971.204
2025-06-04 11:30:00,90.44,90.48,90.07,90.1,32096.176
2025-06-04 12:00:00,90.11,90.27,89.68,89.78,50507.881
2025-06-04 12:30:00,89.78,89.93,89.56,89.85,28670.174
2025-06-04 13:00:00,89.85,90.16,89.73,89.95,52625.845
2025-06-04 13:30:00,89.95,90.52,89.84,89.85,46255.327
2025-06-04 14:00:00,89.85,89.85,89.24,89.63,67464.607
2025-06-04 14:30:00,89.62,90.12,89.52,90.1,29977.824
2025-06-04 15:00:00,90.1,90.3,89.93,90.01,29229.259
2025-06-04 15:30:00,90.02,90.25,89.88,90.01,29057.859
2025-06-04 16:00:00,90.02,90.03,89.7,89.71,25312.095
2025-06-04 16:30:00,89.71,89.97,89.62,89.78,28757.968
2025-06-04 17:00:00,89.78,89.8,89.05,89.06,41407.339
2025-06-04 17:30:00,89.07,89.07,88.76,88.99,38690.393
2025-06-04 18:00:00,89.0,89.34,88.94,89.27,26197.699
2025-06-04 18:30:00,89.26,89.35,89.1,89.13,16564.173
2025-06-04 19:00:00,89.13,89.28,88.98,89.15,23036.063
2025-06-04 19:30:00,89.14,89.34,88.86,88.86,26371.513
2025-06-04 20:00:00,88.85,88.86,87.81,88.31,88207.256
2025-06-04 20:30:00,88.31,88.33,87.92,87.95,34343.506
2025-06-04 21:00:00,87.95,87.99,87.28,87.95,86211.964
2025-06-04 21:30:00,87.94,88.57,87.93,88.34,21570.051
2025-06-04 22:00:00,88.34,88.41,87.88,87.95,22048.742
2025-06-04 22:30:00,87.94,88.14,87.64,87.68,14160.723
2025-06-04 23:00:00,87.68,88.06,87.6,87.83,21724.422
2025-06-04 23:30:00,87.83,88.14,87.72,87.91,18884.262
2025-06-05 00:00:00,87.92,88.33,87.83,88.26,25457.134
2025-06-05 00:30:00,88.27,88.51,88.05,88.38,25174.31
2025-06-05 01:00:00,88.38,88.67,88.26,88.42,17760.792
2025-06-05 01:30:00,88.41,88.6,88.28,88.43,14649.396
2025-06-05 02:00:00,88.43,88.88,88.4,88.59,17343.15
2025-06-05 02:30:00,88.58,89.0,88.58,88.62,27276.271
2025-06-05 03:00:00,88.61,88.64,88.28,88.28,16114.764
2025-06-05 03:30:00,88.29,88.46,88.21,88.31,13467.007
2025-06-05 04:00:00,88.31,88.45,88.12,88.27,18185.916
2025-06-05 04:30:00,88.26,88.53,88.23,88.43,11385.896
2025-06-05 05:00:00,88.42,88.45,87.83,87.85,19829.251
2025-06-05 05:30:00,87.85,87.87,87.56,87.76,20488.003
2025-06-05 06:00:00,87.76,87.97,87.6,87.94,21516.268
2025-06-05 06:30:00,87.94,87.94,87.25,87.36,33411.327
2025-06-05 07:00:00,87.35,87.86,87.19,87.86,41132.301
2025-06-05 07:30:00,87.85,87.87,87.22,87.45,28356.836
2025-06-05 08:00:00,87.46,87.85,87.46,87.67,21035.854
2025-06-05 08:30:00,87.66,87.92,87.62,87.67,14552.693
2025-06-05 09:00:00,87.68,88.05,87.68,87.88,24235.788
2025-06-05 09:30:00,87.88,88.0,87.76,87.87,11872.681
2025-06-05 10:00:00,87.87,87.96,87.27,87.3,17212.759
2025-06-05 10:30:00,87.29,87.48,87.03,87.31,37002.872
2025-06-05 11:00:00,87.32,87.43,87.06,87.35,20646.199
2025-06-05 11:30:00,87.36,87.84,87.36,87.78,28168.892
2025-06-05 12:00:00,87.78,88.43,87.69,88.39,46546.701
2025-06-05 12:30:00,88.39,89.05,88.27,88.76,73913.412
2025-06-05 13:00:00,88.77,89.08,88.6,88.75,45672.878
2025-06-05 13:30:00,88.75,88.77,87.46,87.58,85102.675
2025-06-05 14:00:00,87.57,87.71,86.76,87.37,82636.732
2025-06-05 14:30:00,87.36,88.29,87.09,87.85,61889.171
2025-06-05 15:00:00,87.85,88.16,87.57,88.15,29348.317
2025-06-05 15:30:00,88.15,88.2,87.49,87.49,21301.088
2025-06-05 16:00:00,87.5,87.56,86.51,86.62,73117.458
2025-06-05 16:30:00,86.61,86.78,86.13,86.37,55066.039
2025-06-05 17:00:00,86.37,86.79,86.3,86.75,35068.89
2025-06-05 17:30:00,86.75,86.93,86.16,86.83,42996.826
2025-06-05 18:00:00,86.83,87.02,86.03,86.85,52327.239
2025-06-05 18:30:00,86.85,86.97,86.63,86.74,19994.156
2025-06-05 19:00:00,86.73,86.83,84.74,85.75,164403.73
2025-06-05 19:30:00,85.75,86.16,85.55,85.72,54201.383
2025-06-05 20:00:00,85.72,86.05,83.45,84.28,171166.449
2025-06-05 20:30:00,84.28,84.29,82.06,82.17,218979.865
2025-06-05 21:00:00,82.16,83.04,81.91,82.44,138504.069
2025-06-05 21:30:00,82.44,83.59,82.25,83.51,77937.38
2025-06-05 22:00:00,83.51,83.51,82.48,82.76,68151.932
2025-06-05 22:30:00,82.76,83.45,82.75,83.17,41460.246
2025-06-05 23:00:00,83.18,83.78,83.15,83.71,45406.96
2025-06-05 23:30:00,83.71,83.77,83.4,83.53,23522.335
2025-06-06 00:00:00,83.53,83.89,83.11,83.8,53485.429
2025-06-06 00:30:00,83.81,84.34,83.78,84.21,38259.848
2025-06-06 01:00:00,84.21,84.31,83.81,83.98,44316.432
2025-06-06 01:30:00,83.98,84.15,83.87,84.0,13808.1
2025-06-06 02:00:00,83.99,84.16,83.55,83.58,32432.678
2025-06-06 02:30:00,83.59,84.35,83.49,84.34,31325.108
2025-06-06 03:00:00,84.33,84.36,83.8,84.09,49312.841
2025-06-06 03:30:00,84.1,84.4,84.06,84.35,36944.638
2025-06-06 04:00:00,84.34,84.39,83.92,84.09,26188.624
2025-06-06 04:30:00,84.08,84.54,84.01,84.35,24171.38
2025-06-06 05:00:00,84.35,84.37,83.93,84.05,37006.698
2025-06-06 05:30:00,84.05,84.26,83.6,83.89,46794.623
2025-06-06 06:00:00,83.89,84.4,83.73,84.03,32363.333
2025-06-06 06:30:00,84.03,84.34,83.84,84.04,24450.953
2025-06-06 07:00:00,84.03,84.24,83.86,83.88,24547.137
2025-06-06 07:30:00,83.88,83.9,83.6,83.83,32575.73
2025-06-06 08:00:00,83.84,84.18,83.79,84.06,16874.87
2025-06-06 08:30:00,84.07,84.2,83.95,83.99,18773.692
2025-06-06 09:00:00,84.0,84.36,83.9,84.13,21623.748
2025-06-06 09:30:00,84.14,84.23,83.88,83.9,22346.974
2025-06-06 10:00:00,83.91,84.51,83.88,84.28,38661.932
2025-06-06 10:30:00,84.29,84.31,84.08,84.26,21508.807
2025-06-06 11:00:00,84.27,84.66,84.22,84.48,29414.633
2025-06-06 11:30:00,84.48,84.66,84.27,84.54,19043.181
2025-06-06 12:00:00,84.55,85.02,84.49,84.95,31642.432
2025-06-06 12:30:00,84.96,85.81,84.73,85.04,75910.861
2025-06-06 13:00:00,85.04,85.68,85.04,85.63,29152.821
2025-06-06 13:30:00,85.64,86.24,85.47,85.89,62560.883
2025-06-06 14:00:00,85.89,86.24,85.74,86.15,56682.572
2025-06-06 14:30:00,86.16,86.63,85.86,86.61,48434.332
2025-06-06 15:00:00,86.6,86.89,86.45,86.54,48668.718
2025-06-06 15:30:00,86.55,86.69,86.05,86.53,35892.09
2025-06-06 16:00:00,86.53,86.94,86.49,86.78,30546.351
2025-06-06 16:30:00,86.77,86.98,86.47,86.6,31700.421
2025-06-06 17:00:00,86.6,86.69,86.26,86.3,33304.231
2025-06-06 17:30:00,86.31,86.86,86.15,86.81,31727.478
2025-06-06 18:00:00,86.81,86.86,86.32,86.38,27397.516
2025-06-06 18:30:00,86.37,86.49,86.18,86.39,31111.48
2025-06-06 19:00:00,86.38,86.9,86.36,86.57,29164.526
2025-06-06 19:30:00,86.56,86.85,86.5,86.74,23102.293
2025-06-06 20:00:00,86.73,87.35,86.66,87.35,36483.45
2025-06-06 20:30:00,87.35,87.63,87.21,87.57,37676.921
2025-06-06 21:00:00,87.57,87.62,87.16,87.32,21272.227
2025-06-06 21:30:00,87.33,87.55,87.16,87.23,12750.359
2025-06-06 22:00:00,87.24,87.31,86.86,87.11,22708.216
2025-06-06 22:30:00,87.1,87.29,86.98,87.18,14730.663
2025-06-06 23:00:00,87.18,87.2,86.91,87.12,15825.574
2025-06-06 23:30:00,87.12,87.22,87.03,87.22,13129.668
2025-06-07 00:00:00,87.21,87.45,87.04,87.34,43453.175
2025-06-07 00:30:00,87.34,87.44,87.16,87.44,16907.458
2025-06-07 01:00:00,87.44,87.47,86.74,86.78,24584.404
2025-06-07 01:30:00,86.77,86.83,86.64,86.75,20371.133
2025-06-07 02:00:00,86.74,86.99,86.59,86.96,23038.918
2025-06-07 02:30:00,86.96,87.38,86.91,87.36,21622.304
2025-06-07 03:00:00,87.35,88.01,87.3,87.73,42223.838
2025-06-07 03:30:00,87.74,87.8,87.5,87.6,14591.617
2025-06-07 04:00:00,87.6,87.75,87.49,87.52,15506.902
2025-06-07 04:30:00,87.52,87.59,87.43,87.55,11927.6
2025-06-07 05:00:00,87.55,87.59,87.37,87.49,10925.064
2025-06-07 05:30:00,87.5,87.95,87.44,87.94,13336.092
2025-06-07 06:00:00,87.94,87.98,87.69,87.72,19737.551
2025-06-07 06:30:00,87.73,88.11,87.69,88.09,20176.617
2025-06-07 07:00:00,88.1,88.19,87.84,88.04,21599.832
2025-06-07 07:30:00,88.04,88.29,88.0,88.29,20227.422
2025-06-07 08:00:00,88.29,88.43,88.0,88.05,27065.334
2025-06-07 08:30:00,88.05,88.07,87.85,87.97,19623.604
2025-06-07 09:00:00,87.96,88.06,87.82,88.04,12257.077
2025-06-07 09:30:00,88.04,88.13,87.72,87.89,13270.667
2025-06-07 10:00:00,87.89,88.24,87.85,88.23,16742.233
2025-06-07 10:30:00,88.24,88.45,88.08,88.4,15213.085
2025-06-07 11:00:00,88.39,88.56,88.29,88.54,21253.442
2025-06-07 11:30:00,88.54,88.63,88.4,88.45,17659.296
2025-06-07 12:00:00,88.45,88.53,88.34,88.44,13968.478
2025-06-07 12:30:00,88.43,88.54,88.21,88.29,17541.447
2025-06-07 13:00:00,88.29,88.53,88.21,88.49,20363.389
2025-06-07 13:30:00,88.49,88.74,88.48,88.6,18195.518
2025-06-07 14:00:00,88.59,88.63,88.44,88.59,19646.331
2025-06-07 14:30:00,88.58,88.8,88.58,88.77,24397.751
2025-06-07 15:00:00,88.76,88.83,88.58,88.72,39686.803
2025-06-07 15:30:00,88.72,88.96,88.58,88.94,19772.909
2025-06-07 16:00:00,88.94,89.27,88.94,89.24,44371.088
2025-06-07 16:30:00,89.25,89.25,88.7,88.71,32767.282
2025-06-07 17:00:00,88.71,88.87,88.63,88.68,21842.534
2025-06-07 17:30:00,88.69,88.75,88.28,88.31,28055.718
2025-06-07 18:00:00,88.31,88.56,88.21,88.43,31120.986
2025-06-07 18:30:00,88.43,88.52,87.92,88.03,22038.09
2025-06-07 19:00:00,88.03,88.3,88.02,88.23,15327.923
2025-06-07 19:30:00,88.24,88.29,88.05,88.08,12327.194
2025-06-07 20:00:00,88.09,88.45,88.09,88.45,15754.569
2025-06-07 20:30:00,88.45,88.46,88.23,88.26,9779.944
2025-06-07 21:00:00,88.25,88.4,88.14,88.39,12690.775
2025-06-07 21:30:00,88.4,88.54,88.37,88.5,8425.453
2025-06-07 22:00:00,88.5,88.67,88.41,88.61,15932.107
2025-06-07 22:30:00,88.61,88.89,88.45,88.53,21363.228
2025-06-07 23:00:00,88.52,88.53,88.3,88.39,13446.402
2025-06-07 23:30:00,88.4,88.44,88.22,88.28,11513.059
2025-06-08 00:00:00,88.28,88.3,88.02,88.16,19649.178
2025-06-08 00:30:00,88.16,88.29,88.06,88.25,9849.14
2025-06-08 01:00:00,88.24,88.44,88.19,88.31,14107.069
2025-06-08 01:30:00,88.31,88.6,88.28,88.52,19301.693
2025-06-08 02:00:00,88.52,88.53,88.24,88.28,16322.163
2025-06-08 02:30:00,88.29,88.41,88.15,88.19,14884.022
2025-06-08 03:00:00,88.2,88.29,88.08,88.18,9771.04
2025-06-08 03:30:00,88.19,88.5,88.08,88.36,27666.428
2025-06-08 04:00:00,88.37,88.37,88.11,88.14,10628.174
2025-06-08 04:30:00,88.15,88.38,88.15,88.26,7816.229
2025-06-08 05:00:00,88.26,88.26,88.1,88.16,12816.78
2025-06-08 05:30:00,88.17,88.17,87.88,88.02,16064.541
2025-06-08 06:00:00,88.03,88.46,87.96,88.39,22850.872
2025-06-08 06:30:00,88.39,88.5,87.7,87.77,73821.107
2025-06-08 07:00:00,87.78,87.96,87.57,87.59,22947.822
2025-06-08 07:30:00,87.6,87.62,86.92,87.16,66437.362
2025-06-08 08:00:00,87.17,87.37,87.11,87.24,28478.636
2025-06-08 08:30:00,87.25,87.33,87.15,87.19,12723.887
2025-06-08 09:00:00,87.19,87.28,86.5,86.77,53191.867
2025-06-08 09:30:00,86.77,87.04,86.73,86.82,28178.337
2025-06-08 10:00:00,86.83,86.88,86.62,86.68,37853.254
2025-06-08 10:30:00,86.67,86.95,86.66,86.89,27328.277
2025-06-08 11:00:00,86.89,87.18,86.84,87.1,41738.759
2025-06-08 11:30:00,87.1,87.22,86.97,87.13,23148.461
2025-06-08 12:00:00,87.14,87.32,87.0,87.15,28254.921
2025-06-08 12:30:00,87.14,87.32,87.02,87.31,14873.432
2025-06-08 13:00:00,87.32,87.36,87.0,87.35,19485.101
2025-06-08 13:30:00,87.36,88.11,87.33,87.43,61345.667
2025-06-08 14:00:00,87.43,87.79,87.3,87.55,26797.948
2025-06-08 14:30:00,87.55,87.93,87.45,87.9,17861.945
2025-06-08 15:00:00,87.9,88.15,87.85,88.0,28410.14
2025-06-08 15:30:00,88.0,88.05,87.83,88.0,16042.132
2025-06-08 16:00:00,88.01,88.3,87.98,88.19,28963.714
2025-06-08 16:30:00,88.2,88.34,88.09,88.31,18936.019
2025-06-08 17:00:00,88.31,88.41,88.16,88.22,21501.458
2025-06-08 17:30:00,88.22,88.33,87.97,87.99,18694.33
2025-06-08 18:00:00,88.0,88.1,87.82,88.07,23784.103
2025-06-08 18:30:00,88.07,88.15,87.85,87.95,14022.807
2025-06-08 19:00:00,87.95,88.16,87.89,88.06,11476.1
2025-06-08 19:30:00,88.06,88.07,87.79,87.95,11100.738
2025-06-08 20:00:00,87.95,88.0,87.82,87.9,12715.335
2025-06-08 20:30:00,87.9,87.95,87.68,87.78,11776.266
2025-06-08 21:00:00,87.79,87.96,87.78,87.9,10723.029
2025-06-08 21:30:00,87.9,88.17,87.81,88.07,10693.233
2025-06-08 22:00:00,88.08,88.09,87.53,87.56,24888.614
2025-06-08 22:30:00,87.56,87.59,87.12,87.22,38378.692
2025-06-08 23:00:00,87.22,87.33,87.01,87.2,32174.316
2025-06-08 23:30:00,87.21,87.28,87.1,87.15,9992.333
2025-06-09 00:00:00,87.14,87.35,87.03,87.26,23935.319
2025-06-09 00:30:00,87.26,87.51,87.07,87.25,17484.656
2025-06-09 01:00:00,87.24,87.45,86.84,87.41,45348.622
2025-06-09 01:30:00,87.41,87.44,87.06,87.12,13410.366
2025-06-09 02:00:00,87.11,87.45,86.93,87.38,17375.633
2025-06-09 02:30:00,87.38,87.73,87.32,87.57,19795.982
2025-06-09 03:00:00,87.57,87.64,87.32,87.47,21133.845
2025-06-09 03:30:00,87.47,87.85,87.45,87.82,12471.388
2025-06-09 04:00:00,87.81,88.06,87.65,87.69,28044.671
2025-06-09 04:30:00,87.68,87.75,87.17,87.3,26977.862
2025-06-09 05:00:00,87.3,87.52,87.09,87.42,18869.737
2025-06-09 05:30:00,87.42,87.42,87.08,87.12,20828.56
2025-06-09 06:00:00,87.12,87.22,86.83,87.16,21904.713
2025-06-09 06:30:00,87.16,87.45,87.06,87.4,14210.872
2025-06-09 07:00:00,87.4,87.41,86.67,86.75,28680.25
2025-06-09 07:30:00,86.76,86.96,86.72,86.95,19426.512
2025-06-09 08:00:00,86.96,87.09,86.83,86.88,21022.652
2025-06-09 08:30:00,86.87,87.57,86.78,87.57,32453.028
2025-06-09 09:00:00,87.56,87.79,87.34,87.78,22802.278
2025-06-09 09:30:00,87.78,88.26,87.75,87.97,48813.422
2025-06-09 10:00:00,87.97,88.74,87.94,88.6,64281.585
2025-06-09 10:30:00,88.6,88.79,88.39,88.42,46494.104
2025-06-09 11:00:00,88.43,88.82,88.24,88.79,39522.856
2025-06-09 11:30:00,88.8,89.23,88.73,89.19,62050.286
2025-06-09 12:00:00,89.18,89.27,88.78,88.82,33410.542
2025-06-09 12:30:00,88.82,89.42,88.81,89.29,35473.389
2025-06-09 13:00:00,89.29,89.49,88.97,88.99,35557.641
2025-06-09 13:30:00,88.99,89.19,88.3,88.41,76826.585
2025-06-09 14:00:00,88.41,88.76,88.07,88.16,78916.576
2025-06-09 14:30:00,88.16,88.36,87.62,87.77,95838.953
2025-06-09 15:00:00,87.78,88.3,87.63,88.26,59937.208
2025-06-09 15:30:00,88.25,88.29,87.87,88.07,26437.863
2025-06-09 16:00:00,88.07,88.71,88.07,88.69,54172.362
2025-06-09 16:30:00,88.7,88.91,88.43,88.61,67254.031
2025-06-09 17:00:00,88.61,89.3,88.54,89.01,41979.245
2025-06-09 17:30:00,89.0,89.13,88.8,88.89,21744.255
2025-06-09 18:00:00,88.88,89.04,88.66,88.91,29484.167
2025-06-09 18:30:00,88.9,88.91,88.42,88.57,37278.483
2025-06-09 19:00:00,88.57,88.76,88.44,88.64,18932.541
2025-06-09 19:30:00,88.64,88.65,88.24,88.43,15852.809
2025-06-09 20:00:00,88.42,88.68,88.42,88.68,21164.048
2025-06-09 20:30:00,88.68,88.73,88.51,88.65,13712.549
2025-06-09 21:00:00,88.65,89.9,88.65,89.88,72430.765
2025-06-09 21:30:00,89.88,89.96,89.53,89.85,45452.227
2025-06-09 22:00:00,89.86,90.28,89.79,90.22,48046.729
2025-06-09 22:30:00,90.23,90.6,90.18,90.56,55059.438
2025-06-09 23:00:00,90.57,90.58,90.01,90.23,49398.452
2025-06-09 23:30:00,90.24,90.8,90.16,90.68,36905.047
2025-06-10 00:00:00,90.69,91.15,90.63,91.15,61055.337
2025-06-10 00:30:00,91.16,91.21,90.7,90.86,39874.499
2025-06-10 01:00:00,90.85,91.09,90.73,91.04,29380.532
2025-06-10 01:30:00,91.04,91.42,90.99,91.4,30885.664
2025-06-10 02:00:00,91.4,91.41,90.78,91.21,46244.242
2025-06-10 02:30:00,91.21,91.45,91.03,91.15,31579.347
2025-06-10 03:00:00,91.16,91.2,90.62,90.82,34270.558
2025-06-10 03:30:00,90.82,90.91,90.51,90.51,24863.714
2025-06-10 04:00:00,90.51,90.7,90.15,90.18,35786.822
2025-06-10 04:30:00,90.17,90.45,90.08,90.27,42908.032
2025-06-10 05:00:00,90.26,90.56,89.9,90.0,44961.156
2025-06-10 05:30:00,90.0,90.16,89.69,89.87,56348.204
2025-06-10 06:00:00,89.87,90.25,89.6,90.22,45446.372
2025-06-10 06:30:00,90.21,90.49,90.13,90.25,37069.341
2025-06-10 07:00:00,90.25,90.58,90.08,90.58,22814.064
2025-06-10 07:30:00,90.57,90.67,90.0,90.12,34459.364
2025-06-10 08:00:00,90.13,90.45,89.89,89.97,30692.663
2025-06-10 08:30:00,89.97,90.17,89.77,89.8,21777.238
2025-06-10 09:00:00,89.8,90.14,89.72,90.06,27649.175
2025-06-10 09:30:00,90.05,90.25,89.84,89.97,27441.419
2025-06-10 10:00:00,89.97,90.08,89.65,89.79,30851.782
2025-06-10 10:30:00,89.79,89.87,89.46,89.87,33709.22
2025-06-10 11:00:00,89.87,90.77,89.49,90.68,92830.719
2025-06-10 11:30:00,90.68,91.59,90.62,91.57,137754.808
2025-06-10 12:00:00,91.56,92.08,91.25,91.94,83613.198
2025-06-10 12:30:00,91.93,93.1,91.87,92.39,247866.97
2025-06-10 13:00:00,92.39,92.54,91.76,91.76,72352.549
2025-06-10 13:30:00,91.77,91.83,90.73,91.47,114093.872
2025-06-10 14:00:00,91.47,91.53,90.87,91.04,41945.778
2025-06-10 14:30:00,91.03,91.09,90.6,90.69,55341.897
2025-06-10 15:00:00,90.68,91.32,90.54,91.06,33987.002
2025-06-10 15:30:00,91.06,91.06,90.09,90.92,61816.141
2025-06-10 16:00:00,90.92,91.16,90.59,90.97,37942.731
2025-06-10 16:30:00,90.98,91.02,90.58,90.6,16588.91
2025-06-10 17:00:00,90.6,91.29,90.58,90.92,20752.287
2025-06-10 17:30:00,90.92,91.08,90.64,90.78,33441.098
2025-06-10 18:00:00,90.79,91.08,90.61,90.97,16772.299
2025-06-10 18:30:00,90.97,91.66,90.81,91.56,48115.777
2025-06-10 19:00:00,91.56,92.25,91.38,92.06,114907.955
2025-06-10 19:30:00,92.07,92.4,91.41,91.85,76813.729
2025-06-10 20:00:00,91.86,91.87,91.22,91.67,62477.725
2025-06-10 20:30:00,91.67,92.34,91.54,92.32,23751.068
2025-06-10 21:00:00,92.32,92.57,91.57,92.45,43598.802
2025-06-10 21:30:00,92.45,92.61,92.2,92.31,22384.455
2025-06-10 22:00:00,92.32,93.24,92.31,93.21,46935.252
2025-06-10 22:30:00,93.21,93.36,92.56,92.89,56257.081
2025-06-10 23:00:00,92.9,93.45,92.9,93.3,72555.751
2025-06-10 23:30:00,93.31,93.41,93.05,93.27,24415.492
2025-06-11 00:00:00,93.27,93.61,92.81,92.96,48938.925
2025-06-11 00:30:00,92.96,93.11,91.95,92.02,81028.203
2025-06-11 01:00:00,92.02,92.21,91.8,92.15,56762.374
2025-06-11 01:30:00,92.14,92.14,91.64,91.74,20181.969
2025-06-11 02:00:00,91.75,92.17,91.58,91.71,31499.322
2025-06-11 02:30:00,91.71,91.72,91.42,91.58,19763.644
2025-06-11 03:00:00,91.59,91.99,91.46,91.85,35752.888
2025-06-11 03:30:00,91.86,92.16,91.82,91.82,23885.248
2025-06-11 04:00:00,91.83,91.89,91.58,91.69,24567.083
2025-06-11 04:30:00,91.69,92.04,91.48,91.97,61942.332
2025-06-11 05:00:00,91.98,92.15,91.64,92.07,37761.298
2025-06-11 05:30:00,92.06,92.06,91.78,91.8,15249.81
2025-06-11 06:00:00,91.8,92.03,91.67,91.74,22673.687
2025-06-11 06:30:00,91.74,91.89,91.58,91.86,37445.259
2025-06-11 07:00:00,91.86,92.05,91.51,91.83,35944.132
2025-06-11 07:30:00,91.83,91.88,91.6,91.65,26449.374
2025-06-11 08:00:00,91.66,92.22,91.65,92.08,43910.037
2025-06-11 08:30:00,92.07,92.42,91.8,91.87,51123.165
2025-06-11 09:00:00,91.87,91.98,91.54,91.8,29618.918
2025-06-11 09:30:00,91.8,91.86,91.02,91.15,57229.493
2025-06-11 10:00:00,91.15,91.46,90.92,91.07,46449.213
2025-06-11 10:30:00,91.08,91.53,91.05,91.43,24672.344
2025-06-11 11:00:00,91.42,91.46,91.04,91.26,21911.806
2025-06-11 11:30:00,91.27,91.42,90.86,91.09,24480.974
2025-06-11 12:00:00,91.09,91.48,90.8,90.94,48096.219
2025-06-11 12:30:00,90.94,92.32,90.94,91.9,132128.729
2025-06-11 13:00:00,91.9,92.34,91.63,92.27,37057.251
2025-06-11 13:30:00,92.27,92.27,91.64,91.8,52617.801
2025-06-11 14:00:00,91.81,92.75,91.66,92.75,80842.635
2025-06-11 14:30:00,92.74,93.11,92.43,92.67,75098.504
2025-06-11 15:00:00,92.67,92.91,92.37,92.79,43602.748
2025-06-11 15:30:00,92.8,93.4,92.72,93.33,90903.873
2025-06-11 16:00:00,93.33,93.6,92.89,93.5,73092.891
2025-06-11 16:30:00,93.51,93.9,93.38,93.57,64248.213
2025-06-11 17:00:00,93.58,93.96,93.18,93.92,44349.1
2025-06-11 17:30:00,93.92,94.16,92.86,92.92,119902.666
2025-06-11 18:00:00,92.92,92.92,91.76,92.29,128703.853
2025-06-11 18:30:00,92.28,92.79,91.95,92.3,27651.315
2025-06-11 19:00:00,92.29,92.41,91.94,92.26,32393.149
2025-06-11 19:30:00,92.26,92.32,91.71,91.84,39031.266
2025-06-11 20:00:00,91.82,92.22,91.31,92.16,52631.018
2025-06-11 20:30:00,92.17,92.36,92.01,92.06,33598.394
2025-06-11 21:00:00,92.06,92.54,91.87,91.87,32805.381
2025-06-11 21:30:00,91.86,91.89,90.66,90.87,76413.45
2025-06-11 22:00:00,90.86,91.4,90.47,90.67,73195.868
2025-06-11 22:30:00,90.67,90.95,90.34,90.88,40684.864
2025-06-11 23:00:00,90.87,91.5,90.79,91.36,33675.765
2025-06-11 23:30:00,91.35,91.62,91.31,91.51,18816.735
2025-06-12 00:00:00,91.52,91.85,91.3,91.34,29728.021
2025-06-12 00:30:00,91.33,91.67,90.78,91.43,35273.273
2025-06-12 01:00:00,91.42,91.52,90.99,91.08,21708.523
2025-06-12 01:30:00,91.08,91.59,90.81,91.52,22176.747
2025-06-12 02:00:00,91.52,91.79,91.0,91.25,25024.092
2025-06-12 02:30:00,91.26,91.32,91.01,91.15,17058.387
2025-06-12 03:00:00,91.15,91.2,90.27,90.55,43737.429
2025-06-12 03:30:00,90.55,91.0,90.29,90.29,43957.7
2025-06-12 04:00:00,90.29,90.37,89.5,89.84,109583.631
2025-06-12 04:30:00,89.85,90.07,89.63,90.03,40934.983
2025-06-12 05:00:00,90.03,90.23,89.54,90.2,44531.86
2025-06-12 05:30:00,90.21,90.4,89.83,89.86,28967.714
2025-06-12 06:00:00,89.85,89.85,89.43,89.73,37793.022
2025-06-12 06:30:00,89.74,90.16,89.72,89.9,31307.28
2025-06-12 07:00:00,89.9,90.01,89.58,89.6,19423.33
2025-06-12 07:30:00,89.6,89.74,89.13,89.49,64671.856
2025-06-12 08:00:00,89.48,89.77,89.07,89.64,64044.243
2025-06-12 08:30:00,89.65,90.04,89.47,89.74,33107.072
2025-06-12 09:00:00,89.75,89.97,89.58,89.7,26841.111
2025-06-12 09:30:00,89.71,89.99,89.41,89.49,30003.09
2025-06-12 10:00:00,89.5,89.54,88.8,89.0,76273.811
2025-06-12 10:30:00,88.99,89.09,88.66,88.92,43228.784
2025-06-12 11:00:00,88.92,89.03,88.19,88.28,46088.869
2025-06-12 11:30:00,88.28,88.5,88.0,88.12,68271.968
2025-06-12 12:00:00,88.12,88.53,88.04,88.47,44704.1
2025-06-12 12:30:00,88.47,88.89,88.43,88.56,50424.12
2025-06-12 13:00:00,88.56,88.9,88.49,88.58,29847.979
2025-06-12 13:30:00,88.58,89.02,88.44,88.9,49321.519
2025-06-12 14:00:00,88.91,89.29,88.9,89.09,43426.885
2025-06-12 14:30:00,89.1,89.35,89.0,89.06,32119.282
2025-06-12 15:00:00,89.07,89.33,88.38,88.42,47664.45
2025-06-12 15:30:00,88.42,88.64,87.74,87.88,104230.098
2025-06-12 16:00:00,87.88,89.0,87.79,88.89,50046.736
2025-06-12 16:30:00,88.88,89.06,88.63,88.87,36540.53
2025-06-12 17:00:00,88.88,89.59,88.78,89.53,41890.886
2025-06-12 17:30:00,89.52,89.79,89.47,89.56,48797.967
2025-06-12 18:00:00,89.57,89.59,88.51,88.56,38402.967
2025-06-12 18:30:00,88.55,88.85,88.12,88.48,36694.667
2025-06-12 19:00:00,88.48,88.82,88.33,88.64,31515.126
2025-06-12 19:30:00,88.63,88.69,87.27,87.4,94773.02
2025-06-12 20:00:00,87.4,87.72,87.12,87.57,66806.477
2025-06-12 20:30:00,87.57,87.61,85.95,86.42,169814.053
2025-06-12 21:00:00,86.42,87.04,86.15,87.03,73057.08
2025-06-12 21:30:00,87.03,87.13,86.41,86.44,35425.513
2025-06-12 22:00:00,86.44,86.76,86.31,86.31,45319.925
2025-06-12 22:30:00,86.31,86.42,85.99,86.21,50610.231
2025-06-12 23:00:00,86.2,86.74,86.11,86.62,33392.134
2025-06-12 23:30:00,86.62,86.72,86.08,86.08,22641.713
2025-06-13 00:00:00,86.09,86.09,83.63,83.65,281382.429
2025-06-13 00:30:00,83.65,83.9,82.33,82.78,223643.007
2025-06-13 01:00:00,82.78,82.78,81.39,82.06,196504.819
2025-06-13 01:30:00,82.06,82.75,81.45,82.42,115393.216
2025-06-13 02:00:00,82.42,82.48,81.59,81.98,90538.088
2025-06-13 02:30:00,81.98,82.21,81.21,82.1,75593.4
2025-06-13 03:00:00,82.1,82.68,81.89,82.56,77346.052
2025-06-13 03:30:00,82.56,83.43,82.49,83.23,64801.54
2025-06-13 04:00:00,83.23,83.23,82.42,82.88,56119.131
2025-06-13 04:30:00,82.88,83.02,82.62,82.95,35818.154
2025-06-13 05:00:00,82.94,83.17,82.79,83.03,37974.842
2025-06-13 05:30:00,83.02,83.11,82.82,82.82,36070.072
2025-06-13 06:00:00,82.82,83.04,82.38,82.42,44819.378
2025-06-13 06:30:00,82.42,83.92,82.42,83.91,51915.093
2025-06-13 07:00:00,83.91,83.98,83.3,83.81,61434.777
2025-06-13 07:30:00,83.81,83.94,83.58,83.76,46376.205
2025-06-13 08:00:00,83.77,84.38,83.61,84.04,50199.374
2025-06-13 08:30:00,84.05,84.24,83.41,83.69,40693.037
2025-06-13 09:00:00,83.69,83.81,83.25,83.49,44391.093
2025-06-13 09:30:00,83.49,83.7,83.25,83.55,31049.321
2025-06-13 10:00:00,83.56,83.68,83.16,83.35,27778.061
2025-06-13 10:30:00,83.35,83.83,83.18,83.81,29458.071
2025-06-13 11:00:00,83.8,84.13,83.56,83.65,26993.31
2025-06-13 11:30:00,83.64,84.18,83.57,84.17,31067.775
2025-06-13 12:00:00,84.17,84.33,84.01,84.25,45321.292
2025-06-13 12:30:00,84.26,84.44,83.67,83.76,39778.974
2025-06-13 13:00:00,83.76,83.81,83.56,83.71,27894.074
2025-06-13 13:30:00,83.71,84.28,83.65,83.77,51165.953
2025-06-13 14:00:00,83.78,84.06,82.9,82.9,84776.999
2025-06-13 14:30:00,82.9,83.7,82.78,83.63,42968.201
2025-06-13 15:00:00,83.62,84.42,83.42,84.27,61745.947
2025-06-13 15:30:00,84.27,84.53,83.98,84.13,41224.341
2025-06-13 16:00:00,84.13,85.03,83.88,84.64,59468.383
2025-06-13 16:30:00,84.64,85.01,84.15,85.01,41350.722
2025-06-13 17:00:00,85.0,85.0,84.37,84.44,42486.396
2025-06-13 17:30:00,84.43,84.87,84.12,84.82,41195.951
2025-06-13 18:00:00,84.81,84.97,84.01,84.17,39275.029
2025-06-13 18:30:00,84.17,84.42,83.72,84.31,32449.311
2025-06-13 19:00:00,84.31,84.77,84.1,84.51,34533.388
2025-06-13 19:30:00,84.53,84.85,84.44,84.7,41766.844
2025-06-13 20:00:00,84.7,85.1,84.65,85.03,33016.598
2025-06-13 20:30:00,85.03,85.74,84.9,85.66,44500.552
2025-06-13 21:00:00,85.66,85.7,85.14,85.66,29651.99
2025-06-13 21:30:00,85.67,85.75,85.44,85.57,14901.562
2025-06-13 22:00:00,85.58,85.9,85.57,85.68,28870.07
2025-06-13 22:30:00,85.69,85.92,85.52,85.88,21597.683
2025-06-13 23:00:00,85.88,86.4,85.88,86.23,37070.052
2025-06-13 23:30:00,86.24,86.64,86.14,86.47,32060.846
2025-06-14 00:00:00,86.47,86.48,85.91,86.07,58492.486
2025-06-14 00:30:00,86.07,86.2,85.73,85.86,34181.205
2025-06-14 01:00:00,85.86,85.88,85.57,85.73,33416.189
2025-06-14 01:30:00,85.72,86.04,85.6,85.94,22222.205
2025-06-14 02:00:00,85.95,86.21,85.88,86.02,17441.588
2025-06-14 02:30:00,86.01,86.04,85.81,85.99,13520.018
2025-06-14 03:00:00,85.99,86.44,85.95,86.43,22126.997
2025-06-14 03:30:00,86.42,86.42,86.04,86.12,14941.746
2025-06-14 04:00:00,86.12,86.45,86.05,86.43,21306.627
2025-06-14 04:30:00,86.43,86.45,86.23,86.29,23686.376
2025-06-14 05:00:00,86.29,86.42,86.1,86.16,12686.498
2025-06-14 05:30:00,86.15,86.41,86.03,86.24,13710.418
2025-06-14 06:00:00,86.23,86.37,85.94,85.96,28183.597
2025-06-14 06:30:00,85.96,86.11,85.92,85.96,13254.681
2025-06-14 07:00:00,85.96,86.16,85.75,86.16,38043.444
2025-06-14 07:30:00,86.16,86.43,86.13,86.38,18512.186
2025-06-14 08:00:00,86.37,86.67,86.17,86.65,29880.991
2025-06-14 08:30:00,86.66,86.87,86.44,86.78,26754.672
2025-06-14 09:00:00,86.79,86.8,86.25,86.28,25252.306
2025-06-14 09:30:00,86.27,86.32,85.97,86.05,30073.044
2025-06-14 10:00:00,86.06,86.14,85.87,86.1,23673.81
2025-06-14 10:30:00,86.1,86.43,86.07,86.3,17759.032
2025-06-14 11:00:00,86.3,86.36,86.03,86.04,12718.236
2025-06-14 11:30:00,86.05,86.22,85.9,85.98,16880.839
2025-06-14 12:00:00,85.98,86.07,85.73,85.86,23483.0
2025-06-14 12:30:00,85.85,86.17,85.78,86.16,19040.843
2025-06-14 13:00:00,86.16,86.53,86.12,86.41,26885.366
2025-06-14 13:30:00,86.41,86.41,86.08,86.23,15249.708
2025-06-14 14:00:00,86.23,86.24,85.96,85.98,23324.541
2025-06-14 14:30:00,85.97,86.02,85.68,85.72,30274.404
2025-06-14 15:00:00,85.72,85.94,85.27,85.41,37747.157
2025-06-14 15:30:00,85.4,85.4,85.02,85.28,62969.72
2025-06-14 16:00:00,85.28,85.43,84.79,84.83,45746.528
2025-06-14 16:30:00,84.83,84.88,84.14,84.29,67627.948
2025-06-14 17:00:00,84.29,85.07,84.22,85.02,38493.496
2025-06-14 17:30:00,85.01,85.07,84.58,84.96,14275.675
2025-06-14 18:00:00,84.97,85.3,84.54,84.56,22858.406
2025-06-14 18:30:00,84.56,84.73,84.2,84.67,36220.844
2025-06-14 19:00:00,84.67,84.98,84.56,84.93,19358.683
2025-06-14 19:30:00,84.94,85.17,84.66,84.67,20699.091
2025-06-14 20:00:00,84.68,84.76,84.19,84.59,38860.947
2025-06-14 20:30:00,84.59,84.97,84.53,84.82,17910.676
2025-06-14 21:00:00,84.83,85.27,84.68,85.15,31937.803
2025-06-14 21:30:00,85.15,85.39,84.91,85.25,17397.361
2025-06-14 22:00:00,85.26,85.36,85.18,85.27,17555.111
2025-06-14 22:30:00,85.28,85.28,84.93,85.1,17266.931
2025-06-14 23:00:00,85.1,85.2,84.98,85.07,12319.162
2025-06-14 23:30:00,85.08,85.3,85.04,85.13,9586.953
2025-06-15 00:00:00,85.12,85.29,84.97,85.17,18472.505
2025-06-15 00:30:00,85.18,85.62,85.12,85.56,31423.318
2025-06-15 01:00:00,85.56,85.65,85.31,85.37,17423.636
2025-06-15 01:30:00,85.36,85.47,85.16,85.36,22489.311
2025-06-15 02:00:00,85.37,85.77,85.34,85.73,19067.314
2025-06-15 02:30:00,85.74,85.75,85.5,85.54,15680.657
2025-06-15 03:00:00,85.54,85.74,85.5,85.72,10628.013
2025-06-15 03:30:00,85.71,85.87,85.62,85.77,9090.209
2025-06-15 04:00:00,85.77,86.05,85.72,86.03,28371.575
2025-06-15 04:30:00,86.04,86.14,85.93,86.11,19773.434
2025-06-15 05:00:00,86.1,86.1,85.79,85.97,12546.988
2025-06-15 05:30:00,85.97,86.22,85.91,86.13,14524.108
2025-06-15 06:00:00,86.13,86.22,85.69,85.72,19801.64
2025-06-15 06:30:00,85.71,85.79,85.6,85.6,12694.246
2025-06-15 07:00:00,85.6,85.6,85.29,85.45,22839.458
2025-06-15 07:30:00,85.46,85.55,85.31,85.46,11743.731
2025-06-15 08:00:00,85.46,85.49,85.13,85.27,17031.168
2025-06-15 08:30:00,85.28,85.33,85.15,85.25,16519.169
2025-06-15 09:00:00,85.24,85.45,85.07,85.25,24210.952
2025-06-15 09:30:00,85.25,85.27,84.95,85.02,20257.493
2025-06-15 10:00:00,85.02,85.39,85.01,85.24,18789.879
2025-06-15 10:30:00,85.24,85.5,85.22,85.38,15472.05
2025-06-15 11:00:00,85.37,85.5,85.16,85.17,11303.023
2025-06-15 11:30:00,85.17,85.43,85.06,85.3,20091.803
2025-06-15 12:00:00,85.3,85.52,85.23,85.37,11999.252
2025-06-15 12:30:00,85.38,85.88,85.37,85.86,16893.151
2025-06-15 13:00:00,85.86,86.14,85.75,86.14,26984.295
2025-06-15 13:30:00,86.14,86.42,86.03,86.27,27988.169
2025-06-15 14:00:00,86.26,86.3,85.82,85.99,25816.074
2025-06-15 14:30:00,86.0,86.55,85.85,86.41,30898.822
2025-06-15 15:00:00,86.42,86.44,86.12,86.32,24555.956
2025-06-15 15:30:00,86.33,86.35,86.07,86.1,17252.465
2025-06-15 16:00:00,86.11,86.29,85.84,85.96,23926.053
2025-06-15 16:30:00,85.96,86.21,85.83,86.08,14163.517
2025-06-15 17:00:00,86.08,86.08,85.72,85.94,19069.707
2025-06-15 17:30:00,85.95,86.21,85.89,86.03,12972.689
2025-06-15 18:00:00,86.03,86.05,85.56,85.7,14202.586
2025-06-15 18:30:00,85.71,85.91,85.62,85.87,19558.145
2025-06-15 19:00:00,85.87,86.3,85.82,86.02,20247.019
2025-06-15 19:30:00,86.03,86.17,85.73,86.02,22960.269
2025-06-15 20:00:00,86.03,86.1,85.29,85.34,28361.481
2025-06-15 20:30:00,85.33,85.59,85.04,85.24,25422.125
2025-06-15 21:00:00,85.24,85.3,84.87,85.3,21914.511
2025-06-15 21:30:00,85.3,85.43,85.08,85.43,14032.906
2025-06-15 22:00:00,85.42,86.19,85.36,86.12,32450.121
2025-06-15 22:30:00,86.12,86.2,85.73,86.08,20414.282
2025-06-15 23:00:00,86.09,86.29,85.98,86.14,19793.211
2025-06-15 23:30:00,86.15,86.32,86.14,86.24,16774.787
2025-06-16 00:00:00,86.25,86.5,86.0,86.26,35250.022
2025-06-16 00:30:00,86.26,86.41,85.85,86.08,31965.788
2025-06-16 01:00:00,86.09,86.16,85.44,85.56,38217.684
2025-06-16 01:30:00,85.56,86.74,85.29,86.64,44979.966
2025-06-16 02:00:00,86.63,86.99,86.56,86.66,48400.455
2025-06-16 02:30:00,86.65,86.84,86.43,86.76,21151.269
2025-06-16 03:00:00,86.77,86.79,86.37,86.52,19191.118
2025-06-16 03:30:00,86.52,86.64,86.45,86.49,17887.596
2025-06-16 04:00:00,86.49,87.05,86.46,86.75,31587.835
2025-06-16 04:30:00,86.75,87.01,86.62,86.89,26939.579
2025-06-16 05:00:00,86.88,87.32,86.55,87.24,47750.463
2025-06-16 05:30:00,87.24,87.55,87.17,87.21,42412.343
2025-06-16 06:00:00,87.22,87.46,87.08,87.27,22506.792
2025-06-16 06:30:00,87.27,87.39,87.17,87.2,40251.687
2025-06-16 07:00:00,87.2,87.56,87.17,87.53,36368.7
2025-06-16 07:30:00,87.54,87.69,87.34,87.49,29352.934
2025-06-16 08:00:00,87.5,87.54,87.26,87.28,25369.496
2025-06-16 08:30:00,87.27,87.67,87.26,87.56,23890.814
2025-06-16 09:00:00,87.57,87.59,87.21,87.25,22086.139
2025-06-16 09:30:00,87.25,87.27,87.05,87.16,21732.056
2025-06-16 10:00:00,87.16,87.37,87.08,87.17,15404.18
2025-06-16 10:30:00,87.17,87.18,86.79,86.99,23668.979
2025-06-16 11:00:00,86.99,86.99,86.56,86.66,33314.672
2025-06-16 11:30:00,86.66,87.32,86.64,87.07,48933.179
2025-06-16 12:00:00,87.08,87.29,86.92,87.1,39554.221
2025-06-16 12:30:00,87.09,87.52,87.0,87.29,21356.47
2025-06-16 13:00:00,87.29,87.67,87.29,87.58,24074.688
2025-06-16 13:30:00,87.58,87.96,87.42,87.93,40630.381
2025-06-16 14:00:00,87.92,88.51,87.78,88.45,70599.992
2025-06-16 14:30:00,88.45,88.76,88.26,88.35,65370.98
2025-06-16 15:00:00,88.35,88.53,88.19,88.23,43438.378
2025-06-16 15:30:00,88.22,88.46,87.86,87.93,53434.566
2025-06-16 16:00:00,87.93,88.6,87.86,88.2,38818.622
2025-06-16 16:30:00,88.2,88.3,87.89,88.07,22630.047
2025-06-16 17:00:00,88.07,88.34,87.95,88.17,21036.765
2025-06-16 17:30:00,88.17,88.32,87.87,88.02,18484.682
2025-06-16 18:00:00,88.02,88.28,87.9,88.25,18094.055
2025-06-16 18:30:00,88.26,88.51,88.12,88.5,22926.638
2025-06-16 19:00:00,88.5,88.88,88.5,88.76,32241.933
2025-06-16 19:30:00,88.76,88.86,88.57,88.8,23898.175
2025-06-16 20:00:00,88.78,88.78,88.33,88.7,36530.498
2025-06-16 20:30:00,88.7,88.86,88.6,88.67,15984.402
2025-06-16 21:00:00,88.67,88.75,88.5,88.7,15596.083
2025-06-16 21:30:00,88.69,88.71,88.34,88.68,13031.159
2025-06-16 22:00:00,88.68,88.9,88.57,88.74,24441.957
2025-06-16 22:30:00,88.74,88.77,86.76,87.23,155881.781
2025-06-16 23:00:00,87.22,87.93,86.95,87.54,67925.623
2025-06-16 23:30:00,87.54,87.66,86.43,86.64,62265.258
2025-06-17 00:00:00,86.64,86.78,85.26,86.68,162737.585
2025-06-17 00:30:00,86.68,87.67,86.39,87.62,53078.012
2025-06-17 01:00:00,87.63,87.74,87.04,87.22,39168.552
2025-06-17 01:30:00,87.22,87.7,86.85,86.94,37026.133
2025-06-17 02:00:00,86.95,86.98,86.49,86.54,32963.066
2025-06-17 02:30:00,86.55,87.26,86.34,87.19,34626.439
2025-06-17 03:00:00,87.19,87.34,86.84,86.87,35155.781
2025-06-17 03:30:00,86.87,87.17,86.87,87.12,21365.946
2025-06-17 04:00:00,87.12,87.14,86.67,86.77,33150.192
2025-06-17 04:30:00,86.76,86.97,86.61,86.76,28256.713
2025-06-17 05:00:00,86.75,86.8,86.33,86.54,24927.264
2025-06-17 05:30:00,86.53,86.59,86.02,86.24,34712.216
2025-06-17 06:00:00,86.23,86.65,86.18,86.37,31154.2
2025-06-17 06:30:00,86.37,86.5,86.08,86.18,25762.664
2025-06-17 07:00:00,86.18,86.45,85.96,86.05,26219.456
2025-06-17 07:30:00,86.05,86.46,86.04,86.35,19700.871
2025-06-17 08:00:00,86.35,86.42,85.98,86.18,21788.478
2025-06-17 08:30:00,86.17,86.18,85.82,85.92,44152.973
2025-06-17 09:00:00,85.92,86.22,85.81,86.04,28066.143
2025-06-17 09:30:00,86.04,86.19,85.82,86.0,20962.612
2025-06-17 10:00:00,86.0,86.02,85.42,85.52,33051.874
2025-06-17 10:30:00,85.52,85.59,85.06,85.44,70906.673
2025-06-17 11:00:00,85.43,85.45,84.78,84.9,47349.748
2025-06-17 11:30:00,84.89,85.12,84.86,85.08,22605.143
2025-06-17 12:00:00,85.08,85.37,84.95,85.19,32099.832
2025-06-17 12:30:00,85.19,85.45,84.85,84.98,27330.681
2025-06-17 13:00:00,84.98,85.54,84.81,85.5,36685.427
2025-06-17 13:30:00,85.5,85.66,85.25,85.37,38406.426
2025-06-17 14:00:00,85.37,85.85,85.26,85.49,48138.218
2025-06-17 14:30:00,85.48,85.58,84.75,84.82,45431.971
2025-06-17 15:00:00,84.82,84.88,83.95,84.04,99148.998
2025-06-17 15:30:00,84.03,84.24,83.69,84.04,79061.164
2025-06-17 16:00:00,84.04,84.08,83.23,83.43,87640.523
2025-06-17 16:30:00,83.43,83.68,82.56,82.59,114653.995
2025-06-17 17:00:00,82.58,83.23,82.43,83.2,73076.471
2025-06-17 17:30:00,83.19,83.56,83.09,83.09,50652.367
2025-06-17 18:00:00,83.09,83.43,82.96,83.0,30128.704
2025-06-17 18:30:00,83.01,83.98,83.01,83.97,36487.53
2025-06-17 19:00:00,83.97,85.0,83.96,84.86,64740.546
2025-06-17 19:30:00,84.86,85.16,84.68,84.77,40571.777
2025-06-17 20:00:00,84.77,84.95,84.23,84.71,35467.391
2025-06-17 20:30:00,84.72,84.78,84.18,84.21,23831.809
2025-06-17 21:00:00,84.21,84.53,83.94,84.33,46039.543
2025-06-17 21:30:00,84.33,84.58,84.21,84.39,19765.584
2025-06-17 22:00:00,84.39,84.51,84.02,84.11,52556.199
2025-06-17 22:30:00,84.11,84.16,83.65,83.67,25083.331
2025-06-17 23:00:00,83.68,84.44,83.67,84.43,16126.51
2025-06-17 23:30:00,84.42,84.54,84.13,84.17,27020.63
2025-06-18 00:00:00,84.18,84.53,84.18,84.21,20620.554
2025-06-18 00:30:00,84.21,84.84,84.07,84.83,36536.392
2025-06-18 01:00:00,84.83,85.63,84.81,85.09,51015.874
2025-06-18 01:30:00,85.1,85.37,84.9,84.94,27504.088
2025-06-18 02:00:00,84.95,85.13,84.6,85.07,23631.179
2025-06-18 02:30:00,85.06,85.14,84.81,84.9,16059.597
2025-06-18 03:00:00,84.89,85.12,84.75,85.12,16177.594
2025-06-18 03:30:00,85.11,85.48,85.11,85.24,16423.615
2025-06-18 04:00:00,85.24,85.41,85.02,85.1,16455.023
2025-06-18 04:30:00,85.09,85.55,85.02,85.39,20955.189
2025-06-18 05:00:00,85.4,85.53,85.21,85.45,28149.481
2025-06-18 05:30:00,85.44,85.56,85.25,85.28,17611.886
2025-06-18 06:00:00,85.27,85.3,84.99,85.08,22307.374
2025-06-18 06:30:00,85.08,85.14,84.75,84.9,20423.966
2025-06-18 07:00:00,84.89,84.98,84.66,84.9,22557.011
2025-06-18 07:30:00,84.9,85.09,84.78,85.09,17707.019
2025-06-18 08:00:00,85.09,85.34,85.05,85.05,24270.024
2025-06-18 08:30:00,85.04,85.06,84.51,84.79,34638.774
2025-06-18 09:00:00,84.79,85.04,84.74,84.78,22712.047
2025-06-18 09:30:00,84.77,84.77,84.37,84.54,23197.008
2025-06-18 10:00:00,84.54,84.55,83.92,83.96,52200.686
2025-06-18 10:30:00,83.95,84.09,83.36,83.5,53912.414
2025-06-18 11:00:00,83.49,84.18,83.34,84.05,54587.302
2025-06-18 11:30:00,84.04,84.52,83.92,84.4,35939.052
2025-06-18 12:00:00,84.41,84.67,84.17,84.32,36979.451
2025-06-18 12:30:00,84.32,84.44,83.93,84.0,42389.91
2025-06-18 13:00:00,84.0,84.13,83.28,83.38,65469.752
2025-06-18 13:30:00,83.38,84.42,83.32,84.36,69402.942
2025-06-18 14:00:00,84.36,85.23,84.17,85.14,94928.116
2025-06-18 14:30:00,85.15,85.28,84.25,84.6,61799.857
2025-06-18 15:00:00,84.61,85.01,84.29,84.91,43607.717
2025-06-18 15:30:00,84.92,85.02,84.67,84.78,33378.177
2025-06-18 16:00:00,84.78,84.96,84.31,84.32,31494.995
2025-06-18 16:30:00,84.32,84.65,84.23,84.53,27496.595
2025-06-18 17:00:00,84.53,84.8,84.14,84.42,40849.597
2025-06-18 17:30:00,84.42,84.85,83.95,84.64,61732.01
2025-06-18 18:00:00,84.64,85.16,84.08,84.5,89281.222
2025-06-18 18:30:00,84.5,84.96,83.75,83.81,51200.235
2025-06-18 19:00:00,83.81,84.72,83.69,84.11,55410.118
2025-06-18 19:30:00,84.11,84.51,84.04,84.19,29459.123
2025-06-18 20:00:00,84.19,84.48,84.01,84.45,20989.236
2025-06-18 20:30:00,84.45,85.44,84.38,85.31,51143.171
2025-06-18 21:00:00,85.32,85.43,84.9,85.02,40736.479
2025-06-18 21:30:00,85.01,85.31,84.82,85.12,16549.28
2025-06-18 22:00:00,85.11,85.28,84.92,85.06,24186.698
2025-06-18 22:30:00,85.07,85.18,84.93,85.13,9888.014
2025-06-18 23:00:00,85.13,85.3,84.91,84.94,16202.58
2025-06-18 23:30:00,84.94,85.05,84.71,85.03,16150.295
2025-06-19 00:00:00,85.04,85.29,84.66,85.24,24962.185
2025-06-19 00:30:00,85.24,85.56,85.11,85.14,42986.101
2025-06-19 01:00:00,85.15,85.16,84.61,84.87,38009.911
2025-06-19 01:30:00,84.86,84.86,84.58,84.66,23775.415
2025-06-19 02:00:00,84.66,84.86,84.4,84.67,24387.006
2025-06-19 02:30:00,84.66,85.17,84.64,84.88,19936.178
2025-06-19 03:00:00,84.88,85.21,84.87,85.16,13031.041
2025-06-19 03:30:00,85.15,85.16,84.91,85.14,10882.999
2025-06-19 04:00:00,85.14,85.27,84.98,84.99,18951.417
2025-06-19 04:30:00,84.98,85.25,84.8,85.25,20934.007
2025-06-19 05:00:00,85.25,85.44,85.17,85.35,19673.672
2025-06-19 05:30:00,85.34,85.41,85.11,85.2,17921.092
2025-06-19 06:00:00,85.19,85.4,84.87,84.87,18691.048
2025-06-19 06:30:00,84.87,84.96,84.83,84.92,11174.448
2025-06-19 07:00:00,84.93,85.25,84.92,85.07,28008.295
2025-06-19 07:30:00,85.07,85.08,84.88,84.96,13675.163
2025-06-19 08:00:00,84.96,85.14,84.78,84.95,23898.602
2025-06-19 08:30:00,84.95,84.97,84.64,84.66,18337.531
2025-06-19 09:00:00,84.65,85.06,84.6,85.02,28521.151
2025-06-19 09:30:00,85.01,85.46,84.95,85.32,43299.628
2025-06-19 10:00:00,85.32,85.6,85.11,85.57,31813.419
2025-06-19 10:30:00,85.56,85.91,85.51,85.72,74766.363
2025-06-19 11:00:00,85.72,85.72,85.23,85.28,33152.969
2025-06-19 11:30:00,85.28,85.47,85.17,85.43,15939.552
2025-06-19 12:00:00,85.44,85.71,85.33,85.64,26385.471
2025-06-19 12:30:00,85.64,85.7,85.31,85.44,15760.178
2025-06-19 13:00:00,85.44,85.51,84.98,85.35,30679.085
2025-06-19 13:30:00,85.35,85.35,84.77,84.84,35175.323
2025-06-19 14:00:00,84.85,85.2,84.84,85.09,25771.097
2025-06-19 14:30:00,85.1,85.15,84.32,84.36,57430.539
2025-06-19 15:00:00,84.36,84.76,84.32,84.73,24455.326
2025-06-19 15:30:00,84.72,85.12,84.53,84.77,57172.41
2025-06-19 16:00:00,84.78,85.32,84.73,85.27,34135.621
2025-06-19 16:30:00,85.28,85.35,84.45,84.54,44906.725
2025-06-19 17:00:00,84.54,84.71,84.18,84.56,43022.365
2025-06-19 17:30:00,84.55,85.22,84.43,84.89,62199.136
2025-06-19 18:00:00,84.88,85.32,84.81,84.99,31757.222
2025-06-19 18:30:00,85.0,85.09,84.65,85.03,31407.305
2025-06-19 19:00:00,85.04,85.18,84.92,85.11,21494.295
2025-06-19 19:30:00,85.12,85.32,84.9,85.19,16938.915
2025-06-19 20:00:00,85.19,85.39,85.05,85.1,21823.741
2025-06-19 20:30:00,85.11,85.15,84.7,84.97,22047.312
2025-06-19 21:00:00,84.98,85.15,84.75,84.98,31884.602
2025-06-19 21:30:00,84.99,85.2,84.8,84.93,21280.702
2025-06-19 22:00:00,84.94,85.3,84.94,85.13,21893.506
2025-06-19 22:30:00,85.14,85.27,84.97,84.99,33941.877
2025-06-19 23:00:00,85.0,85.17,84.88,84.91,14673.124
2025-06-19 23:30:00,84.92,85.17,84.85,85.06,22586.717
2025-06-20 00:00:00,85.07,85.17,84.84,84.85,26554.357
2025-06-20 00:30:00,84.84,85.11,84.75,84.95,21232.866
2025-06-20 01:00:00,84.96,85.04,84.69,84.69,16050.498
2025-06-20 01:30:00,84.69,85.02,84.69,84.91,13354.482
2025-06-20 02:00:00,84.92,85.01,84.83,84.85,16964.994
2025-06-20 02:30:00,84.85,85.01,84.53,84.66,57115.471
2025-06-20 03:00:00,84.66,84.96,84.45,84.94,21366.655
2025-06-20 03:30:00,84.94,85.06,84.86,85.05,17310.033
2025-06-20 04:00:00,85.05,85.13,84.53,84.65,26678.951
2025-06-20 04:30:00,84.65,84.66,84.21,84.31,30010.027
2025-06-20 05:00:00,84.32,84.52,84.1,84.21,31851.844
2025-06-20 05:30:00,84.22,84.73,84.22,84.69,20777.831
2025-06-20 06:00:00,84.7,84.87,84.42,84.47,22191.857
2025-06-20 06:30:00,84.48,84.6,84.34,84.5,15492.163
2025-06-20 07:00:00,84.51,85.14,84.32,85.03,36600.917
2025-06-20 07:30:00,85.03,85.53,85.03,85.49,82429.359
2025-06-20 08:00:00,85.48,85.88,85.39,85.73,84042.771
2025-06-20 08:30:00,85.73,85.83,85.22,85.5,35429.781
2025-06-20 09:00:00,85.51,85.65,85.32,85.41,25949.173
2025-06-20 09:30:00,85.42,85.6,85.27,85.54,14816.921
2025-06-20 10:00:00,85.54,85.74,85.35,85.64,20104.273
2025-06-20 10:30:00,85.64,85.9,85.59,85.67,31056.577
2025-06-20 11:00:00,85.67,85.78,85.32,85.55,22889.193
2025-06-20 11:30:00,85.55,85.8,85.44,85.65,16624.302
2025-06-20 12:00:00,85.64,85.9,85.64,85.79,20957.877
2025-06-20 12:30:00,85.8,85.95,85.7,85.75,19349.227
2025-06-20 13:00:00,85.75,85.94,85.74,85.8,16875.378
2025-06-20 13:30:00,85.81,85.93,85.25,85.49,38852.727
2025-06-20 14:00:00,85.49,85.68,84.9,85.12,48018.353
2025-06-20 14:30:00,85.12,85.2,83.79,83.84,98000.774
2025-06-20 15:00:00,83.85,84.14,83.7,83.8,104185.436
2025-06-20 15:30:00,83.8,84.11,83.59,83.75,90007.412
2025-06-20 16:00:00,83.75,83.83,82.8,82.91,122487.046
2025-06-20 16:30:00,82.91,83.21,82.82,82.98,54886.993
2025-06-20 17:00:00,82.98,83.2,81.25,81.83,197313.173
2025-06-20 17:30:00,81.83,82.47,80.9,82.37,182804.428
2025-06-20 18:00:00,82.37,83.04,82.28,82.75,87543.016
2025-06-20 18:30:00,82.75,82.98,82.7,82.85,30126.149
2025-06-20 19:00:00,82.84,82.84,82.19,82.5,35009.75
2025-06-20 19:30:00,82.5,82.95,82.5,82.84,26483.522
2025-06-20 20:00:00,82.84,83.62,82.81,83.46,52447.377
2025-06-20 20:30:00,83.45,83.47,83.07,83.27,26885.604
2025-06-20 21:00:00,83.27,83.27,82.62,82.85,25847.887
2025-06-20 21:30:00,82.86,83.14,82.75,82.88,16847.927
2025-06-20 22:00:00,82.88,82.92,82.46,82.54,29891.722
2025-06-20 22:30:00,82.53,82.69,82.29,82.52,27765.442
2025-06-20 23:00:00,82.52,82.76,82.42,82.58,41684.08
2025-06-20 23:30:00,82.59,82.91,82.59,82.88,14513.385
2025-06-21 00:00:00,82.88,83.22,82.68,83.21,27210.268
2025-06-21 00:30:00,83.21,83.25,82.93,83.02,13450.322
2025-06-21 01:00:00,83.02,83.36,83.01,83.35,17171.786
2025-06-21 01:30:00,83.36,83.63,83.28,83.58,18604.573
2025-06-21 02:00:00,83.58,83.64,83.31,83.32,19819.863
2025-06-21 02:30:00,83.31,83.41,83.26,83.41,9582.75
2025-06-21 03:00:00,83.4,83.66,83.4,83.66,10494.553
2025-06-21 03:30:00,83.66,83.68,83.51,83.53,13126.419
2025-06-21 04:00:00,83.53,83.56,83.39,83.47,10834.599
2025-06-21 04:30:00,83.46,83.54,83.37,83.45,11219.887
2025-06-21 05:00:00,83.45,83.65,83.35,83.65,11267.575
2025-06-21 05:30:00,83.64,83.75,83.61,83.75,9957.062
2025-06-21 06:00:00,83.75,83.94,83.75,83.85,18050.523
2025-06-21 06:30:00,83.84,84.08,83.78,84.02,26827.62
2025-06-21 07:00:00,84.01,84.02,83.31,83.47,40914.64
2025-06-21 07:30:00,83.47,83.51,83.2,83.29,23223.665
2025-06-21 08:00:00,83.29,83.39,83.17,83.33,20124.373
2025-06-21 08:30:00,83.33,83.57,83.2,83.54,19207.985
2025-06-21 09:00:00,83.54,83.55,83.12,83.25,16265.735
2025-06-21 09:30:00,83.25,83.45,83.14,83.27,21274.756
2025-06-21 10:00:00,83.27,83.46,83.21,83.39,19307.405
2025-06-21 10:30:00,83.39,83.46,82.96,83.18,34774.269
2025-06-21 11:00:00,83.18,83.25,83.05,83.13,14373.947
2025-06-21 11:30:00,83.13,83.28,83.1,83.19,10656.939
2025-06-21 12:00:00,83.18,83.34,83.07,83.29,23937.682
2025-06-21 12:30:00,83.29,83.32,82.94,82.98,21153.546
2025-06-21 13:00:00,82.98,83.15,82.94,83.08,13214.379
2025-06-21 13:30:00,83.08,83.1,82.44,82.67,44748.444
2025-06-21 14:00:00,82.66,82.96,82.56,82.73,59056.439
2025-06-21 14:30:00,82.74,83.14,82.5,82.57,37910.243
2025-06-21 15:00:00,82.56,82.78,82.38,82.44,30191.102
2025-06-21 15:30:00,82.45,82.76,82.2,82.76,29847.983
2025-06-21 16:00:00,82.76,83.09,82.63,83.03,26348.229
2025-06-21 16:30:00,83.03,83.03,82.52,82.69,18749.158
2025-06-21 17:00:00,82.68,82.92,82.56,82.57,28486.665
2025-06-21 17:30:00,82.57,82.57,81.97,82.1,45258.184
2025-06-21 18:00:00,82.1,82.36,81.93,82.15,30588.466
2025-06-21 18:30:00,82.16,82.55,81.57,81.67,44855.663
2025-06-21 19:00:00,81.67,81.87,81.3,81.35,57928.635
2025-06-21 19:30:00,81.36,81.47,80.61,80.96,103154.357
2025-06-21 20:00:00,80.96,81.32,80.9,81.15,46288.763
2025-06-21 20:30:00,81.15,81.75,81.12,81.64,33006.574
2025-06-21 21:00:00,81.64,81.7,79.5,80.26,111421.065
2025-06-21 21:30:00,80.25,80.25,78.33,79.27,160440.309
2025-06-21 22:00:00,79.27,80.22,79.09,80.14,76751.569
2025-06-21 22:30:00,80.13,80.22,79.67,80.17,37530.344
2025-06-21 23:00:00,80.17,80.26,79.53,79.68,48469.524
2025-06-21 23:30:00,79.68,80.27,78.81,80.2,146751.249
2025-06-22 00:00:00,80.21,80.7,79.65,80.46,81922.929
2025-06-22 00:30:00,80.47,81.37,80.39,80.93,61798.171
2025-06-22 01:00:00,80.92,81.27,80.65,80.76,24339.782
2025-06-22 01:30:00,80.77,80.79,79.97,80.02,39162.644
2025-06-22 02:00:00,80.02,80.59,79.7,79.98,72579.642
2025-06-22 02:30:00,79.98,80.49,79.63,80.34,56588.357
2025-06-22 03:00:00,80.33,80.71,80.05,80.12,36083.43
2025-06-22 03:30:00,80.12,80.49,80.07,80.45,31977.339
2025-06-22 04:00:00,80.46,81.09,80.32,80.95,31066.718
2025-06-22 04:30:00,80.96,81.19,80.73,80.95,28380.082
2025-06-22 05:00:00,80.95,81.44,80.95,81.41,34550.356
2025-06-22 05:30:00,81.41,81.48,81.0,81.45,19052.02
2025-06-22 06:00:00,81.45,81.96,81.42,81.75,51194.084
2025-06-22 06:30:00,81.76,81.98,81.67,81.79,21614.479
2025-06-22 07:00:00,81.79,81.83,81.19,81.39,34723.132
2025-06-22 07:30:00,81.39,81.39,81.05,81.29,28728.211
2025-06-22 08:00:00,81.29,81.43,81.08,81.23,24163.44
2025-06-22 08:30:00,81.23,81.44,81.04,81.38,19300.803
2025-06-22 09:00:00,81.39,81.61,80.62,80.71,41382.031
2025-06-22 09:30:00,80.71,80.9,80.21,80.29,55349.817
2025-06-22 10:00:00,80.29,80.95,80.2,80.8,38675.054
2025-06-22 10:30:00,80.79,81.21,80.77,80.94,23018.522
2025-06-22 11:00:00,80.94,81.36,80.86,81.05,28571.288
2025-06-22 11:30:00,81.05,81.06,80.67,80.99,14397.727
2025-06-22 12:00:00,80.99,81.34,80.72,80.82,37042.042
2025-06-22 12:30:00,80.83,81.21,80.53,81.14,26863.715
2025-06-22 13:00:00,81.15,81.48,78.59,78.94,292114.634
2025-06-22 13:30:00,78.93,79.49,78.24,79.17,266296.886
2025-06-22 14:00:00,79.17,79.55,77.32,77.66,236512.503
2025-06-22 14:30:00,77.66,78.76,77.41,78.68,170217.174
2025-06-22 15:00:00,78.67,78.87,78.02,78.06,95575.621
2025-06-22 15:30:00,78.06,78.48,77.43,77.6,68441.8
2025-06-22 16:00:00,77.6,77.97,77.28,77.78,80499.508
2025-06-22 16:30:00,77.78,78.51,77.77,78.47,62881.085
2025-06-22 17:00:00,78.46,79.28,78.26,78.42,73071.705
2025-06-22 17:30:00,78.42,79.03,78.31,78.95,43793.511
2025-06-22 18:00:00,78.94,79.23,78.52,78.68,40854.737
2025-06-22 18:30:00,78.67,78.83,78.15,78.24,35970.934
2025-06-22 19:00:00,78.23,78.64,78.15,78.27,30429.544
2025-06-22 19:30:00,78.28,78.46,77.94,78.14,27124.318
2025-06-22 20:00:00,78.13,78.18,76.11,76.34,190107.258
2025-06-22 20:30:00,76.34,78.65,76.25,78.39,105185.909
2025-06-22 21:00:00,78.4,78.86,78.08,78.08,51415.795
2025-06-22 21:30:00,78.09,78.41,77.87,78.1,31455.102
2025-06-22 22:00:00,78.11,79.41,78.06,79.17,104543.248
2025-06-22 22:30:00,79.16,80.14,79.16,80.14,95234.028
2025-06-22 23:00:00,80.14,80.27,79.6,80.2,82076.465
2025-06-22 23:30:00,80.2,80.2,79.86,80.15,24249.254
2025-06-23 00:00:00,80.15,80.73,80.13,80.61,53213.526
2025-06-23 00:30:00,80.61,80.9,80.18,80.24,40822.22
2025-06-23 01:00:00,80.25,80.43,80.14,80.26,22101.063
2025-06-23 01:30:00,80.25,80.91,80.12,80.88,26882.451
2025-06-23 02:00:00,80.88,81.0,80.13,80.24,35510.285
2025-06-23 02:30:00,80.23,80.33,79.87,79.91,35855.72
2025-06-23 03:00:00,79.91,79.96,79.7,79.8,34474.982
2025-06-23 03:30:00,79.79,79.99,79.67,79.93,31023.302
2025-06-23 04:00:00,79.93,80.43,79.77,80.34,31637.591
2025-06-23 04:30:00,80.34,80.36,80.06,80.28,16492.637
2025-06-23 05:00:00,80.28,80.62,80.25,80.49,22839.202
2025-06-23 05:30:00,80.5,80.85,80.35,80.66,23582.717
2025-06-23 06:00:00,80.66,80.84,80.5,80.54,23006.521
2025-06-23 06:30:00,80.53,80.66,80.31,80.64,25850.988
2025-06-23 07:00:00,80.64,81.04,80.64,80.78,29398.269
2025-06-23 07:30:00,80.78,81.1,80.78,80.99,27762.512
2025-06-23 08:00:00,80.99,81.18,80.89,81.08,23478.846
2025-06-23 08:30:00,81.07,81.08,80.78,80.89,17629.768
2025-06-23 09:00:00,80.89,80.89,80.48,80.5,34778.809
2025-06-23 09:30:00,80.5,81.0,80.5,80.92,28585.176
2025-06-23 10:00:00,80.92,80.94,80.73,80.81,29518.582
2025-06-23 10:30:00,80.8,80.92,80.62,80.86,12969.753
2025-06-23 11:00:00,80.87,81.0,80.5,80.55,24562.223
2025-06-23 11:30:00,80.54,80.89,80.47,80.76,22515.944
2025-06-23 12:00:00,80.76,80.93,80.51,80.82,25001.278
2025-06-23 12:30:00,80.83,81.63,80.78,81.62,42363.547
2025-06-23 13:00:00,81.62,81.64,81.0,81.09,32973.085
2025-06-23 13:30:00,81.09,82.17,80.55,81.87,147668.327
2025-06-23 14:00:00,81.88,82.24,81.35,81.52,90784.479
2025-06-23 14:30:00,81.51,81.89,81.34,81.65,41664.312
2025-06-23 15:00:00,81.65,82.08,81.45,81.48,43574.574
2025-06-23 15:30:00,81.47,81.67,80.97,81.07,38446.409
2025-06-23 16:00:00,81.07,81.23,79.91,79.97,82467.613
2025-06-23 16:30:00,79.96,80.59,79.43,80.1,134540.558
2025-06-23 17:00:00,80.11,81.77,79.9,81.53,102645.542
2025-06-23 17:30:00,81.53,82.03,81.53,81.94,83043.98
2025-06-23 18:00:00,81.95,82.71,81.92,82.26,92987.065
2025-06-23 18:30:00,82.27,82.82,82.27,82.71,51325.294
2025-06-23 19:00:00,82.7,82.99,82.7,82.81,44483.39
2025-06-23 19:30:00,82.8,83.14,82.6,83.0,44497.266
2025-06-23 20:00:00,83.0,84.14,82.85,83.98,101722.09
2025-06-23 20:30:00,83.98,84.01,83.48,83.52,45653.764
2025-06-23 21:00:00,83.52,83.85,83.38,83.5,41762.34
2025-06-23 21:30:00,83.5,83.54,83.22,83.32,18771.98
2025-06-23 22:00:00,83.32,85.36,83.3,85.29,159557.988
2025-06-23 22:30:00,85.3,85.39,84.54,85.14,95721.404
2025-06-23 23:00:00,85.15,85.27,84.85,85.03,39394.457
2025-06-23 23:30:00,85.04,85.2,84.81,84.86,31322.485
2025-06-24 00:00:00,84.85,85.19,84.82,84.86,37624.894
2025-06-24 00:30:00,84.87,85.05,84.6,84.96,32600.33
2025-06-24 01:00:00,84.95,85.33,84.81,85.15,28472.108
2025-06-24 01:30:00,85.15,85.17,84.76,84.98,26254.773
2025-06-24 02:00:00,84.97,84.97,84.25,84.57,41680.328
2025-06-24 02:30:00,84.58,84.7,84.43,84.55,23471.851
2025-06-24 03:00:00,84.54,84.72,84.37,84.61,23058.108
2025-06-24 03:30:00,84.62,84.73,84.38,84.46,23715.164
2025-06-24 04:00:00,84.46,84.56,84.16,84.21,32606.569
2025-06-24 04:30:00,84.2,84.34,84.14,84.28,15353.569
2025-06-24 05:00:00,84.28,84.61,84.16,84.52,32671.505
2025-06-24 05:30:00,84.52,85.15,84.46,85.1,51950.484
2025-06-24 06:00:00,85.09,85.18,84.81,85.02,34904.266
2025-06-24 06:30:00,85.01,85.28,84.96,85.02,41992.054
2025-06-24 07:00:00,85.02,85.13,84.76,84.88,32120.649
2025-06-24 07:30:00,84.89,84.92,84.3,84.33,57865.258
2025-06-24 08:00:00,84.33,84.55,84.02,84.47,54029.741
2025-06-24 08:30:00,84.47,84.63,84.29,84.47,23550.709
2025-06-24 09:00:00,84.48,85.08,84.3,84.93,37870.113
2025-06-24 09:30:00,84.92,85.02,84.52,84.56,30131.769
2025-06-24 10:00:00,84.55,84.63,84.37,84.42,23275.101
2025-06-24 10:30:00,84.41,84.49,84.18,84.31,21922.446
2025-06-24 11:00:00,84.31,84.32,83.77,84.3,50879.981
2025-06-24 11:30:00,84.29,84.52,84.18,84.25,38757.194
2025-06-24 12:00:00,84.26,84.4,83.94,84.05,23737.773
2025-06-24 12:30:00,84.04,84.35,83.92,84.33,26141.475
2025-06-24 13:00:00,84.32,84.49,83.98,83.99,36376.206
2025-06-24 13:30:00,83.99,84.34,83.76,84.05,45525.588
2025-06-24 14:00:00,84.05,84.71,83.99,84.43,53159.738
2025-06-24 14:30:00,84.44,84.65,84.24,84.37,39630.887
2025-06-24 15:00:00,84.37,84.69,83.95,84.18,40020.423
2025-06-24 15:30:00,84.18,84.49,83.93,84.32,40937.089
2025-06-24 16:00:00,84.32,84.61,84.16,84.56,28156.512
2025-06-24 16:30:00,84.55,85.04,84.28,85.03,63961.944
2025-06-24 17:00:00,85.03,85.06,84.22,84.33,53839.078
2025-06-24 17:30:00,84.33,84.84,84.25,84.65,30248.751
2025-06-24 18:00:00,84.65,84.73,84.26,84.6,31945.792
2025-06-24 18:30:00,84.61,84.7,84.43,84.48,18452.568
2025-06-24 19:00:00,84.48,84.78,84.44,84.57,22111.078
2025-06-24 19:30:00,84.57,84.71,84.12,84.43,22297.134
2025-06-24 20:00:00,84.44,84.95,84.34,84.91,24143.225
2025-06-24 20:30:00,84.91,85.13,84.88,85.1,25266.832
2025-06-24 21:00:00,85.1,85.11,84.82,85.02,20414.214
2025-06-24 21:30:00,85.03,85.13,84.76,85.05,11964.91
2025-06-24 22:00:00,85.05,85.06,84.72,84.82,17988.66
2025-06-24 22:30:00,84.82,84.88,84.67,84.81,13848.276
2025-06-24 23:00:00,84.81,84.84,84.51,84.66,17804.672
2025-06-24 23:30:00,84.67,84.81,84.56,84.8,19308.754
2025-06-25 00:00:00,84.8,84.88,84.58,84.79,21062.372
2025-06-25 00:30:00,84.79,85.04,84.4,85.0,24317.459
2025-06-25 01:00:00,85.0,85.34,84.81,84.92,47327.337
2025-06-25 01:30:00,84.92,85.32,84.79,84.95,22838.353
2025-06-25 02:00:00,84.95,85.21,84.88,85.04,26657.615
2025-06-25 02:30:00,85.04,85.07,84.71,84.81,21921.638
2025-06-25 03:00:00,84.81,85.08,84.69,84.97,21627.8
2025-06-25 03:30:00,84.96,85.07,84.79,84.86,17402.74
2025-06-25 04:00:00,84.85,84.92,84.61,84.87,22089.711
2025-06-25 04:30:00,84.88,85.1,84.63,85.1,22110.979
2025-06-25 05:00:00,85.11,85.22,84.73,84.74,32074.414
2025-06-25 05:30:00,84.73,84.99,84.51,84.85,21644.014
2025-06-25 06:00:00,84.85,85.07,84.67,85.01,23210.784
2025-06-25 06:30:00,85.0,85.02,84.84,84.97,21221.249
2025-06-25 07:00:00,84.97,85.38,84.86,85.35,25735.298
2025-06-25 07:30:00,85.34,85.44,85.0,85.12,40118.276
2025-06-25 08:00:00,85.13,85.23,84.8,84.86,23087.986
2025-06-25 08:30:00,84.86,85.05,84.63,84.97,30868.626
2025-06-25 09:00:00,84.97,85.05,84.75,84.96,28665.179
2025-06-25 09:30:00,84.96,84.99,84.26,84.54,45995.733
2025-06-25 10:00:00,84.53,84.84,84.3,84.82,30957.588
2025-06-25 10:30:00,84.82,84.85,84.38,84.46,28324.912
2025-06-25 11:00:00,84.45,84.49,83.9,84.33,57747.767
2025-06-25 11:30:00,84.32,84.42,84.27,84.38,17723.082
2025-06-25 12:00:00,84.39,84.55,84.09,84.44,37822.867
2025-06-25 12:30:00,84.45,84.91,84.38,84.59,41980.263
2025-06-25 13:00:00,84.58,85.31,84.53,85.28,95471.337
2025-06-25 13:30:00,85.28,85.31,84.76,85.1,64717.608
2025-06-25 14:00:00,85.1,85.22,84.02,84.52,93997.529
2025-06-25 14:30:00,84.52,85.11,84.37,84.75,60708.181
2025-06-25 15:00:00,84.74,84.74,83.9,84.38,71180.192
2025-06-25 15:30:00,84.38,84.5,83.96,84.1,48423.758
2025-06-25 16:00:00,84.1,84.46,84.06,84.35,42534.443
2025-06-25 16:30:00,84.36,84.41,83.94,84.09,23151.99
2025-06-25 17:00:00,84.08,84.81,83.93,84.59,35351.296
2025-06-25 17:30:00,84.59,84.63,84.15,84.48,24750.452
2025-06-25 18:00:00,84.48,84.58,84.29,84.41,12062.677
2025-06-25 18:30:00,84.41,84.59,84.25,84.48,13745.498
2025-06-25 19:00:00,84.48,84.92,84.45,84.88,28651.704
2025-06-25 19:30:00,84.87,84.87,84.5,84.79,26988.826
2025-06-25 20:00:00,84.78,84.85,84.61,84.83,19489.809
2025-06-25 20:30:00,84.83,84.89,84.63,84.85,18858.792
2025-06-25 21:00:00,84.84,85.14,84.54,84.55,29369.454
2025-06-25 21:30:00,84.56,84.64,84.31,84.42,18699.325
2025-06-25 22:00:00,84.43,84.6,84.22,84.39,20651.296
2025-06-25 22:30:00,84.4,84.41,84.13,84.26,16456.098
2025-06-25 23:00:00,84.26,84.5,84.0,84.28,20384.765
2025-06-25 23:30:00,84.28,84.65,84.25,84.62,18617.236
2025-06-26 00:00:00,84.62,85.0,84.45,84.86,26221.71
2025-06-26 00:30:00,84.86,85.05,84.74,84.9,18615.942
2025-06-26 01:00:00,84.89,85.15,84.6,85.14,32892.719
2025-06-26 01:30:00,85.14,85.52,84.85,84.96,66896.56
2025-06-26 02:00:00,84.97,85.18,84.93,84.99,21966.222
2025-06-26 02:30:00,84.99,85.27,84.76,85.2,33805.436
2025-06-26 03:00:00,85.19,85.68,84.94,84.97,54166.666
2025-06-26 03:30:00,84.98,85.21,84.92,85.12,19787.66
2025-06-26 04:00:00,85.13,85.24,84.83,84.94,23800.236
2025-06-26 04:30:00,84.94,85.06,84.63,84.93,23944.292
2025-06-26 05:00:00,84.93,84.97,84.69,84.77,21305.373
2025-06-26 05:30:00,84.76,85.05,84.63,85.04,13613.829
2025-06-26 06:00:00,85.04,85.48,84.94,85.35,28714.643
2025-06-26 06:30:00,85.34,85.42,85.1,85.31,29584.724
2025-06-26 07:00:00,85.32,85.64,85.31,85.57,29550.991
2025-06-26 07:30:00,85.57,85.72,85.39,85.46,25889.206
2025-06-26 08:00:00,85.45,85.74,85.42,85.7,28482.476
2025-06-26 08:30:00,85.69,85.91,85.39,85.4,39440.636
2025-06-26 09:00:00,85.39,85.59,85.09,85.46,54951.451
2025-06-26 09:30:00,85.46,85.61,84.97,85.15,65246.175
2025-06-26 10:00:00,85.15,85.41,85.01,85.35,45868.914
2025-06-26 10:30:00,85.34,85.44,85.11,85.33,28279.978
2025-06-26 11:00:00,85.33,85.38,85.01,85.04,27016.222
2025-06-26 11:30:00,85.03,85.09,84.84,84.89,21774.986
2025-06-26 12:00:00,84.88,85.0,84.71,84.9,34279.434
2025-06-26 12:30:00,84.9,84.99,84.33,84.44,40392.332
2025-06-26 13:00:00,84.44,84.58,84.21,84.37,53784.945
2025-06-26 13:30:00,84.38,84.61,84.01,84.17,52099.504
2025-06-26 14:00:00,84.16,84.39,83.72,84.34,57248.091
2025-06-26 14:30:00,84.34,85.11,84.3,85.09,69890.18
2025-06-26 15:00:00,85.1,85.34,84.29,84.35,85938.609
2025-06-26 15:30:00,84.35,84.78,83.94,84.71,42449.356
2025-06-26 16:00:00,84.72,84.83,84.22,84.32,33081.665
2025-06-26 16:30:00,84.33,84.45,84.01,84.16,26671.061
2025-06-26 17:00:00,84.16,84.62,84.12,84.47,26861.785
2025-06-26 17:30:00,84.48,84.55,84.16,84.19,11839.561
2025-06-26 18:00:00,84.2,84.66,84.11,84.17,28378.316
2025-06-26 18:30:00,84.17,84.4,83.99,84.33,21672.843
2025-06-26 19:00:00,84.33,84.69,84.24,84.67,27284.458
2025-06-26 19:30:00,84.68,85.17,84.68,84.94,41085.483
2025-06-26 20:00:00,84.94,85.33,84.83,85.22,60072.983
2025-06-26 20:30:00,85.23,85.5,85.16,85.21,46024.876
2025-06-26 21:00:00,85.21,85.29,84.58,84.88,58316.963
2025-06-26 21:30:00,84.89,84.99,84.24,84.56,36173.81
2025-06-26 22:00:00,84.55,84.78,84.38,84.52,22206.54
2025-06-26 22:30:00,84.52,84.58,84.23,84.28,17599.504
2025-06-26 23:00:00,84.28,84.32,84.03,84.24,31014.323
2025-06-26 23:30:00,84.23,84.38,84.17,84.21,23150.81
2025-06-27 00:00:00,84.21,84.53,84.18,84.5,22004.187
2025-06-27 00:30:00,84.51,84.54,83.75,83.84,52167.403
2025-06-27 01:00:00,83.84,84.58,83.45,84.44,61010.903
2025-06-27 01:30:00,84.43,85.09,84.38,84.99,42422.201
2025-06-27 02:00:00,85.0,85.62,84.93,85.46,50163.524
2025-06-27 02:30:00,85.46,85.52,84.94,85.01,38287.78
2025-06-27 03:00:00,85.01,85.48,84.83,85.35,62461.295
2025-06-27 03:30:00,85.35,85.52,85.28,85.33,24147.618
2025-06-27 04:00:00,85.33,85.37,85.07,85.26,20552.831
2025-06-27 04:30:00,85.26,85.52,85.22,85.38,21026.88
2025-06-27 05:00:00,85.38,85.42,84.9,84.9,27197.781
2025-06-27 05:30:00,84.91,84.95,84.67,84.74,22214.675
2025-06-27 06:00:00,84.73,84.93,84.62,84.84,22109.151
2025-06-27 06:30:00,84.84,85.17,84.79,85.04,17642.132
2025-06-27 07:00:00,85.04,85.23,84.86,84.98,18868.741
2025-06-27 07:30:00,84.97,84.98,84.51,84.61,28733.838
2025-06-27 08:00:00,84.61,84.75,84.48,84.61,31135.445
2025-06-27 08:30:00,84.6,84.82,84.26,84.51,37073.011
2025-06-27 09:00:00,84.51,84.59,84.15,84.21,39269.703
2025-06-27 09:30:00,84.21,84.57,84.21,84.53,21410.973
2025-06-27 10:00:00,84.53,84.59,84.32,84.54,37199.645
2025-06-27 10:30:00,84.54,84.64,84.43,84.44,17579.549
2025-06-27 11:00:00,84.44,84.61,84.19,84.21,22843.351
2025-06-27 11:30:00,84.21,84.38,84.18,84.35,12577.405
2025-06-27 12:00:00,84.35,84.64,84.28,84.59,20544.41
2025-06-27 12:30:00,84.59,84.59,83.87,83.98,48418.347
2025-06-27 13:00:00,83.97,84.16,83.76,83.81,40149.032
2025-06-27 13:30:00,83.8,84.08,83.4,83.83,79950.552
2025-06-27 14:00:00,83.83,84.17,83.32,83.38,69601.883
2025-06-27 14:30:00,83.37,83.68,83.25,83.44,52155.696
2025-06-27 15:00:00,83.43,83.84,83.33,83.82,45271.568
2025-06-27 15:30:00,83.81,84.38,83.7,84.24,55725.562
2025-06-27 16:00:00,84.24,84.37,83.98,84.37,27538.623
2025-06-27 16:30:00,84.36,84.93,84.35,84.48,54869.303
2025-06-27 17:00:00,84.48,84.55,83.89,83.94,29423.376
2025-06-27 17:30:00,83.94,83.99,83.21,83.48,78854.321
2025-06-27 18:00:00,83.47,83.65,83.22,83.29,32311.667
2025-06-27 18:30:00,83.29,83.42,83.11,83.42,33740.266
2025-06-27 19:00:00,83.41,83.93,83.32,83.9,38851.206
2025-06-27 19:30:00,83.9,84.19,83.82,84.06,27772.088
2025-06-27 20:00:00,84.06,84.39,83.94,84.38,28309.793
2025-06-27 20:30:00,84.38,84.68,84.37,84.68,40475.308
2025-06-27 21:00:00,84.68,84.93,84.47,84.93,34527.708
2025-06-27 21:30:00,84.93,85.1,84.76,84.95,31136.659
2025-06-27 22:00:00,84.95,85.26,84.91,85.1,39441.512
2025-06-27 22:30:00,85.1,85.1,84.91,84.93,17116.039
2025-06-27 23:00:00,84.93,84.98,84.67,84.69,19629.25
2025-06-27 23:30:00,84.69,84.8,84.66,84.79,9373.927
2025-06-28 00:00:00,84.78,85.03,84.68,84.99,15834.198
2025-06-28 00:30:00,84.98,85.01,84.78,84.86,13810.034
2025-06-28 01:00:00,84.86,84.9,84.56,84.64,21315.171
2025-06-28 01:30:00,84.63,85.08,84.49,84.99,17031.499
2025-06-28 02:00:00,85.0,85.2,84.96,85.2,16385.009
2025-06-28 02:30:00,85.19,85.22,85.02,85.04,13670.34
2025-06-28 03:00:00,85.04,85.18,84.95,85.12,12106.46
2025-06-28 03:30:00,85.12,85.17,85.08,85.09,10181.818
2025-06-28 04:00:00,85.09,85.3,85.03,85.26,22220.758
2025-06-28 04:30:00,85.26,85.29,84.99,85.07,14640.799
2025-06-28 05:00:00,85.06,85.33,85.06,85.14,16607.397
2025-06-28 05:30:00,85.14,85.18,85.0,85.08,14721.505
2025-06-28 06:00:00,85.08,85.59,85.08,85.55,33048.118
2025-06-28 06:30:00,85.54,85.56,85.3,85.47,13216.299
2025-06-28 07:00:00,85.48,85.51,85.26,85.4,20988.979
2025-06-28 07:30:00,85.4,85.45,85.28,85.31,17137.062
2025-06-28 08:00:00,85.31,85.38,85.12,85.17,14338.891
2025-06-28 08:30:00,85.17,85.2,85.07,85.19,12911.793
2025-06-28 09:00:00,85.2,85.24,85.0,85.16,16551.397
2025-06-28 09:30:00,85.16,85.51,85.16,85.45,23681.64
2025-06-28 10:00:00,85.45,85.78,85.45,85.76,30520.016
2025-06-28 10:30:00,85.75,85.77,85.57,85.62,14104.925
2025-06-28 11:00:00,85.62,85.73,85.43,85.44,16301.556
2025-06-28 11:30:00,85.44,85.46,85.3,85.37,13816.58
2025-06-28 12:00:00,85.36,85.45,85.18,85.26,16732.443
2025-06-28 12:30:00,85.26,85.55,85.25,85.43,21686.488
2025-06-28 13:00:00,85.43,85.63,85.31,85.34,30463.672
2025-06-28 13:30:00,85.33,85.58,85.2,85.5,23897.846
2025-06-28 14:00:00,85.5,85.8,85.5,85.76,23765.754
2025-06-28 14:30:00,85.76,85.77,85.57,85.7,20161.236
2025-06-28 15:00:00,85.71,85.85,85.66,85.73,24790.539
2025-06-28 15:30:00,85.74,86.6,85.73,86.46,89690.78
2025-06-28 16:00:00,86.46,86.97,86.4,86.92,91341.854
2025-06-28 16:30:00,86.93,87.18,86.6,86.7,56726.123
2025-06-28 17:00:00,86.69,86.95,86.66,86.94,37200.798
2025-06-28 17:30:00,86.94,87.22,86.86,87.16,39523.498
2025-06-28 18:00:00,87.16,87.33,86.89,87.03,44053.591
2025-06-28 18:30:00,87.03,87.08,86.74,86.84,27596.142
2025-06-28 19:00:00,86.84,86.85,86.61,86.64,22002.132
2025-06-28 19:30:00,86.64,86.64,86.27,86.33,33104.594
2025-06-28 20:00:00,86.33,86.36,86.02,86.1,34900.777
2025-06-28 20:30:00,86.1,86.2,85.84,85.87,22679.643
2025-06-28 21:00:00,85.87,86.07,85.81,86.05,24098.353
2025-06-28 21:30:00,86.05,86.26,85.96,86.24,12646.431
2025-06-28 22:00:00,86.23,86.4,86.12,86.36,21096.547
2025-06-28 22:30:00,86.35,86.37,86.09,86.2,16406.202
2025-06-28 23:00:00,86.19,86.26,86.07,86.19,14143.363
2025-06-28 23:30:00,86.19,86.3,86.11,86.27,13592.888
2025-06-29 00:00:00,86.26,86.5,86.18,86.38,16510.686
2025-06-29 00:30:00,86.38,86.48,86.27,86.38,14728.006
2025-06-29 01:00:00,86.38,86.39,86.14,86.15,12038.064
2025-06-29 01:30:00,86.16,86.19,85.91,85.96,17276.648
2025-06-29 02:00:00,85.96,85.99,85.81,85.93,21552.766
2025-06-29 02:30:00,85.93,86.31,85.89,86.21,16067.129
2025-06-29 03:00:00,86.21,86.72,86.18,86.6,35677.933
2025-06-29 03:30:00,86.6,86.61,86.34,86.39,14376.933
2025-06-29 04:00:00,86.38,86.44,86.17,86.37,19751.007
2025-06-29 04:30:00,86.37,86.41,86.22,86.22,19338.609
2025-06-29 05:00:00,86.23,86.37,86.13,86.16,11439.615
2025-06-29 05:30:00,86.16,86.48,86.13,86.42,9168.691
2025-06-29 06:00:00,86.42,86.61,86.35,86.55,21676.125
2025-06-29 06:30:00,86.55,86.76,86.47,86.71,25394.023
2025-06-29 07:00:00,86.72,86.8,86.55,86.74,24644.231
2025-06-29 07:30:00,86.75,86.75,86.4,86.68,19193.717
2025-06-29 08:00:00,86.69,86.84,86.68,86.76,17038.271
2025-06-29 08:30:00,86.76,86.89,86.71,86.78,17405.858
2025-06-29 09:00:00,86.78,86.87,86.57,86.71,34066.645
2025-06-29 09:30:00,86.72,86.89,86.66,86.7,23295.235
2025-06-29 10:00:00,86.71,86.8,86.59,86.62,22183.676
2025-06-29 10:30:00,86.63,86.84,86.51,86.78,20090.699
2025-06-29 11:00:00,86.77,86.85,86.52,86.55,13648.615
2025-06-29 11:30:00,86.56,86.78,86.55,86.73,22676.727
2025-06-29 12:00:00,86.73,86.75,86.46,86.59,18348.189
2025-06-29 12:30:00,86.59,86.73,86.47,86.67,15949.634
2025-06-29 13:00:00,86.67,86.75,86.57,86.61,16286.361
2025-06-29 13:30:00,86.61,86.94,86.49,86.71,34387.358
2025-06-29 14:00:00,86.71,86.76,86.56,86.6,26655.168
2025-06-29 14:30:00,86.6,86.65,86.2,86.49,42780.106
2025-06-29 15:00:00,86.5,86.64,86.35,86.58,25893.248
2025-06-29 15:30:00,86.59,86.95,86.48,86.58,34860.085
2025-06-29 16:00:00,86.57,86.72,86.3,86.36,19865.06
2025-06-29 16:30:00,86.35,86.72,86.29,86.69,14004.018
2025-06-29 17:00:00,86.69,86.84,86.64,86.67,16004.325
2025-06-29 17:30:00,86.66,86.68,86.48,86.61,10293.168
2025-06-29 18:00:00,86.6,86.7,86.55,86.67,8475.202
2025-06-29 18:30:00,86.66,86.77,86.58,86.74,7642.334
2025-06-29 19:00:00,86.73,87.03,86.68,87.01,16482.969
2025-06-29 19:30:00,87.01,87.01,86.77,86.8,11278.472
2025-06-29 20:00:00,86.8,86.81,86.59,86.61,9102.559
2025-06-29 20:30:00,86.61,86.66,86.54,86.62,11593.01
2025-06-29 21:00:00,86.62,86.74,86.23,86.73,22371.007
2025-06-29 21:30:00,86.73,86.83,86.62,86.79,12582.395
2025-06-29 22:00:00,86.79,88.16,86.77,88.16,99894.186
2025-06-29 22:30:00,88.17,88.4,87.8,88.14,99271.965
2025-06-29 23:00:00,88.15,88.46,87.81,88.13,44939.838
2025-06-29 23:30:00,88.14,88.15,87.81,87.92,24805.387
2025-06-30 00:00:00,87.93,88.31,87.83,88.22,45359.482
2025-06-30 00:30:00,88.22,88.23,87.85,88.01,51153.901
2025-06-30 01:00:00,88.01,88.04,87.66,87.77,31296.029
2025-06-30 01:30:00,87.77,88.16,87.66,87.93,25179.184
2025-06-30 02:00:00,87.94,87.99,87.62,87.63,20313.774
2025-06-30 02:30:00,87.63,87.72,87.44,87.51,19824.939
2025-06-30 03:00:00,87.51,87.69,87.26,87.29,34435.504
2025-06-30 03:30:00,87.29,87.49,87.28,87.33,14088.016
2025-06-30 04:00:00,87.33,87.58,87.03,87.1,31154.742
2025-06-30 04:30:00,87.09,87.26,87.05,87.19,13919.184
2025-06-30 05:00:00,87.19,87.26,86.89,86.93,20467.03
2025-06-30 05:30:00,86.92,87.08,86.87,87.03,18030.236
2025-06-30 06:00:00,87.03,87.08,86.47,86.65,63930.882
2025-06-30 06:30:00,86.65,86.78,85.82,86.18,62974.704
2025-06-30 07:00:00,86.18,86.48,86.03,86.44,42623.799
2025-06-30 07:30:00,86.44,86.54,86.36,86.42,23417.905
2025-06-30 08:00:00,86.42,86.55,85.97,86.2,66153.58
2025-06-30 08:30:00,86.2,86.23,85.62,85.72,66429.886
2025-06-30 09:00:00,85.73,86.04,85.68,85.98,25123.871
2025-06-30 09:30:00,85.97,86.0,85.53,85.57,27624.99
2025-06-30 10:00:00,85.57,85.75,85.51,85.65,25081.374
2025-06-30 10:30:00,85.65,85.66,85.35,85.56,37290.734
2025-06-30 11:00:00,85.56,85.7,85.48,85.57,28675.252
2025-06-30 11:30:00,85.56,85.77,85.4,85.46,16636.65
2025-06-30 12:00:00,85.45,85.6,85.38,85.45,18584.354
2025-06-30 12:30:00,85.45,85.53,85.23,85.39,39272.744
2025-06-30 13:00:00,85.38,86.0,85.32,85.96,48473.529
2025-06-30 13:30:00,85.96,85.97,85.26,85.3,46347.481
2025-06-30 14:00:00,85.31,85.48,84.94,85.42,66478.61
2025-06-30 14:30:00,85.42,85.48,84.67,84.89,107089.007
2025-06-30 15:00:00,84.89,85.52,84.69,85.48,65201.002
2025-06-30 15:30:00,85.48,86.21,85.14,85.9,107315.711
2025-06-30 16:00:00,85.89,86.26,85.73,85.81,48570.099
2025-06-30 16:30:00,85.81,86.09,85.68,86.0,21943.142
2025-06-30 17:00:00,85.99,86.19,85.89,86.18,24546.705
2025-06-30 17:30:00,86.18,86.27,85.89,85.97,42915.779
2025-06-30 18:00:00,85.97,86.26,85.86,86.14,28300.764
2025-06-30 18:30:00,86.13,86.23,85.85,86.01,32211.302
2025-06-30 19:00:00,86.01,86.79,85.97,86.77,54345.484
2025-06-30 19:30:00,86.78,87.11,86.57,87.04,49285.034
2025-06-30 20:00:00,87.03,87.05,86.55,86.66,42071.977
2025-06-30 20:30:00,86.67,86.77,86.4,86.45,28758.729
2025-06-30 21:00:00,86.45,87.08,86.34,86.82,95936.456
2025-06-30 21:30:00,86.84,87.05,86.59,86.84,29689.757
2025-06-30 22:00:00,86.83,87.05,86.65,86.76,42453.748
2025-06-30 22:30:00,86.77,86.92,86.36,86.36,38916.545
2025-06-30 23:00:00,86.37,86.45,86.02,86.11,33524.34
2025-06-30 23:30:00,86.12,86.21,85.84,85.96,37927.474
2025-07-01 00:00:00,85.96,86.32,85.77,85.84,49700.206
2025-07-01 00:30:00,85.84,86.2,85.67,86.17,32347.962
2025-07-01 01:00:00,86.17,86.79,86.13,86.6,38538.998
2025-07-01 01:30:00,86.6,86.74,86.25,86.38,21123.311
2025-07-01 02:00:00,86.38,86.62,86.24,86.57,20571.227
2025-07-01 02:30:00,86.57,86.63,86.0,86.1,30195.004
2025-07-01 03:00:00,86.09,86.45,86.07,86.44,19616.009
2025-07-01 03:30:00,86.44,86.61,86.37,86.61,15669.515
2025-07-01 04:00:00,86.61,86.67,86.37,86.47,30133.657
2025-07-01 04:30:00,86.46,86.47,85.84,85.87,38097.811
2025-07-01 05:00:00,85.87,86.06,85.52,85.61,47203.357
2025-07-01 05:30:00,85.6,85.98,85.56,85.87,20956.588
2025-07-01 06:00:00,85.86,85.86,85.6,85.67,19594.061
2025-07-01 06:30:00,85.66,86.06,85.63,86.0,14376.602
2025-07-01 07:00:00,85.99,86.26,85.54,86.23,47037.259
2025-07-01 07:30:00,86.24,86.65,86.19,86.62,44358.291
2025-07-01 08:00:00,86.61,86.62,86.3,86.3,30139.032
2025-07-01 08:30:00,86.31,86.4,86.08,86.09,26530.21
2025-07-01 09:00:00,86.1,86.41,86.06,86.06,22187.767
2025-07-01 09:30:00,86.06,86.07,85.74,85.77,37438.131
2025-07-01 10:00:00,85.77,85.92,85.58,85.58,26104.191
2025-07-01 10:30:00,85.58,85.61,85.28,85.6,33576.102
2025-07-01 11:00:00,85.6,85.68,85.23,85.41,27407.811
2025-07-01 11:30:00,85.41,85.67,85.37,85.65,22498.415
2025-07-01 12:00:00,85.65,85.65,85.23,85.33,23192.123
2025-07-01 12:30:00,85.33,85.37,85.05,85.15,33964.951
2025-07-01 13:00:00,85.15,85.25,84.93,85.18,33056.155
2025-07-01 13:30:00,85.18,85.58,84.8,85.53,48874.933
2025-07-01 14:00:00,85.54,85.83,84.97,85.11,47614.039
2025-07-01 14:30:00,85.1,85.23,84.26,84.49,95460.33
2025-07-01 15:00:00,84.48,84.53,84.15,84.32,51446.853
2025-07-01 15:30:00,84.32,84.56,84.07,84.31,39074.674
2025-07-01 16:00:00,84.3,84.6,84.16,84.33,34948.436
2025-07-01 16:30:00,84.32,84.44,84.11,84.32,26841.155
2025-07-01 17:00:00,84.32,84.55,84.04,84.41,26284.611
2025-07-01 17:30:00,84.41,84.56,84.26,84.31,18360.961
2025-07-01 18:00:00,84.31,84.38,84.06,84.09,26240.8
2025-07-01 18:30:00,84.08,84.25,83.62,83.75,48891.801
2025-07-01 19:00:00,83.74,84.21,83.62,84.11,38811.958
2025-07-01 19:30:00,84.11,84.12,83.8,83.82,29302.124
2025-07-01 20:00:00,83.82,83.87,83.17,83.42,98879.369
2025-07-01 20:30:00,83.42,83.69,83.32,83.33,38324.217
2025-07-01 21:00:00,83.32,83.6,82.91,83.34,54152.619
2025-07-01 21:30:00,83.35,83.36,82.54,82.82,79824.884
2025-07-01 22:00:00,82.81,82.81,82.32,82.55,84912.266
2025-07-01 22:30:00,82.54,82.95,82.45,82.73,29854.105
2025-07-01 23:00:00,82.73,82.88,82.55,82.86,29753.783
2025-07-01 23:30:00,82.87,83.22,82.86,83.16,32893.765
2025-07-02 00:00:00,83.17,83.34,83.03,83.27,25305.695
2025-07-02 00:30:00,83.27,83.41,83.17,83.28,41093.345
2025-07-02 01:00:00,83.28,83.77,82.89,83.66,44916.95
2025-07-02 01:30:00,83.66,83.89,83.61,83.76,22404.222
2025-07-02 02:00:00,83.77,83.81,83.5,83.63,26693.718
2025-07-02 02:30:00,83.62,83.65,83.3,83.52,21353.532
2025-07-02 03:00:00,83.52,83.82,83.45,83.8,25098.654
2025-07-02 03:30:00,83.8,83.84,83.64,83.75,17624.841
2025-07-02 04:00:00,83.75,84.02,83.62,83.94,25034.712
2025-07-02 04:30:00,83.94,84.15,83.73,84.09,21872.393
2025-07-02 05:00:00,84.08,84.27,83.98,84.12,31791.5
2025-07-02 05:30:00,84.11,84.25,84.05,84.16,18564.941
2025-07-02 06:00:00,84.16,84.3,83.96,83.98,21795.48
2025-07-02 06:30:00,83.99,84.31,83.98,84.27,22544.331
2025-07-02 07:00:00,84.26,84.27,83.87,83.88,26115.978
2025-07-02 07:30:00,83.87,84.18,83.86,84.04,33949.472
2025-07-02 08:00:00,84.04,84.33,84.03,84.16,31648.076
2025-07-02 08:30:00,84.15,84.29,84.0,84.23,20773.118
2025-07-02 09:00:00,84.23,84.27,83.94,84.02,29211.417
2025-07-02 09:30:00,84.01,84.08,83.91,83.99,18398.599
2025-07-02 10:00:00,83.99,84.07,83.89,84.04,16124.704
2025-07-02 10:30:00,84.03,84.25,84.03,84.23,17888.235
2025-07-02 11:00:00,84.24,84.48,84.18,84.32,31733.939
2025-07-02 11:30:00,84.31,84.33,84.05,84.19,41340.412
2025-07-02 12:00:00,84.18,84.32,84.04,84.11,26804.386
2025-07-02 12:30:00,84.11,84.22,83.87,84.22,23968.924
2025-07-02 13:00:00,84.23,84.52,84.1,84.49,30994.761
2025-07-02 13:30:00,84.49,85.01,84.43,84.83,49341.101
2025-07-02 14:00:00,84.83,85.72,84.8,85.56,116343.579
2025-07-02 14:30:00,85.57,85.74,85.38,85.55,58996.932
2025-07-02 15:00:00,85.55,86.19,85.5,86.03,77599.795
2025-07-02 15:30:00,86.02,86.18,85.85,86.12,34726.106
2025-07-02 16:00:00,86.12,87.74,86.07,87.4,226287.674
2025-07-02 16:30:00,87.4,87.94,87.24,87.67,108949.454
2025-07-02 17:00:00,87.67,87.96,87.41,87.56,87533.999
2025-07-02 17:30:00,87.55,87.56,86.77,87.27,83025.412
2025-07-02 18:00:00,87.28,87.69,87.28,87.38,41185.592
2025-07-02 18:30:00,87.39,87.52,87.32,87.49,24009.263
2025-07-02 19:00:00,87.5,87.66,87.18,87.64,38931.962
2025-07-02 19:30:00,87.63,87.94,87.36,87.92,59858.563
2025-07-02 20:00:00,87.93,88.65,87.69,88.34,104708.581
2025-07-02 20:30:00,88.35,88.39,87.79,87.81,42763.551
2025-07-02 21:00:00,87.8,88.17,87.66,87.72,33057.515
2025-07-02 21:30:00,87.71,88.05,87.67,87.98,31162.769
2025-07-02 22:00:00,87.99,88.13,87.79,87.93,20392.145
2025-07-02 22:30:00,87.94,88.17,87.8,87.83,22514.5
2025-07-02 23:00:00,87.83,87.87,87.48,87.6,24779.089
2025-07-02 23:30:00,87.6,87.65,87.21,87.3,39746.75
2025-07-03 00:00:00,87.29,87.59,87.09,87.31,44733.243
2025-07-03 00:30:00,87.32,87.56,87.13,87.37,20862.216
2025-07-03 01:00:00,87.37,87.56,87.08,87.49,22430.17
2025-07-03 01:30:00,87.49,87.55,87.31,87.42,13195.436
2025-07-03 02:00:00,87.43,87.46,87.03,87.05,25933.24
2025-07-03 02:30:00,87.05,87.73,86.87,87.72,67376.894
2025-07-03 03:00:00,87.72,88.24,87.52,88.16,88519.759
2025-07-03 03:30:00,88.17,88.51,87.97,87.97,68331.268
2025-07-03 04:00:00,87.98,88.7,87.91,88.55,86790.177
2025-07-03 04:30:00,88.56,88.73,88.3,88.45,52352.867
2025-07-03 05:00:00,88.44,89.06,88.37,88.97,87233.931
2025-07-03 05:30:00,88.97,89.77,88.97,89.73,108291.325
2025-07-03 06:00:00,89.73,90.05,89.5,90.05,84311.333
2025-07-03 06:30:00,90.05,90.38,89.85,90.08,61034.719
2025-07-03 07:00:00,90.09,90.34,89.88,90.07,63208.685
2025-07-03 07:30:00,90.07,91.04,89.93,91.03,126819.107
2025-07-03 08:00:00,91.03,91.96,90.99,91.73,170959.325
2025-07-03 08:30:00,91.73,92.09,90.7,90.78,128557.084
2025-07-03 09:00:00,90.77,91.97,90.63,91.7,157933.973
2025-07-03 09:30:00,91.7,92.27,91.4,92.01,148060.199
2025-07-03 10:00:00,92.0,92.27,91.16,91.49,113134.717
2025-07-03 10:30:00,91.49,91.52,91.02,91.43,87288.374
2025-07-03 11:00:00,91.42,91.42,90.86,90.94,56387.143
2025-07-03 11:30:00,90.94,91.31,90.87,91.31,45745.931
2025-07-03 12:00:00,91.3,91.51,91.16,91.45,53879.301
2025-07-03 12:30:00,91.45,91.86,90.06,91.09,238230.785
2025-07-03 13:00:00,91.08,91.42,90.67,90.79,82762.199
2025-07-03 13:30:00,90.79,91.62,90.79,91.23,149900.642
2025-07-03 14:00:00,91.22,91.37,90.54,90.62,105694.68
2025-07-03 14:30:00,90.61,90.88,90.25,90.54,104555.013
2025-07-03 15:00:00,90.53,90.68,89.62,89.78,114312.313
2025-07-03 15:30:00,89.78,89.9,88.85,88.94,154891.566
2025-07-03 16:00:00,88.94,89.39,88.66,88.91,120085.122
2025-07-03 16:30:00,88.91,89.53,88.83,89.42,61487.733
2025-07-03 17:00:00,89.43,89.59,89.25,89.37,48674.513
2025-07-03 17:30:00,89.37,89.94,89.37,89.77,64340.866
2025-07-03 18:00:00,89.77,89.97,89.55,89.95,32004.276
2025-07-03 18:30:00,89.95,90.11,89.63,89.72,33717.422
2025-07-03 19:00:00,89.73,89.94,89.6,89.74,37142.256
2025-07-03 19:30:00,89.73,89.76,89.45,89.61,18540.092
2025-07-03 20:00:00,89.62,89.81,89.53,89.8,25220.93
2025-07-03 20:30:00,89.8,89.87,89.48,89.6,36553.64
2025-07-03 21:00:00,89.6,89.68,89.22,89.46,34302.451
2025-07-03 21:30:00,89.45,89.51,89.24,89.35,17055.372
2025-07-03 22:00:00,89.34,89.39,89.06,89.07,31207.22
2025-07-03 22:30:00,89.07,89.16,89.02,89.04,12944.767
2025-07-03 23:00:00,89.04,89.16,88.74,88.82,26535.291
2025-07-03 23:30:00,88.82,89.06,88.82,89.05,19845.988
2025-07-04 00:00:00,89.04,89.3,88.68,88.71,48607.299
2025-07-04 00:30:00,88.7,88.76,88.02,88.28,142445.592
2025-07-04 01:00:00,88.27,88.74,88.14,88.74,98815.232
2025-07-04 01:30:00,88.73,88.95,88.54,88.58,37561.19
2025-07-04 02:00:00,88.58,88.59,88.25,88.42,35287.357
2025-07-04 02:30:00,88.43,88.52,88.08,88.27,48963.518
2025-07-04 03:00:00,88.28,88.7,88.14,88.69,33111.242
2025-07-04 03:30:00,88.7,88.81,88.56,88.71,24483.556
2025-07-04 04:00:00,88.71,88.72,88.35,88.47,27504.152
2025-07-04 04:30:00,88.47,88.5,88.17,88.31,28503.063
2025-07-04 05:00:00,88.31,88.81,88.3,88.77,33178.128
2025-07-04 05:30:00,88.77,89.17,88.73,88.8,44414.465
2025-07-04 06:00:00,88.8,88.86,88.2,88.37,85862.543
2025-07-04 06:30:00,88.35,88.57,87.43,87.53,141188.546
2025-07-04 07:00:00,87.53,87.87,87.05,87.36,105232.147
2025-07-04 07:30:00,87.35,87.65,87.12,87.22,68846.119
2025-07-04 08:00:00,87.24,87.61,86.96,87.58,75427.108
2025-07-04 08:30:00,87.58,87.78,87.47,87.65,38434.942
2025-07-04 09:00:00,87.64,87.96,87.57,87.87,45295.916
2025-07-04 09:30:00,87.87,87.9,87.59,87.77,31718.192
2025-07-04 10:00:00,87.77,88.06,87.71,87.87,32942.099
2025-07-04 10:30:00,87.87,88.06,87.75,88.01,21941.892
2025-07-04 11:00:00,88.01,88.61,88.0,88.41,62178.407
2025-07-04 11:30:00,88.42,88.43,87.94,88.1,27457.446
2025-07-04 12:00:00,88.1,88.28,87.83,87.88,59334.822
2025-07-04 12:30:00,87.88,88.11,87.72,87.96,42120.044
2025-07-04 13:00:00,87.96,88.6,87.81,87.84,67064.882
2025-07-04 13:30:00,87.84,87.89,87.28,87.29,78412.102
2025-07-04 14:00:00,87.29,87.55,86.7,87.45,110942.695
2025-07-04 14:30:00,87.46,87.49,86.98,87.13,57791.415
2025-07-04 15:00:00,87.13,87.28,86.31,86.51,111172.005
2025-07-04 15:30:00,86.51,86.76,86.22,86.58,61165.358
2025-07-04 16:00:00,86.57,86.64,85.61,85.93,105747.654
2025-07-04 16:30:00,85.92,86.72,85.72,86.65,122131.429
2025-07-04 17:00:00,86.65,86.97,86.58,86.78,71205.722
2025-07-04 17:30:00,86.78,87.3,86.7,87.21,35491.759
2025-07-04 18:00:00,87.21,87.21,86.76,86.93,27333.969
2025-07-04 18:30:00,86.93,87.08,86.39,86.46,43316.704
2025-07-04 19:00:00,86.46,86.77,85.98,86.0,71590.252
2025-07-04 19:30:00,86.01,86.37,86.0,86.33,39781.438
2025-07-04 20:00:00,86.32,86.71,86.23,86.53,27647.711
2025-07-04 20:30:00,86.53,86.59,86.4,86.49,17965.701
2025-07-04 21:00:00,86.5,86.52,86.2,86.52,21677.537
2025-07-04 21:30:00,86.52,86.61,86.2,86.51,10094.762
2025-07-04 22:00:00,86.5,86.86,86.32,86.8,28914.816
2025-07-04 22:30:00,86.8,87.06,86.79,86.98,21252.584
2025-07-04 23:00:00,86.99,86.99,86.66,86.8,18829.142
2025-07-04 23:30:00,86.8,86.88,86.55,86.78,17909.127
2025-07-05 00:00:00,86.78,87.05,86.56,86.94,27395.841
2025-07-05 00:30:00,86.95,86.98,86.58,86.75,21496.521
2025-07-05 01:00:00,86.76,86.76,86.14,86.19,37456.186
2025-07-05 01:30:00,86.19,86.4,86.18,86.38,13901.218
2025-07-05 02:00:00,86.39,86.39,86.08,86.15,25183.368
2025-07-05 02:30:00,86.15,86.55,85.91,86.51,25144.824
2025-07-05 03:00:00,86.52,86.77,86.52,86.72,30591.805
2025-07-05 03:30:00,86.73,86.8,86.57,86.7,15798.242
2025-07-05 04:00:00,86.71,86.78,86.33,86.78,20300.716
2025-07-05 04:30:00,86.78,86.8,86.24,86.31,28416.944
2025-07-05 05:00:00,86.31,86.5,86.25,86.46,22218.832
2025-07-05 05:30:00,86.46,86.64,86.38,86.57,15282.573
2025-07-05 06:00:00,86.58,86.97,86.5,86.95,20434.677
2025-07-05 06:30:00,86.96,87.01,86.76,86.85,26887.976
2025-07-05 07:00:00,86.85,86.89,86.17,86.39,42907.485
2025-07-05 07:30:00,86.39,86.39,86.03,86.18,27464.401
2025-07-05 08:00:00,86.18,86.27,86.02,86.13,25093.119
2025-07-05 08:30:00,86.13,86.25,85.84,86.21,34663.925
2025-07-05 09:00:00,86.2,86.26,85.75,85.84,51102.306
2025-07-05 09:30:00,85.83,86.32,85.79,86.26,27820.107
2025-07-05 10:00:00,86.25,86.4,86.09,86.34,26189.374
2025-07-05 10:30:00,86.34,86.41,86.23,86.28,15278.721
2025-07-05 11:00:00,86.28,86.6,86.25,86.59,17185.546
2025-07-05 11:30:00,86.59,86.74,86.47,86.49,27747.149
2025-07-05 12:00:00,86.49,86.54,86.23,86.31,17690.521
2025-07-05 12:30:00,86.32,86.58,86.17,86.56,20236.234
2025-07-05 13:00:00,86.56,86.89,86.53,86.77,23032.229
2025-07-05 13:30:00,86.77,86.77,86.36,86.43,19198.623
2025-07-05 14:00:00,86.43,86.69,86.39,86.66,21077.502
2025-07-05 14:30:00,86.66,86.86,86.51,86.82,16928.989
2025-07-05 15:00:00,86.83,86.84,86.47,86.52,15458.109
2025-07-05 15:30:00,86.52,86.62,86.28,86.4,16906.203
2025-07-05 16:00:00,86.41,86.56,86.24,86.25,15211.498
2025-07-05 16:30:00,86.26,86.35,85.92,86.34,29972.534
2025-07-05 17:00:00,86.35,86.48,86.07,86.25,30996.726
2025-07-05 17:30:00,86.25,86.64,86.21,86.59,11356.781
2025-07-05 18:00:00,86.6,86.71,86.26,86.38,28327.444
2025-07-05 18:30:00,86.37,86.52,86.21,86.29,12446.463
2025-07-05 19:00:00,86.28,86.53,86.18,86.53,11338.4
2025-07-05 19:30:00,86.53,86.76,86.48,86.7,15514.986
2025-07-05 20:00:00,86.7,86.81,86.61,86.67,17322.804
2025-07-05 20:30:00,86.67,87.38,86.66,87.36,34638.854
2025-07-05 21:00:00,87.35,87.52,87.2,87.25,47792.342
2025-07-05 21:30:00,87.26,87.43,87.22,87.28,15863.899
2025-07-05 22:00:00,87.27,87.61,87.15,87.6,23206.416
2025-07-05 22:30:00,87.6,87.62,87.37,87.46,13848.272
2025-07-05 23:00:00,87.46,87.79,87.43,87.47,21832.587
2025-07-05 23:30:00,87.48,87.56,87.33,87.49,11073.227
2025-07-06 00:00:00,87.5,87.65,87.32,87.63,18676.168
2025-07-06 00:30:00,87.63,87.64,87.29,87.41,13645.504
2025-07-06 01:00:00,87.4,87.41,87.08,87.09,15053.919
2025-07-06 01:30:00,87.09,87.22,87.07,87.2,7280.431
2025-07-06 02:00:00,87.19,87.37,86.94,86.99,16424.512
2025-07-06 02:30:00,86.99,87.06,86.87,86.88,10326.476
2025-07-06 03:00:00,86.87,86.97,86.81,86.86,11114.131
2025-07-06 03:30:00,86.86,87.03,86.83,87.02,9923.63
2025-07-06 04:00:00,87.01,87.14,86.8,86.81,13279.425
2025-07-06 04:30:00,86.81,86.94,86.71,86.9,13891.544
2025-07-06 05:00:00,86.9,86.93,86.81,86.87,6927.255
2025-07-06 05:30:00,86.87,86.9,86.74,86.89,5716.895
2025-07-06 06:00:00,86.9,87.17,86.81,87.09,18291.238
2025-07-06 06:30:00,87.08,87.1,86.95,86.99,9252.412
2025-07-06 07:00:00,87.0,87.02,86.73,86.75,20444.031
2025-07-06 07:30:00,86.75,86.76,86.48,86.71,27469.406
2025-07-06 08:00:00,86.71,86.71,86.46,86.55,21586.402
2025-07-06 08:30:00,86.55,86.85,86.51,86.56,12532.626
2025-07-06 09:00:00,86.57,86.71,86.52,86.65,9758.173
2025-07-06 09:30:00,86.65,86.78,86.41,86.46,22645.61
2025-07-06 10:00:00,86.46,86.9,86.44,86.88,14857.69
2025-07-06 10:30:00,86.87,87.29,86.84,87.12,27168.441
2025-07-06 11:00:00,87.12,87.18,86.96,87.14,15467.322
2025-07-06 11:30:00,87.14,87.55,87.13,87.46,39547.279
2025-07-06 12:00:00,87.46,87.47,87.01,87.07,77237.596
2025-07-06 12:30:00,87.08,87.4,87.08,87.35,21820.144
2025-07-06 13:00:00,87.35,87.78,87.27,87.77,29990.137
2025-07-06 13:30:00,87.77,88.36,87.69,87.97,86804.169
2025-07-06 14:00:00,87.97,88.16,87.74,87.86,38836.662
2025-07-06 14:30:00,87.87,88.05,87.52,87.99,41350.472
2025-07-06 15:00:00,87.99,88.06,87.77,87.91,19862.776
2025-07-06 15:30:00,87.92,87.98,87.54,87.93,31514.005
2025-07-06 16:00:00,87.94,88.04,87.73,87.85,26941.113
2025-07-06 16:30:00,87.85,87.99,87.64,87.98,19670.318
2025-07-06 17:00:00,87.98,87.99,87.66,87.82,17291.16
2025-07-06 17:30:00,87.81,87.85,87.64,87.66,15443.27
2025-07-06 18:00:00,87.66,87.8,87.49,87.53,24449.99
2025-07-06 18:30:00,87.53,87.59,87.08,87.4,53529.554
2025-07-06 19:00:00,87.4,87.53,87.31,87.33,11599.117
2025-07-06 19:30:00,87.32,87.49,87.23,87.48,15734.843
2025-07-06 20:00:00,87.49,87.62,87.45,87.45,18295.433
2025-07-06 20:30:00,87.45,87.63,87.45,87.52,17834.846
2025-07-06 21:00:00,87.52,88.23,87.49,88.08,48588.477
2025-07-06 21:30:00,88.07,88.5,87.67,87.81,86465.078
2025-07-06 22:00:00,87.82,88.3,87.78,87.91,73648.755
2025-07-06 22:30:00,87.91,87.91,87.59,87.62,25797.921
2025-07-06 23:00:00,87.63,87.66,87.27,87.34,55837.04
2025-07-06 23:30:00,87.35,87.51,87.28,87.3,20074.621
2025-07-07 00:00:00,87.31,87.54,87.14,87.26,53061.988
2025-07-07 00:30:00,87.26,87.38,87.13,87.35,18128.496
2025-07-07 01:00:00,87.34,87.34,87.04,87.15,27853.061
2025-07-07 01:30:00,87.14,87.38,87.14,87.3,15345.152
2025-07-07 02:00:00,87.3,87.87,87.3,87.82,37806.686
2025-07-07 02:30:00,87.83,88.17,87.58,87.69,68764.974
2025-07-07 03:00:00,87.69,88.16,87.67,88.01,35482.23
2025-07-07 03:30:00,88.02,88.03,87.6,87.61,19179.927
2025-07-07 04:00:00,87.62,87.72,87.46,87.52,32956.124
2025-07-07 04:30:00,87.53,87.83,87.39,87.79,38243.661
2025-07-07 05:00:00,87.8,88.23,87.77,87.85,56697.915
2025-07-07 05:30:00,87.85,87.88,87.53,87.72,39093.196
2025-07-07 06:00:00,87.72,87.85,87.55,87.77,17402.684
2025-07-07 06:30:00,87.78,87.78,87.44,87.51,21538.736
2025-07-07 07:00:00,87.51,87.67,87.34,87.59,24180.124
2025-07-07 07:30:00,87.59,87.9,87.52,87.88,25777.953
2025-07-07 08:00:00,87.88,87.92,87.65,87.68,25556.035
2025-07-07 08:30:00,87.68,87.99,87.65,87.83,18283.193
2025-07-07 09:00:00,87.83,88.01,87.65,87.86,40810.146
2025-07-07 09:30:00,87.85,87.9,87.42,87.48,19285.743
2025-07-07 10:00:00,87.47,87.47,87.08,87.19,34543.117
2025-07-07 10:30:00,87.18,87.32,87.09,87.1,17790.302
2025-07-07 11:00:00,87.11,87.18,86.78,87.04,45473.835
2025-07-07 11:30:00,87.04,87.11,86.83,86.88,27090.758
2025-07-07 12:00:00,86.87,86.9,86.48,86.58,41749.714
2025-07-07 12:30:00,86.58,86.65,86.44,86.57,29125.18
2025-07-07 13:00:00,86.57,86.87,86.41,86.83,49641.39
2025-07-07 13:30:00,86.83,87.24,86.47,87.21,52614.585
2025-07-07 14:00:00,87.2,87.31,86.48,86.53,65689.579
2025-07-07 14:30:00,86.54,86.59,86.11,86.38,61707.853
2025-07-07 15:00:00,86.38,86.72,86.18,86.65,43496.16
2025-07-07 15:30:00,86.64,86.75,85.95,86.1,41148.344
2025-07-07 16:00:00,86.1,86.28,85.54,85.8,123049.933
2025-07-07 16:30:00,85.8,86.01,85.37,85.53,81642.037
2025-07-07 17:00:00,85.52,85.8,85.37,85.78,43308.85
2025-07-07 17:30:00,85.77,86.11,85.45,85.59,42144.885
2025-07-07 18:00:00,85.59,85.69,85.12,85.15,50351.272
2025-07-07 18:30:00,85.16,85.62,85.1,85.61,33624.458
2025-07-07 19:00:00,85.6,86.34,85.57,86.11,62817.013
2025-07-07 19:30:00,86.11,86.23,85.8,85.87,37605.056
2025-07-07 20:00:00,85.86,85.86,85.28,85.67,41924.66
2025-07-07 20:30:00,85.67,85.96,85.64,85.8,22199.46
2025-07-07 21:00:00,85.79,85.99,85.41,85.48,30013.945
2025-07-07 21:30:00,85.48,86.1,85.47,85.88,20527.799
2025-07-07 22:00:00,85.88,85.98,85.66,85.68,27955.336
2025-07-07 22:30:00,85.67,85.93,85.64,85.87,15049.136
2025-07-07 23:00:00,85.87,86.13,85.82,85.98,33759.764
2025-07-07 23:30:00,85.98,86.15,85.98,85.99,16584.199
2025-07-08 00:00:00,86.0,86.07,85.83,86.06,23040.487
2025-07-08 00:30:00,86.06,86.16,85.77,85.98,45990.861
2025-07-08 01:00:00,85.98,85.98,85.68,85.68,20759.712
2025-07-08 01:30:00,85.68,85.85,85.56,85.67,17578.667
2025-07-08 02:00:00,85.67,85.94,85.48,85.94,23955.657
2025-07-08 02:30:00,85.94,85.96,85.62,85.73,28284.117
2025-07-08 03:00:00,85.73,85.94,85.7,85.87,8588.576
2025-07-08 03:30:00,85.88,86.07,85.85,85.94,14951.17
2025-07-08 04:00:00,85.95,85.99,85.78,85.95,14056.149
2025-07-08 04:30:00,85.95,86.06,85.9,85.95,13448.203
2025-07-08 05:00:00,85.95,85.97,85.77,85.95,13735.178
2025-07-08 05:30:00,85.95,86.26,85.84,86.22,18778.927
2025-07-08 06:00:00,86.22,86.32,86.09,86.21,30237.807
2025-07-08 06:30:00,86.22,86.58,86.21,86.55,29380.637
2025-07-08 07:00:00,86.55,86.58,86.35,86.42,25149.561
2025-07-08 07:30:00,86.42,86.61,86.38,86.57,19401.288
2025-07-08 08:00:00,86.58,86.68,86.42,86.48,20959.782
2025-07-08 08:30:00,86.48,86.5,86.19,86.2,13928.808
2025-07-08 09:00:00,86.2,86.28,86.14,86.16,13298.415
2025-07-08 09:30:00,86.17,86.23,86.07,86.07,13009.78
2025-07-08 10:00:00,86.08,86.35,86.03,86.23,16238.534
2025-07-08 10:30:00,86.23,86.56,86.19,86.54,30765.508
2025-07-08 11:00:00,86.55,86.8,86.46,86.73,36208.358
2025-07-08 11:30:00,86.73,86.85,86.45,86.49,29791.186
2025-07-08 12:00:00,86.5,86.84,86.49,86.72,35590.023
2025-07-08 12:30:00,86.72,87.03,86.68,87.02,29534.773
2025-07-08 13:00:00,87.02,87.07,86.79,86.82,21928.206
2025-07-08 13:30:00,86.81,86.96,86.33,86.58,79839.746
2025-07-08 14:00:00,86.57,86.61,86.18,86.33,35579.275
2025-07-08 14:30:00,86.34,86.62,86.06,86.2,39213.334
2025-07-08 15:00:00,86.21,86.66,86.15,86.18,43204.61
2025-07-08 15:30:00,86.18,86.43,86.13,86.33,18109.279
2025-07-08 16:00:00,86.33,86.72,86.19,86.62,26295.906
2025-07-08 16:30:00,86.61,86.71,86.34,86.57,17938.903
2025-07-08 17:00:00,86.57,87.43,86.51,87.29,88868.905
2025-07-08 17:30:00,87.28,87.49,87.12,87.2,54122.939
2025-07-08 18:00:00,87.2,87.47,87.14,87.36,29452.143
2025-07-08 18:30:00,87.35,87.53,87.23,87.52,17638.955
2025-07-08 19:00:00,87.52,87.52,87.21,87.41,21837.177
2025-07-08 19:30:00,87.41,87.41,87.14,87.28,19963.559
2025-07-08 20:00:00,87.28,87.45,87.25,87.42,15773.735
2025-07-08 20:30:00,87.42,87.42,86.98,86.99,16531.491
2025-07-08 21:00:00,86.98,87.34,86.98,87.21,23140.938
2025-07-08 21:30:00,87.21,87.66,87.2,87.59,15230.855
2025-07-08 22:00:00,87.58,87.73,87.42,87.64,23915.095
2025-07-08 22:30:00,87.64,87.77,87.5,87.74,23601.907
2025-07-08 23:00:00,87.73,88.0,87.52,87.6,27049.741
2025-07-08 23:30:00,87.6,87.72,87.51,87.71,17089.981
2025-07-09 00:00:00,87.72,87.79,87.35,87.35,20122.058
2025-07-09 00:30:00,87.35,87.58,87.24,87.56,25164.918
2025-07-09 01:00:00,87.57,87.8,87.26,87.26,33125.106
2025-07-09 01:30:00,87.26,87.47,87.1,87.42,33046.734
2025-07-09 02:00:00,87.43,87.55,87.32,87.44,15008.388
2025-07-09 02:30:00,87.45,87.75,87.44,87.65,22912.181
2025-07-09 03:00:00,87.65,87.77,87.5,87.65,18605.259
2025-07-09 03:30:00,87.64,87.65,87.35,87.54,32102.99
2025-07-09 04:00:00,87.54,87.69,87.49,87.61,13844.976
2025-07-09 04:30:00,87.61,87.84,87.53,87.83,9458.599
2025-07-09 05:00:00,87.83,87.96,87.65,87.7,15440.224
2025-07-09 05:30:00,87.71,88.3,87.62,88.01,75852.894
2025-07-09 06:00:00,88.02,88.07,87.79,87.89,19332.472
2025-07-09 06:30:00,87.88,88.04,87.74,88.02,25593.826
2025-07-09 07:00:00,88.02,88.13,87.87,88.11,23456.963
2025-07-09 07:30:00,88.11,88.19,87.98,88.06,28729.444
2025-07-09 08:00:00,88.06,88.3,87.98,88.16,24637.811
2025-07-09 08:30:00,88.17,88.2,87.53,87.68,76015.106
2025-07-09 09:00:00,87.68,87.85,87.57,87.65,36703.996
2025-07-09 09:30:00,87.64,87.87,87.56,87.85,25320.571
2025-07-09 10:00:00,87.85,87.92,87.69,87.83,19191.285
2025-07-09 10:30:00,87.82,88.02,87.75,88.0,18614.727
2025-07-09 11:00:00,88.0,88.18,87.95,88.14,19860.92
2025-07-09 11:30:00,88.15,88.45,87.99,88.33,35570.375
2025-07-09 12:00:00,88.34,88.84,88.33,88.72,75928.736
2025-07-09 12:30:00,88.71,88.84,88.6,88.72,36461.893
2025-07-09 13:00:00,88.72,89.08,88.72,88.86,52467.947
2025-07-09 13:30:00,88.87,88.93,88.58,88.66,52716.833
2025-07-09 14:00:00,88.66,88.92,88.42,88.43,36407.46
2025-07-09 14:30:00,88.42,88.57,87.89,88.43,93028.099
2025-07-09 15:00:00,88.42,88.63,88.23,88.42,29510.847
2025-07-09 15:30:00,88.42,88.51,88.19,88.48,16440.107
2025-07-09 16:00:00,88.48,88.78,88.4,88.58,27045.402
2025-07-09 16:30:00,88.59,88.79,88.56,88.64,20835.324
2025-07-09 17:00:00,88.64,88.82,88.36,88.55,45414.48
2025-07-09 17:30:00,88.55,88.57,88.28,88.34,18317.155
2025-07-09 18:00:00,88.33,89.14,88.3,89.01,80888.048
2025-07-09 18:30:00,89.01,89.01,88.27,88.45,72437.023
2025-07-09 19:00:00,88.45,89.51,88.44,89.5,70820.975
2025-07-09 19:30:00,89.5,90.4,89.43,90.35,211711.179
2025-07-09 20:00:00,90.36,90.47,89.74,89.89,124015.173
2025-07-09 20:30:00,89.88,90.73,89.78,90.57,84496.312
2025-07-09 21:00:00,90.56,91.18,90.45,90.93,87341.645
2025-07-09 21:30:00,90.93,90.93,90.37,90.45,39975.356
2025-07-09 22:00:00,90.45,91.12,90.44,90.73,45095.556
2025-07-09 22:30:00,90.73,91.26,90.7,91.21,42805.219
2025-07-09 23:00:00,91.21,91.37,90.88,90.95,47339.857
2025-07-09 23:30:00,90.96,91.02,90.55,90.59,30174.438
2025-07-10 00:00:00,90.6,90.89,90.47,90.49,38111.699
2025-07-10 00:30:00,90.49,90.66,90.11,90.19,45286.284
2025-07-10 01:00:00,90.19,90.76,90.19,90.57,31210.082
2025-07-10 01:30:00,90.58,90.87,90.51,90.78,21915.244
2025-07-10 02:00:00,90.78,91.45,90.71,91.21,64249.226
2025-07-10 02:30:00,91.21,91.43,91.05,91.23,29922.281
2025-07-10 03:00:00,91.22,91.25,90.88,90.91,37720.001
2025-07-10 03:30:00,90.91,90.96,90.74,90.86,21386.611
2025-07-10 04:00:00,90.86,90.86,90.28,90.63,38043.122
2025-07-10 04:30:00,90.64,90.8,90.59,90.72,17450.349
2025-07-10 05:00:00,90.73,90.74,90.39,90.56,27409.441
2025-07-10 05:30:00,90.56,90.65,90.41,90.61,22223.986
2025-07-10 06:00:00,90.61,90.65,90.36,90.57,18011.449
2025-07-10 06:30:00,90.57,90.93,90.52,90.85,22866.42
2025-07-10 07:00:00,90.84,91.17,90.73,91.08,45492.429
2025-07-10 07:30:00,91.07,91.22,90.85,90.93,29041.131
2025-07-10 08:00:00,90.93,91.28,90.86,91.22,22220.209
2025-07-10 08:30:00,91.22,91.37,91.06,91.11,22956.564
2025-07-10 09:00:00,91.11,91.17,90.8,91.0,32360.526
2025-07-10 09:30:00,90.99,91.06,90.78,90.87,20616.891
2025-07-10 10:00:00,90.86,90.91,90.59,90.67,24664.366
2025-07-10 10:30:00,90.67,91.09,90.65,90.98,19910.053
2025-07-10 11:00:00,90.98,91.06,90.7,90.95,23929.437
2025-07-10 11:30:00,90.95,91.04,90.75,90.9,19274.983
2025-07-10 12:00:00,90.9,90.91,90.56,90.72,40919.888
2025-07-10 12:30:00,90.73,90.83,90.55,90.83,38144.928
2025-07-10 13:00:00,90.83,91.12,90.81,91.05,36032.885
2025-07-10 13:30:00,91.05,91.22,90.55,90.65,59696.718
2025-07-10 14:00:00,90.65,90.96,90.23,90.41,69121.738
2025-07-10 14:30:00,90.41,90.93,90.35,90.93,23569.771
2025-07-10 15:00:00,90.92,90.93,90.59,90.85,46598.554
2025-07-10 15:30:00,90.85,91.21,90.53,91.16,31953.461
2025-07-10 16:00:00,91.16,91.95,91.12,91.82,151369.097
2025-07-10 16:30:00,91.82,92.12,91.63,91.77,112560.35
2025-07-10 17:00:00,91.77,92.32,91.49,92.16,85018.499
2025-07-10 17:30:00,92.15,92.84,92.09,92.63,91578.655
2025-07-10 18:00:00,92.62,93.11,92.39,92.6,95222.431
2025-07-10 18:30:00,92.6,92.64,92.14,92.57,45954.479
2025-07-10 19:00:00,92.56,92.88,92.52,92.62,35358.758
2025-07-10 19:30:00,92.61,92.66,92.28,92.53,28232.05
2025-07-10 20:00:00,92.52,93.24,92.44,92.97,90201.31
2025-07-10 20:30:00,92.97,93.16,92.73,93.07,49382.021
2025-07-10 21:00:00,93.06,94.58,92.92,94.02,207210.839
2025-07-10 21:30:00,94.02,94.94,93.96,94.66,141109.943
2025-07-10 22:00:00,94.66,95.29,94.37,94.52,129628.049
2025-07-10 22:30:00,94.52,94.98,94.38,94.91,55322.788
2025-07-10 23:00:00,94.9,95.08,94.62,94.76,55071.289
2025-07-10 23:30:00,94.76,94.99,94.2,94.84,48391.694
2025-07-11 00:00:00,94.84,94.91,93.55,93.82,84488.25
2025-07-11 00:30:00,93.81,94.33,93.65,94.09,60094.029
2025-07-11 01:00:00,94.09,95.03,93.98,95.0,66292.06
2025-07-11 01:30:00,95.01,95.27,94.59,94.93,113546.017
2025-07-11 02:00:00,94.94,95.78,94.8,95.59,89101.873
2025-07-11 02:30:00,95.59,95.88,95.39,95.62,71002.511
2025-07-11 03:00:00,95.61,95.62,95.28,95.5,43079.953
2025-07-11 03:30:00,95.5,95.52,95.13,95.43,37614.831
2025-07-11 04:00:00,95.43,95.43,95.0,95.21,40553.981
2025-07-11 04:30:00,95.21,95.7,94.84,95.68,68842.18
2025-07-11 05:00:00,95.68,96.39,95.59,96.13,95155.271
2025-07-11 05:30:00,96.12,96.56,95.93,95.93,93127.916
2025-07-11 06:00:00,95.93,96.31,95.82,95.97,67552.093
2025-07-11 06:30:00,95.97,96.01,94.61,94.86,128316.833
2025-07-11 07:00:00,94.86,95.26,94.5,95.12,80091.277
2025-07-11 07:30:00,95.13,95.37,94.84,94.9,53543.615
2025-07-11 08:00:00,94.91,95.18,94.86,95.07,37676.856
2025-07-11 08:30:00,95.06,95.52,94.86,95.34,47281.671
2025-07-11 09:00:00,95.33,95.79,95.13,95.68,30414.122
2025-07-11 09:30:00,95.68,96.0,95.46,95.73,53388.954
2025-07-11 10:00:00,95.73,95.9,95.47,95.89,32991.791
2025-07-11 10:30:00,95.88,96.02,95.66,95.83,30301.798
2025-07-11 11:00:00,95.83,95.98,95.21,95.57,49740.88
2025-07-11 11:30:00,95.56,95.8,95.23,95.44,31015.108
2025-07-11 12:00:00,95.44,95.82,95.14,95.17,33444.995
2025-07-11 12:30:00,95.17,95.9,95.07,95.9,34754.5
2025-07-11 13:00:00,95.9,96.79,95.73,96.33,110849.667
2025-07-11 13:30:00,96.33,97.3,95.68,96.93,139355.065
2025-07-11 14:00:00,96.93,97.47,96.2,97.33,106924.814
2025-07-11 14:30:00,97.34,97.45,96.36,96.85,97926.976
2025-07-11 15:00:00,96.84,97.41,96.34,97.36,92318.083
2025-07-11 15:30:00,97.37,98.36,96.27,96.67,416537.355
2025-07-11 16:00:00,96.69,97.51,95.55,97.15,261969.074
2025-07-11 16:30:00,97.15,97.29,95.86,96.65,102087.872
2025-07-11 17:00:00,96.65,97.07,96.32,96.59,66288.092
2025-07-11 17:30:00,96.58,96.78,95.96,96.65,39257.157
2025-07-11 18:00:00,96.64,97.71,96.62,97.17,51530.834
2025-07-11 18:30:00,97.18,97.82,97.09,97.68,39965.53
2025-07-11 19:00:00,97.68,97.7,96.87,96.9,53343.319
2025-07-11 19:30:00,96.89,97.29,96.74,97.08,37986.327
2025-07-11 20:00:00,97.07,97.2,96.7,96.8,36460.848
2025-07-11 20:30:00,96.79,96.86,95.8,95.85,73229.104
2025-07-11 21:00:00,95.85,96.05,95.16,95.93,124811.658
2025-07-11 21:30:00,95.92,95.93,93.31,94.44,338139.666
2025-07-11 22:00:00,94.43,94.61,92.66,93.13,155038.224
2025-07-11 22:30:00,93.13,93.79,92.83,93.73,130425.107
2025-07-11 23:00:00,93.72,94.49,93.63,94.34,61116.748
2025-07-11 23:30:00,94.33,94.43,93.85,94.24,46004.414
2025-07-12 00:00:00,94.24,94.59,93.7,94.06,38281.543
2025-07-12 00:30:00,94.05,94.19,93.06,94.16,78422.752
2025-07-12 01:00:00,94.16,95.16,94.16,95.13,44462.502
2025-07-12 01:30:00,95.12,95.16,94.72,95.04,29039.624
2025-07-12 02:00:00,95.03,95.44,94.95,95.37,59490.081
2025-07-12 02:30:00,95.36,95.41,94.7,94.79,29332.012
2025-07-12 03:00:00,94.79,95.18,94.73,95.1,14518.523
2025-07-12 03:30:00,95.1,95.12,94.54,94.81,48176.4
2025-07-12 04:00:00,94.8,94.85,94.14,94.5,45496.364
2025-07-12 04:30:00,94.49,94.5,92.8,92.97,249376.214
2025-07-12 05:00:00,92.97,93.35,92.41,93.24,109220.455
2025-07-12 05:30:00,93.23,93.45,93.08,93.18,31260.688
2025-07-12 06:00:00,93.17,93.23,92.85,93.11,40445.134
2025-07-12 06:30:00,93.11,93.3,92.95,93.13,43752.732
2025-07-12 07:00:00,93.13,93.4,92.82,93.15,67870.093
2025-07-12 07:30:00,93.16,93.19,92.85,93.15,28465.58
2025-07-12 08:00:00,93.15,93.42,93.12,93.2,33784.988
2025-07-12 08:30:00,93.2,93.26,92.51,92.97,58609.309
2025-07-12 09:00:00,92.96,93.71,92.74,93.34,68947.576
2025-07-12 09:30:00,93.34,93.71,93.3,93.54,37773.02
2025-07-12 10:00:00,93.54,93.55,93.2,93.3,30479.647
2025-07-12 10:30:00,93.3,93.81,93.23,93.74,31499.127
2025-07-12 11:00:00,93.74,94.04,93.38,93.62,32645.451
2025-07-12 11:30:00,93.63,93.78,93.27,93.4,29515.245
2025-07-12 12:00:00,93.4,93.59,92.55,92.78,71744.785
2025-07-12 12:30:00,92.77,92.98,91.36,92.59,153889.404
2025-07-12 13:00:00,92.59,92.77,91.87,92.01,95690.96
2025-07-12 13:30:00,92.02,92.54,91.66,92.54,64932.137
2025-07-12 14:00:00,92.54,93.0,92.36,92.76,48367.413
2025-07-12 14:30:00,92.76,92.76,91.52,91.73,79805.992
2025-07-12 15:00:00,91.73,91.9,91.0,91.16,119654.804
2025-07-12 15:30:00,91.18,91.39,90.68,91.09,93684.212
2025-07-12 16:00:00,91.1,91.88,90.91,91.59,83199.383
2025-07-12 16:30:00,91.6,91.97,91.43,91.53,32429.633
2025-07-12 17:00:00,91.53,92.72,91.44,92.55,58156.087
2025-07-12 17:30:00,92.55,92.55,92.21,92.36,41892.62
2025-07-12 18:00:00,92.36,92.51,92.15,92.4,22823.264
2025-07-12 18:30:00,92.4,92.69,92.35,92.65,21996.29
2025-07-12 19:00:00,92.66,92.85,92.42,92.42,47732.111
2025-07-12 19:30:00,92.43,92.87,92.42,92.8,14634.621
2025-07-12 20:00:00,92.8,92.81,92.37,92.57,17800.368
2025-07-12 20:30:00,92.57,92.58,91.87,91.89,23117.765
2025-07-12 21:00:00,91.88,92.58,91.82,92.54,20513.84
2025-07-12 21:30:00,92.55,92.66,92.38,92.65,10541.539
2025-07-12 22:00:00,92.66,92.75,92.18,92.58,17433.065
2025-07-12 22:30:00,92.59,92.76,92.36,92.64,18405.364
2025-07-12 23:00:00,92.63,92.85,92.42,92.59,45135.476
2025-07-12 23:30:00,92.59,92.94,92.45,92.73,22653.053
2025-07-13 00:00:00,92.74,93.05,92.45,92.92,23734.899
2025-07-13 00:30:00,92.92,93.14,92.6,92.79,32645.614
2025-07-13 01:00:00,92.79,93.11,92.72,93.0,20469.397
2025-07-13 01:30:00,93.0,93.5,92.89,93.49,32454.062
2025-07-13 02:00:00,93.48,93.48,92.73,92.86,39281.442
2025-07-13 02:30:00,92.85,93.61,92.75,93.41,33136.512
2025-07-13 03:00:00,93.41,93.46,93.05,93.19,16965.532
2025-07-13 03:30:00,93.18,93.28,92.97,93.06,21140.0
2025-07-13 04:00:00,93.06,93.25,92.95,92.98,19415.205
2025-07-13 04:30:00,92.98,93.63,92.93,93.6,20647.927
2025-07-13 05:00:00,93.59,93.99,93.58,93.73,55099.843
2025-07-13 05:30:00,93.74,94.31,93.66,93.98,48079.992
2025-07-13 06:00:00,93.99,94.56,93.93,94.08,74442.615
2025-07-13 06:30:00,94.09,94.43,94.06,94.12,33212.186
2025-07-13 07:00:00,94.11,94.51,94.1,94.35,20042.695
2025-07-13 07:30:00,94.35,94.39,94.18,94.33,24109.417
2025-07-13 08:00:00,94.34,94.57,94.2,94.56,28222.166
2025-07-13 08:30:00,94.55,94.69,94.19,94.57,31606.95
2025-07-13 09:00:00,94.58,94.77,94.22,94.3,27272.495
2025-07-13 09:30:00,94.3,94.33,93.91,94.23,31039.59
2025-07-13 10:00:00,94.23,94.61,94.22,94.59,30086.289
2025-07-13 10:30:00,94.58,94.58,93.93,94.06,36741.024
2025-07-13 11:00:00,94.07,94.71,94.05,94.66,26849.287
2025-07-13 11:30:00,94.67,94.91,94.54,94.79,38228.338
2025-07-13 12:00:00,94.79,95.0,94.66,94.73,38763.693
2025-07-13 12:30:00,94.74,95.22,94.68,95.1,48833.483
2025-07-13 13:00:00,95.09,95.17,94.64,95.0,54217.526
2025-07-13 13:30:00,95.0,95.47,94.98,95.27,41150.848
2025-07-13 14:00:00,95.27,96.3,95.08,96.29,103121.147
2025-07-13 14:30:00,96.29,96.31,95.52,95.66,85565.145
2025-07-13 15:00:00,95.68,96.59,95.68,96.31,49890.515
2025-07-13 15:30:00,96.31,96.31,95.31,96.09,64926.057
2025-07-13 16:00:00,96.1,96.57,95.76,96.49,57902.138
2025-07-13 16:30:00,96.49,96.49,95.41,95.48,56974.485
2025-07-13 17:00:00,95.49,96.02,95.23,95.73,40021.063
2025-07-13 17:30:00,95.74,96.17,95.74,96.1,36002.023
2025-07-13 18:00:00,96.11,96.3,95.87,96.28,28296.895
2025-07-13 18:30:00,96.29,96.65,96.2,96.39,48825.072
2025-07-13 19:00:00,96.39,96.66,96.1,96.6,26802.161
2025-07-13 19:30:00,96.61,96.84,96.22,96.27,29443.686
2025-07-13 20:00:00,96.27,96.48,96.01,96.41,22023.798
2025-07-13 20:30:00,96.41,96.53,96.03,96.07,16369.685
2025-07-13 21:00:00,96.07,96.14,95.78,95.94,27678.237
2025-07-13 21:30:00,95.93,95.94,94.4,94.72,109544.871
2025-07-13 22:00:00,94.71,94.77,93.84,94.12,107174.083
2025-07-13 22:30:00,94.12,94.76,94.1,94.25,33362.329
2025-07-13 23:00:00,94.24,94.61,94.04,94.21,33167.029
2025-07-13 23:30:00,94.21,94.75,94.09,94.59,34920.987
2025-07-14 00:00:00,94.59,95.05,94.37,94.9,39755.984
2025-07-14 00:30:00,94.9,95.24,94.62,94.78,35229.979
2025-07-14 01:00:00,94.77,95.22,94.54,94.91,46547.116
2025-07-14 01:30:00,94.92,95.2,94.75,95.05,31770.927
2025-07-14 02:00:00,95.05,95.94,94.85,95.89,56576.181
2025-07-14 02:30:00,95.88,96.1,95.44,95.58,51076.886
2025-07-14 03:00:00,95.58,96.25,95.44,96.21,36597.503
2025-07-14 03:30:00,96.2,97.15,95.81,96.77,118248.979
2025-07-14 04:00:00,96.76,97.3,96.5,97.14,71293.758
2025-07-14 04:30:00,97.15,97.59,96.91,97.55,59883.306
2025-07-14 05:00:00,97.55,97.71,97.08,97.69,88057.09
2025-07-14 05:30:00,97.69,97.84,96.02,96.93,139606.938
2025-07-14 06:00:00,96.94,96.98,96.27,96.91,62408.634
2025-07-14 06:30:00,96.9,96.9,96.1,96.32,35991.833
2025-07-14 07:00:00,96.31,97.04,96.27,96.95,36835.576
2025-07-14 07:30:00,96.94,97.39,96.85,97.13,60151.358
2025-07-14 08:00:00,97.14,97.18,95.93,96.18,62597.908
2025-07-14 08:30:00,96.19,96.58,95.95,96.3,47704.509
2025-07-14 09:00:00,96.3,96.79,96.04,96.74,75086.911
2025-07-14 09:30:00,96.73,97.76,96.62,96.97,93778.356
2025-07-14 10:00:00,96.98,97.39,96.22,97.22,78766.836
2025-07-14 10:30:00,97.22,97.97,96.93,97.91,83272.416
2025-07-14 11:00:00,97.91,97.93,96.92,97.14,69840.273
2025-07-14 11:30:00,97.14,97.54,96.72,96.96,53448.497
2025-07-14 12:00:00,96.95,97.24,96.51,96.72,54010.815
2025-07-14 12:30:00,96.72,96.87,96.4,96.84,29990.01
2025-07-14 13:00:00,96.84,97.19,96.35,96.65,32277.74
2025-07-14 13:30:00,96.66,97.3,96.32,97.1,66150.624
2025-07-14 14:00:00,97.1,97.56,96.05,96.48,86580.722
2025-07-14 14:30:00,96.48,96.67,95.73,96.54,124729.271
2025-07-14 15:00:00,96.54,96.56,95.73,96.17,79037.724
2025-07-14 15:30:00,96.17,96.24,94.85,95.43,129928.212
2025-07-14 16:00:00,95.43,96.18,95.01,96.09,101189.865
2025-07-14 16:30:00,96.08,96.44,95.73,96.34,63949.903
2025-07-14 17:00:00,96.35,96.35,95.57,95.7,46103.933
2025-07-14 17:30:00,95.69,96.06,95.46,95.83,41820.35
2025-07-14 18:00:00,95.82,95.87,95.17,95.43,49774.221
2025-07-14 18:30:00,95.42,95.61,94.65,94.81,49839.348
2025-07-14 19:00:00,94.8,95.32,94.67,94.99,36801.229
2025-07-14 19:30:00,94.98,95.14,94.75,94.97,23725.444
2025-07-14 20:00:00,94.97,94.97,94.09,94.81,63092.825
2025-07-14 20:30:00,94.8,95.41,94.67,95.13,38432.067
2025-07-14 21:00:00,95.12,95.24,94.92,95.04,29043.421
2025-07-14 21:30:00,95.05,95.59,95.01,95.3,22590.735
2025-07-14 22:00:00,95.3,95.42,95.0,95.38,17651.127
2025-07-14 22:30:00,95.37,95.73,95.26,95.53,21875.647
2025-07-14 23:00:00,95.53,95.68,95.1,95.23,17551.06
2025-07-14 23:30:00,95.23,95.65,95.2,95.58,15236.82
2025-07-15 00:00:00,95.58,96.07,95.21,96.06,37113.832
2025-07-15 00:30:00,96.06,96.06,92.74,93.77,366059.803
2025-07-15 01:00:00,93.78,93.85,93.0,93.53,85042.698
2025-07-15 01:30:00,93.51,94.39,93.37,93.61,63429.287
2025-07-15 02:00:00,93.6,93.92,92.45,92.7,127504.065
2025-07-15 02:30:00,92.71,93.28,92.6,92.66,59030.701
2025-07-15 03:00:00,92.65,92.72,91.26,91.82,173288.576
2025-07-15 03:30:00,91.82,92.05,91.39,91.85,62399.467
2025-07-15 04:00:00,91.85,92.6,91.16,92.44,70749.63
2025-07-15 04:30:00,92.44,92.73,92.1,92.68,33323.808
2025-07-15 05:00:00,92.67,92.95,92.61,92.77,34642.496
2025-07-15 05:30:00,92.76,92.76,92.35,92.66,25911.826
2025-07-15 06:00:00,92.65,93.08,92.45,92.73,71143.042
2025-07-15 06:30:00,92.74,92.83,92.4,92.71,29610.576
2025-07-15 07:00:00,92.72,93.02,92.56,92.75,27112.959
2025-07-15 07:30:00,92.75,92.95,92.43,92.45,30164.212
2025-07-15 08:00:00,92.45,92.66,91.88,92.66,63483.721
2025-07-15 08:30:00,92.67,92.83,92.52,92.69,30483.809
2025-07-15 09:00:00,92.69,93.36,92.63,93.02,38536.562
2025-07-15 09:30:00,93.01,93.2,92.82,92.9,27073.986
2025-07-15 10:00:00,92.9,93.31,92.85,93.16,25338.836
2025-07-15 10:30:00,93.16,93.2,92.8,92.89,27465.581
2025-07-15 11:00:00,92.89,93.13,92.3,92.48,42278.391
2025-07-15 11:30:00,92.48,92.7,92.22,92.62,28888.459
2025-07-15 12:00:00,92.63,92.79,92.09,92.26,39664.208
2025-07-15 12:30:00,92.26,93.28,91.73,92.86,100302.073
2025-07-15 13:00:00,92.87,93.68,92.82,93.45,73251.471
2025-07-15 13:30:00,93.44,93.91,92.78,93.61,76709.392
2025-07-15 14:00:00,93.62,93.92,93.04,93.15,63147.99
2025-07-15 14:30:00,93.15,93.18,91.63,91.96,141352.712
2025-07-15 15:00:00,91.97,92.89,91.83,92.6,108647.476
2025-07-15 15:30:00,92.61,93.56,92.54,93.4,70119.624
2025-07-15 16:00:00,93.39,94.06,93.3,93.68,69773.401
2025-07-15 16:30:00,93.68,94.52,93.67,94.28,54901.346
2025-07-15 17:00:00,94.29,94.95,94.25,94.88,85487.199
2025-07-15 17:30:00,94.88,95.55,94.75,95.54,65649.712
2025-07-15 18:00:00,95.53,96.34,95.39,95.56,110379.995
2025-07-15 18:30:00,95.56,95.8,94.02,95.3,234193.439
2025-07-15 19:00:00,95.29,96.04,95.18,95.53,65948.895
2025-07-15 19:30:00,95.54,95.67,94.6,95.16,76568.994
2025-07-15 20:00:00,95.14,95.51,94.72,95.15,58739.762
2025-07-15 20:30:00,95.15,95.7,94.99,95.18,36987.246
2025-07-15 21:00:00,95.17,95.96,95.12,95.88,36459.823
2025-07-15 21:30:00,95.89,96.62,95.83,96.25,38434.738
2025-07-15 22:00:00,96.24,96.3,95.88,95.9,26774.92
2025-07-15 22:30:00,95.9,96.02,95.59,96.01,34264.405
2025-07-15 23:00:00,96.01,96.74,95.99,96.32,62540.551
2025-07-15 23:30:00,96.33,96.46,96.17,96.36,27275.581
2025-07-16 00:00:00,96.36,96.37,95.78,96.17,45694.811
2025-07-16 00:30:00,96.18,97.26,96.18,96.98,90894.305
2025-07-16 01:00:00,96.99,97.06,96.42,96.6,56348.311
2025-07-16 01:30:00,96.59,96.67,96.26,96.46,24857.984
2025-07-16 02:00:00,96.46,96.46,95.3,95.45,82170.103
2025-07-16 02:30:00,95.45,95.7,95.17,95.52,48135.885
2025-07-16 03:00:00,95.52,95.88,95.4,95.6,22491.516
2025-07-16 03:30:00,95.59,95.84,95.37,95.47,18399.22
2025-07-16 04:00:00,95.47,95.64,95.09,95.63,28250.066
2025-07-16 04:30:00,95.62,95.85,95.52,95.76,18225.889
2025-07-16 05:00:00,95.77,96.06,95.71,95.81,22852.814
2025-07-16 05:30:00,95.82,96.1,95.81,95.85,14947.989
2025-07-16 06:00:00,95.84,96.12,95.6,95.97,20562.69
2025-07-16 06:30:00,95.97,96.3,95.84,96.21,24007.875
2025-07-16 07:00:00,96.2,96.44,96.01,96.44,27316.398
2025-07-16 07:30:00,96.43,96.62,96.31,96.36,26339.598
2025-07-16 08:00:00,96.37,96.43,96.09,96.12,48413.479
2025-07-16 08:30:00,96.12,96.57,96.1,96.5,30119.479
2025-07-16 09:00:00,96.5,97.29,96.49,97.28,73189.455
2025-07-16 09:30:00,97.28,97.72,96.96,97.6,90605.409
2025-07-16 10:00:00,97.6,97.66,96.97,96.98,33563.613
2025-07-16 10:30:00,96.99,97.22,96.83,96.89,29280.104
2025-07-16 11:00:00,96.9,97.44,96.9,97.3,35424.272
2025-07-16 11:30:00,97.3,97.3,96.89,96.96,25725.266
2025-07-16 12:00:00,96.97,97.39,96.88,97.2,43446.875
2025-07-16 12:30:00,97.2,97.83,97.03,97.33,76324.358
2025-07-16 13:00:00,97.33,97.51,97.05,97.31,43806.064
2025-07-16 13:30:00,97.31,97.31,96.64,97.04,90932.279
2025-07-16 14:00:00,97.03,97.15,96.36,96.85,65392.229
2025-07-16 14:30:00,96.84,98.05,96.79,97.68,134630.839
2025-07-16 15:00:00,97.69,97.9,96.6,97.11,142805.94
2025-07-16 15:30:00,97.09,97.09,95.82,96.85,93601.799
2025-07-16 16:00:00,96.84,97.93,96.52,97.8,95440.588
2025-07-16 16:30:00,97.8,98.02,97.45,97.95,64136.707
2025-07-16 17:00:00,97.95,99.05,97.87,98.7,131366.128
2025-07-16 17:30:00,98.7,99.33,98.31,99.28,130131.141
2025-07-16 18:00:00,99.29,99.81,98.99,99.52,69339.047
2025-07-16 18:30:00,99.52,99.78,98.72,98.8,85329.814
2025-07-16 19:00:00,98.81,98.91,98.36,98.71,73220.651
2025-07-16 19:30:00,98.7,98.7,98.11,98.55,94505.005
2025-07-16 20:00:00,98.55,99.45,98.52,99.35,89939.724
2025-07-16 20:30:00,99.34,99.46,98.54,98.7,56494.276
2025-07-16 21:00:00,98.69,99.99,98.56,99.88,88017.691
2025-07-16 21:30:00,99.89,99.89,98.89,99.07,44575.408
2025-07-16 22:00:00,99.07,99.37,98.86,98.91,39454.659
2025-07-16 22:30:00,98.9,98.96,97.53,97.89,136434.266
2025-07-16 23:00:00,97.89,97.98,97.06,97.56,96329.053
2025-07-16 23:30:00,97.56,97.78,97.18,97.46,38516.849
2025-07-17 00:00:00,97.46,98.59,97.35,98.37,73223.366
2025-07-17 00:30:00,98.37,98.84,97.73,97.8,68113.875
2025-07-17 01:00:00,97.79,98.23,96.84,97.23,132600.393
2025-07-17 01:30:00,97.22,97.23,95.56,96.48,138237.353
2025-07-17 02:00:00,96.48,96.94,96.29,96.74,43334.844
2025-07-17 02:30:00,96.73,96.9,96.24,96.75,23665.605
2025-07-17 03:00:00,96.75,96.76,95.44,95.62,63425.489
2025-07-17 03:30:00,95.61,96.18,95.33,96.11,69529.15
2025-07-17 04:00:00,96.1,96.54,95.88,96.42,32455.22
2025-07-17 04:30:00,96.41,96.67,96.37,96.59,29916.954
2025-07-17 05:00:00,96.58,97.17,96.21,97.16,32997.724
2025-07-17 05:30:00,97.16,97.79,97.09,97.78,77417.127
2025-07-17 06:00:00,97.78,98.48,97.46,98.33,122003.321
2025-07-17 06:30:00,98.33,98.64,98.05,98.36,86400.237
2025-07-17 07:00:00,98.35,98.45,97.44,97.63,74919.195
2025-07-17 07:30:00,97.64,98.45,97.6,98.2,53394.485
2025-07-17 08:00:00,98.2,98.86,98.0,98.64,67588.914
2025-07-17 08:30:00,98.64,98.91,98.3,98.87,56760.896
2025-07-17 09:00:00,98.87,100.6,98.68,100.48,183960.824
2025-07-17 09:30:00,100.49,101.42,100.18,100.74,217642.645
2025-07-17 10:00:00,100.74,100.9,99.74,99.97,159663.92
2025-07-17 10:30:00,99.98,100.33,99.49,100.09,126818.777
2025-07-17 11:00:00,100.1,100.17,99.43,99.73,90733.991
2025-07-17 11:30:00,99.72,99.94,99.21,99.66,60036.235
2025-07-17 12:00:00,99.66,100.06,98.88,99.37,116488.553
2025-07-17 12:30:00,99.37,100.97,99.32,100.7,168889.939
2025-07-17 13:00:00,100.7,100.95,99.64,100.12,169005.358
2025-07-17 13:30:00,100.12,100.16,98.17,99.78,240560.331
2025-07-17 14:00:00,99.77,100.7,99.76,100.69,96324.708
2025-07-17 14:30:00,100.7,101.5,100.59,100.79,157708.937
2025-07-17 15:00:00,100.79,101.06,99.91,100.73,123388.655
2025-07-17 15:30:00,100.73,101.76,100.73,101.28,161282.187
2025-07-17 16:00:00,101.29,101.62,100.61,100.82,199499.398
2025-07-17 16:30:00,100.84,101.58,100.2,101.58,213126.83
2025-07-17 17:00:00,101.58,101.99,100.53,100.71,192050.061
2025-07-17 17:30:00,100.71,101.6,99.98,101.46,131982.506
2025-07-17 18:00:00,101.46,101.72,100.71,101.58,149321.114
2025-07-17 18:30:00,101.57,101.68,101.03,101.6,65608.833
2025-07-17 19:00:00,101.6,102.4,101.6,102.0,121315.119
2025-07-17 19:30:00,102.01,102.09,100.86,100.97,103438.164
2025-07-17 20:00:00,100.96,101.07,99.79,100.66,150525.853
2025-07-17 20:30:00,100.65,101.59,100.63,101.13,78453.499
2025-07-17 21:00:00,101.13,102.7,101.07,102.02,160466.625
2025-07-17 21:30:00,102.02,102.06,100.05,101.64,106409.674
2025-07-17 22:00:00,101.64,102.75,101.27,102.71,82140.334
2025-07-17 22:30:00,102.72,103.63,102.09,102.22,127837.057
2025-07-17 23:00:00,102.22,103.12,102.02,102.64,72838.862
2025-07-17 23:30:00,102.64,102.64,101.38,101.6,72777.631
2025-07-18 00:00:00,101.6,102.64,101.07,102.53,124962.149
2025-07-18 00:30:00,102.53,103.52,102.48,103.31,128171.251
2025-07-18 01:00:00,103.32,104.08,103.01,103.97,166043.838
2025-07-18 01:30:00,103.97,104.72,103.61,104.27,135675.921
2025-07-18 02:00:00,104.28,104.9,103.33,104.72,141548.776
2025-07-18 02:30:00,104.72,104.79,104.08,104.47,77583.798
2025-07-18 03:00:00,104.48,106.76,103.9,105.53,369042.399
2025-07-18 03:30:00,105.54,107.87,105.04,107.82,299385.212
2025-07-18 04:00:00,107.82,107.88,106.19,107.36,192299.107
2025-07-18 04:30:00,107.36,107.74,106.91,107.33,101692.452
2025-07-18 05:00:00,107.33,109.41,106.98,108.87,216686.727
2025-07-18 05:30:00,108.87,109.53,108.51,108.97,172157.769
2025-07-18 06:00:00,108.96,109.18,107.9,108.01,165574.513
2025-07-18 06:30:00,108.0,110.27,107.86,108.86,251810.791
2025-07-18 07:00:00,108.87,109.46,108.2,109.4,144559.661
2025-07-18 07:30:00,109.4,109.79,107.55,107.74,222717.917
2025-07-18 08:00:00,107.74,109.87,107.72,109.8,171394.104
2025-07-18 08:30:00,109.79,109.79,107.98,108.75,208817.226
2025-07-18 09:00:00,108.75,109.5,107.91,109.0,165243.017
2025-07-18 09:30:00,109.0,112.34,108.71,111.43,315318.9
2025-07-18 10:00:00,111.43,111.46,108.75,108.89,238992.692
2025-07-18 10:30:00,108.88,110.18,108.88,109.97,94510.921
2025-07-18 11:00:00,109.98,110.16,108.1,108.72,137948.83
2025-07-18 11:30:00,108.71,109.31,108.51,108.56,86097.116
2025-07-18 12:00:00,108.56,108.88,108.06,108.23,64904.282
2025-07-18 12:30:00,108.24,110.48,108.22,110.44,282170.519
2025-07-18 13:00:00,110.43,110.44,105.42,106.32,572418.351
2025-07-18 13:30:00,106.32,107.11,105.6,106.49,243338.825
2025-07-18 14:00:00,106.5,106.81,104.44,104.97,328150.294
2025-07-18 14:30:00,104.98,105.5,104.13,105.07,205302.912
2025-07-18 15:00:00,105.06,105.2,103.41,103.87,212096.414
2025-07-18 15:30:00,103.88,104.49,103.12,103.91,158955.509
2025-07-18 16:00:00,103.9,104.94,103.9,104.58,150297.597
2025-07-18 16:30:00,104.58,105.79,104.48,105.31,127667.343
2025-07-18 17:00:00,105.31,105.37,104.23,104.9,87903.333
2025-07-18 17:30:00,104.89,105.24,104.19,104.48,62402.419
2025-07-18 18:00:00,104.48,104.57,103.42,104.02,85658.803
2025-07-18 18:30:00,104.01,104.16,102.87,102.98,109331.757
2025-07-18 19:00:00,102.98,103.38,101.95,103.19,164960.327
2025-07-18 19:30:00,103.18,103.18,102.07,102.3,90289.034
2025-07-18 20:00:00,102.29,102.51,100.11,100.56,234239.567
2025-07-18 20:30:00,100.58,101.94,100.11,101.54,130355.25
2025-07-18 21:00:00,101.54,102.59,101.42,102.0,77987.272
2025-07-18 21:30:00,101.99,102.22,101.43,101.59,36670.163
2025-07-18 22:00:00,101.58,102.28,100.96,101.9,113986.068
2025-07-18 22:30:00,101.9,102.05,100.59,100.86,59836.457
2025-07-18 23:00:00,100.87,101.28,100.02,101.05,101589.506
2025-07-18 23:30:00,101.05,101.73,101.04,101.72,50412.279
2025-07-19 00:00:00,101.72,102.28,101.68,102.05,55573.901
2025-07-19 00:30:00,102.05,102.31,100.64,100.68,90967.184
2025-07-19 01:00:00,100.69,101.29,100.06,101.21,89346.877
2025-07-19 01:30:00,101.21,101.44,100.91,101.19,39754.073
2025-07-19 02:00:00,101.19,101.37,100.4,101.02,60161.767
2025-07-19 02:30:00,101.03,101.97,101.02,101.76,39517.094
2025-07-19 03:00:00,101.77,102.23,101.62,102.19,45179.629
2025-07-19 03:30:00,102.19,102.86,101.9,102.52,232538.544
2025-07-19 04:00:00,102.53,103.2,102.42,103.11,167923.784
2025-07-19 04:30:00,103.11,104.41,102.92,103.03,228927.062
2025-07-19 05:00:00,103.03,103.23,102.32,102.76,73272.383
2025-07-19 05:30:00,102.76,103.26,102.56,102.81,79069.112
2025-07-19 06:00:00,102.8,102.86,101.9,101.9,60382.822
2025-07-19 06:30:00,101.9,102.52,101.73,102.47,63358.668
2025-07-19 07:00:00,102.47,103.23,102.35,103.04,65656.643
2025-07-19 07:30:00,103.03,103.03,102.41,102.73,42592.236
2025-07-19 08:00:00,102.73,103.0,101.8,102.06,71934.626
2025-07-19 08:30:00,102.06,102.15,101.61,102.03,39644.207
2025-07-19 09:00:00,102.03,102.15,101.5,101.93,38568.011
2025-07-19 09:30:00,101.94,102.31,101.72,101.99,52119.04
2025-07-19 10:00:00,102.0,102.01,101.4,101.76,46849.329
2025-07-19 10:30:00,101.77,102.27,101.41,101.6,35611.036
2025-07-19 11:00:00,101.6,102.0,100.9,101.99,71563.707
2025-07-19 11:30:00,102.0,102.01,101.19,101.28,34455.439
2025-07-19 12:00:00,101.29,101.56,100.62,101.3,66497.266
2025-07-19 12:30:00,101.29,101.52,101.01,101.44,44438.365
2025-07-19 13:00:00,101.44,101.44,100.72,100.91,49852.692
2025-07-19 13:30:00,100.91,101.14,100.44,100.87,79135.351
2025-07-19 14:00:00,100.87,100.96,100.01,100.18,93097.593
2025-07-19 14:30:00,100.19,100.34,99.6,99.86,123571.268
2025-07-19 15:00:00,99.86,101.16,99.76,101.13,90688.444
2025-07-19 15:30:00,101.12,101.45,100.84,101.18,54004.14
2025-07-19 16:00:00,101.18,102.0,101.05,101.97,55175.952
2025-07-19 16:30:00,101.96,102.08,101.62,101.88,58200.784
2025-07-19 17:00:00,101.89,101.92,101.45,101.67,26726.981
2025-07-19 17:30:00,101.67,101.81,101.2,101.81,26961.376
2025-07-19 18:00:00,101.8,104.15,101.67,104.04,156324.395
2025-07-19 18:30:00,104.04,104.1,103.38,103.72,84033.251
2025-07-19 19:00:00,103.72,111.29,103.51,110.48,1012745.868
2025-07-19 19:30:00,110.46,113.65,110.08,112.7,854420.181
2025-07-19 20:00:00,112.69,113.91,111.81,113.11,330829.42
2025-07-19 20:30:00,113.11,113.24,111.28,111.41,201473.115
2025-07-19 21:00:00,111.4,111.9,109.02,110.49,354373.328
2025-07-19 21:30:00,110.47,112.65,110.03,112.57,180370.837
2025-07-19 22:00:00,112.57,112.89,111.49,112.01,159265.055
2025-07-19 22:30:00,112.01,114.3,111.76,113.56,311775.654
2025-07-19 23:00:00,113.56,113.88,112.58,113.03,161367.103
2025-07-19 23:30:00,113.02,113.66,112.68,113.19,89873.224
2025-07-20 00:00:00,113.19,113.48,111.85,112.09,151053.239
2025-07-20 00:30:00,112.09,113.09,112.06,112.67,100392.906
2025-07-20 01:00:00,112.68,113.28,111.88,111.88,143164.668
2025-07-20 01:30:00,111.87,112.37,111.22,111.27,109108.388
2025-07-20 02:00:00,111.27,111.36,110.6,111.22,119524.584
2025-07-20 02:30:00,111.23,112.0,110.98,111.83,81394.904
2025-07-20 03:00:00,111.82,112.26,111.55,111.99,106670.66
2025-07-20 03:30:00,111.99,112.96,111.96,112.54,97259.23
2025-07-20 04:00:00,112.54,113.56,112.36,113.05,131601.178
2025-07-20 04:30:00,113.06,115.4,112.95,113.83,288534.321
2025-07-20 05:00:00,113.83,114.0,112.76,113.85,178583.114
2025-07-20 05:30:00,113.85,117.57,113.71,116.51,466319.886
2025-07-20 06:00:00,116.51,117.02,115.14,116.12,276726.662
2025-07-20 06:30:00,116.11,116.37,115.15,116.36,142754.82
2025-07-20 07:00:00,116.35,117.43,115.73,116.99,245127.639
2025-07-20 07:30:00,116.98,118.73,116.81,117.58,284506.981
2025-07-20 08:00:00,117.58,119.77,117.07,118.35,354887.556
2025-07-20 08:30:00,118.35,119.94,117.82,119.15,238124.298
2025-07-20 09:00:00,119.15,120.2,117.97,118.87,358130.228
2025-07-20 09:30:00,118.88,119.27,117.85,117.97,161526.367
2025-07-20 10:00:00,117.96,118.3,117.61,118.22,129926.098
2025-07-20 10:30:00,118.22,118.23,117.34,118.1,100145.282
2025-07-20 11:00:00,118.11,118.29,117.15,117.3,165445.257
2025-07-20 11:30:00,117.3,117.46,115.71,116.23,311594.209
2025-07-20 12:00:00,116.23,116.68,116.06,116.33,119144.282
2025-07-20 12:30:00,116.32,116.96,115.79,116.81,120253.813
2025-07-20 13:00:00,116.8,117.39,116.15,116.35,175060.294
2025-07-20 13:30:00,116.35,117.72,116.28,117.49,149887.433
2025-07-20 14:00:00,117.49,117.91,116.51,117.88,150458.255
2025-07-20 14:30:00,117.88,118.48,116.9,118.0,242767.663
2025-07-20 15:00:00,118.0,118.48,117.05,117.27,147896.601
2025-07-20 15:30:00,117.27,117.66,116.61,117.18,98656.968
2025-07-20 16:00:00,117.2,117.73,116.86,117.43,129013.702
2025-07-20 16:30:00,117.44,118.12,117.2,117.6,90263.632
2025-07-20 17:00:00,117.6,121.49,116.7,121.47,403268.545
2025-07-20 17:30:00,121.47,121.53,117.1,118.34,411583.6
2025-07-20 18:00:00,118.34,118.86,117.49,117.94,112998.584
2025-07-20 18:30:00,117.93,118.36,116.56,118.06,145671.819
2025-07-20 19:00:00,118.05,118.12,117.38,118.1,50983.251
2025-07-20 19:30:00,118.1,118.11,117.16,117.48,47881.374
2025-07-20 20:00:00,117.48,117.67,116.73,116.86,100488.151
2025-07-20 20:30:00,116.86,117.64,116.82,117.1,39236.219
2025-07-20 21:00:00,117.11,117.13,115.68,117.02,129830.03
2025-07-20 21:30:00,117.03,117.36,116.51,117.0,45622.386
2025-07-20 22:00:00,117.0,117.06,113.91,116.21,297157.983
2025-07-20 22:30:00,116.21,117.37,115.61,117.02,103449.296
2025-07-20 23:00:00,117.02,117.46,116.52,117.26,63692.764
2025-07-20 23:30:00,117.27,117.49,116.59,116.63,54727.07
2025-07-21 00:00:00,116.63,117.44,115.52,117.16,170689.365
2025-07-21 00:30:00,117.16,118.29,116.37,118.28,139800.344
2025-07-21 01:00:00,118.27,118.31,115.91,116.6,140380.396
2025-07-21 01:30:00,116.6,117.74,115.87,117.31,103138.6
2025-07-21 02:00:00,117.32,117.99,116.39,117.23,97960.505
2025-07-21 02:30:00,117.23,117.31,116.53,117.26,76674.518
2025-07-21 03:00:00,117.25,117.66,116.79,117.2,74354.966
2025-07-21 03:30:00,117.21,117.79,117.02,117.36,67358.428
2025-07-21 04:00:00,117.36,118.84,117.18,118.51,141824.506
2025-07-21 04:30:00,118.52,118.86,117.61,117.69,79814.864
2025-07-21 05:00:00,117.68,118.78,117.52,118.78,60770.348
2025-07-21 05:30:00,118.78,119.45,118.57,119.11,113350.336
2025-07-21 06:00:00,119.11,120.4,119.02,120.14,136004.715
2025-07-21 06:30:00,120.15,121.25,119.31,120.71,157656.98
2025-07-21 07:00:00,120.7,122.0,120.46,121.04,178818.767
2025-07-21 07:30:00,121.04,121.27,119.85,120.71,363562.602
2025-07-21 08:00:00,120.71,121.24,119.8,120.46,136860.52
2025-07-21 08:30:00,120.45,120.74,120.09,120.34,89654.356
2025-07-21 09:00:00,120.34,120.68,119.25,119.25,79859.954
2025-07-21 09:30:00,119.25,119.5,118.68,119.22,81449.781
2025-07-21 10:00:00,119.22,119.35,118.39,118.5,59329.646
2025-07-21 10:30:00,118.5,118.74,117.81,118.46,115680.084
2025-07-21 11:00:00,118.45,119.17,118.0,118.9,71495.65
2025-07-21 11:30:00,118.89,119.0,117.86,117.91,63668.194
2025-07-21 12:00:00,117.9,118.0,116.99,117.61,130965.628
2025-07-21 12:30:00,117.62,117.65,116.64,116.76,103557.172
2025-07-21 13:00:00,116.77,117.13,116.37,117.01,87430.657
2025-07-21 13:30:00,117.0,118.18,116.91,118.0,139924.96
2025-07-21 14:00:00,118.0,118.94,117.15,118.7,159115.143
2025-07-21 14:30:00,118.7,119.41,118.14,118.33,160142.073
2025-07-21 15:00:00,118.32,119.38,118.2,118.52,136317.716
2025-07-21 15:30:00,118.52,119.07,117.91,118.34,160800.172
2025-07-21 16:00:00,118.34,118.46,115.47,116.82,370769.514
2025-07-21 16:30:00,116.82,117.22,115.97,116.69,110193.428
2025-07-21 17:00:00,116.69,117.14,116.39,116.44,74814.877
2025-07-21 17:30:00,116.43,117.25,116.34,116.94,85123.367
2025-07-21 18:00:00,116.93,117.78,116.86,117.23,54520.415
2025-07-21 18:30:00,117.22,117.22,115.25,115.4,134669.706
2025-07-21 19:00:00,115.39,116.21,114.83,114.99,104742.024
2025-07-21 19:30:00,115.0,115.59,114.62,115.26,98769.983
2025-07-21 20:00:00,115.26,116.49,115.17,116.22,69999.855
2025-07-21 20:30:00,116.23,116.49,115.33,115.34,65570.574
2025-07-21 21:00:00,115.33,115.91,114.82,115.39,70284.463
2025-07-21 21:30:00,115.38,115.48,114.89,115.24,48341.84
2025-07-21 22:00:00,115.23,115.88,115.09,115.71,33579.329
2025-07-21 22:30:00,115.71,116.2,115.71,116.07,44321.667
2025-07-21 23:00:00,116.07,116.19,115.56,116.05,28678.721
2025-07-21 23:30:00,116.05,116.17,115.42,115.51,39268.811
2025-07-22 00:00:00,115.51,116.58,115.46,116.54,48376.36
2025-07-22 00:30:00,116.55,116.59,114.46,114.68,105702.016
2025-07-22 01:00:00,114.67,114.9,112.8,114.8,311592.995
2025-07-22 01:30:00,114.79,117.12,114.69,116.93,207133.099
2025-07-22 02:00:00,116.94,117.2,116.32,116.98,114323.889
2025-07-22 02:30:00,116.98,117.18,115.33,115.69,106503.274
2025-07-22 03:00:00,115.69,115.82,114.63,115.49,115573.527
2025-07-22 03:30:00,115.5,116.21,114.33,115.78,139590.275
2025-07-22 04:00:00,115.78,116.42,114.7,115.3,103687.916
2025-07-22 04:30:00,115.31,116.54,114.1,114.24,216311.177
2025-07-22 05:00:00,114.24,116.73,114.13,116.2,175240.944
2025-07-22 05:30:00,116.2,116.51,114.89,115.41,138696.303
2025-07-22 06:00:00,115.42,116.44,115.23,115.37,94957.214
2025-07-22 06:30:00,115.37,115.7,114.84,115.43,93969.927
2025-07-22 07:00:00,115.44,116.52,115.33,116.43,90909.087
2025-07-22 07:30:00,116.42,116.5,114.99,115.3,69600.471
2025-07-22 08:00:00,115.3,115.3,112.62,113.25,281526.343
2025-07-22 08:30:00,113.26,114.2,112.94,114.08,151630.309
2025-07-22 09:00:00,114.08,114.1,112.92,113.91,87636.032
2025-07-22 09:30:00,113.92,114.4,113.75,113.86,79074.994
2025-07-22 10:00:00,113.86,114.38,113.73,114.0,47385.851
2025-07-22 10:30:00,114.01,114.61,113.95,114.59,130866.076
2025-07-22 11:00:00,114.59,114.94,114.31,114.85,62586.34
2025-07-22 11:30:00,114.85,115.73,114.41,115.64,110461.826
2025-07-22 12:00:00,115.65,115.68,115.13,115.5,44591.488
2025-07-22 12:30:00,115.51,116.23,115.29,115.77,95470.026
2025-07-22 13:00:00,115.77,116.13,114.96,115.26,82235.464
2025-07-22 13:30:00,115.26,115.28,113.1,113.23,201235.353
2025-07-22 14:00:00,113.23,114.37,112.77,114.0,190050.841
2025-07-22 14:30:00,114.0,115.79,113.93,115.72,112500.01
2025-07-22 15:00:00,115.72,116.43,115.26,115.99,128829.591
2025-07-22 15:30:00,115.98,116.37,115.34,115.87,79397.668
2025-07-22 16:00:00,115.86,117.19,115.68,116.0,128839.022
2025-07-22 16:30:00,115.99,116.38,115.87,116.1,50310.251
2025-07-22 17:00:00,116.09,117.43,116.03,117.33,94487.896
2025-07-22 17:30:00,117.32,118.97,117.26,118.92,274487.722
2025-07-22 18:00:00,118.92,119.9,118.44,119.21,242976.065
2025-07-22 18:30:00,119.2,119.52,118.4,118.55,112609.708
2025-07-22 19:00:00,118.55,119.34,118.21,118.4,91772.502
2025-07-22 19:30:00,118.39,118.39,116.76,116.94,132081.545
2025-07-22 20:00:00,116.94,117.19,116.09,116.28,117804.011
2025-07-22 20:30:00,116.27,117.04,116.19,117.01,55484.596
2025-07-22 21:00:00,117.01,118.49,116.73,118.36,162328.529
2025-07-22 21:30:00,118.37,118.59,117.42,118.57,46855.247
2025-07-22 22:00:00,118.58,118.59,117.93,118.19,32311.048
2025-07-22 22:30:00,118.18,118.59,118.0,118.1,53455.661
2025-07-22 23:00:00,118.1,119.44,117.93,118.9,79678.361
2025-07-22 23:30:00,118.9,119.87,118.55,119.69,59211.413
2025-07-23 00:00:00,119.68,120.36,118.48,118.76,150961.377
2025-07-23 00:30:00,118.76,119.38,118.06,118.08,75712.87
2025-07-23 01:00:00,118.08,120.44,117.54,120.0,158343.836
2025-07-23 01:30:00,120.01,121.96,119.86,121.15,237442.594
2025-07-23 02:00:00,121.15,121.39,119.62,120.84,157699.885
2025-07-23 02:30:00,120.85,122.37,120.55,120.82,181553.312
2025-07-23 03:00:00,120.82,121.28,119.79,121.28,132823.281
2025-07-23 03:30:00,121.27,121.58,119.79,120.03,91954.189
2025-07-23 04:00:00,120.02,120.05,119.38,119.51,95511.382
2025-07-23 04:30:00,119.51,120.34,119.42,120.08,65180.946
2025-07-23 05:00:00,120.09,120.18,119.03,119.15,64055.431
2025-07-23 05:30:00,119.15,119.48,118.8,119.01,54762.951
2025-07-23 06:00:00,119.02,119.19,118.03,118.23,93701.855
2025-07-23 06:30:00,118.23,118.29,117.51,118.06,134006.814
2025-07-23 07:00:00,118.06,119.17,117.95,118.95,97141.63
2025-07-23 07:30:00,118.94,119.12,116.86,117.64,222216.584
2025-07-23 08:00:00,117.64,117.97,117.18,117.33,75216.74
2025-07-23 08:30:00,117.33,118.08,117.1,117.93,96872.476
2025-07-23 09:00:00,117.93,118.19,116.82,116.94,102319.722
2025-07-23 09:30:00,116.94,117.7,116.72,117.08,90947.473
2025-07-23 10:00:00,117.08,117.73,116.25,117.43,143541.913
2025-07-23 10:30:00,117.42,117.98,117.27,117.68,71577.851
2025-07-23 11:00:00,117.68,117.75,116.83,117.03,74672.626
2025-07-23 11:30:00,117.03,117.08,116.61,116.95,57384.617
2025-07-23 12:00:00,116.95,117.3,116.24,116.61,71232.093
2025-07-23 12:30:00,116.6,116.88,114.73,115.28,209552.505
2025-07-23 13:00:00,115.28,115.76,113.81,115.14,235619.68
2025-07-23 13:30:00,115.13,115.15,110.0,112.25,657790.998
2025-07-23 14:00:00,112.27,113.77,111.67,113.68,288844.141
2025-07-23 14:30:00,113.68,114.19,113.17,114.19,157942.333
2025-07-23 15:00:00,114.19,114.19,112.7,113.58,115143.263
2025-07-23 15:30:00,113.57,114.77,113.46,114.61,120515.749
2025-07-23 16:00:00,114.61,114.91,113.53,114.55,175651.078
2025-07-23 16:30:00,114.54,114.55,112.29,112.33,173794.596
2025-07-23 17:00:00,112.33,113.08,110.81,111.52,230139.771
2025-07-23 17:30:00,111.53,113.46,110.97,112.93,150482.029
2025-07-23 18:00:00,112.94,113.41,112.42,112.82,74960.656
2025-07-23 18:30:00,112.82,113.68,112.64,113.63,67499.757
2025-07-23 19:00:00,113.63,113.71,112.52,112.84,56228.566
2025-07-23 19:30:00,112.83,113.0,112.02,112.12,61296.834
2025-07-23 20:00:00,112.12,112.67,110.93,111.14,165651.664
2025-07-23 20:30:00,111.15,111.16,109.0,110.84,348950.505
2025-07-23 21:00:00,110.86,111.48,108.8,109.84,141479.337
2025-07-23 21:30:00,109.85,111.73,109.08,111.49,103551.444
2025-07-23 22:00:00,111.49,112.27,110.9,112.24,66166.027
2025-07-23 22:30:00,112.24,112.75,111.88,112.04,66756.762
2025-07-23 23:00:00,112.03,112.7,111.9,112.55,32390.001
2025-07-23 23:30:00,112.56,112.64,111.9,112.06,36078.962
2025-07-24 00:00:00,112.05,113.21,111.42,112.9,78930.578
2025-07-24 00:30:00,112.9,114.03,112.61,114.01,90871.049
2025-07-24 01:00:00,114.0,114.29,113.5,113.63,113280.369
2025-07-24 01:30:00,113.64,114.33,113.09,114.3,57768.589
2025-07-24 02:00:00,114.29,114.34,113.14,113.19,66829.464
2025-07-24 02:30:00,113.2,114.0,113.14,113.7,41686.169
2025-07-24 03:00:00,113.7,114.24,113.27,113.95,27543.003
2025-07-24 03:30:00,113.94,114.06,112.88,112.98,61095.311
2025-07-24 04:00:00,112.97,113.22,112.22,112.28,74398.186
2025-07-24 04:30:00,112.27,112.36,110.95,111.28,145026.018
2025-07-24 05:00:00,111.28,111.43,110.01,110.32,150235.139
2025-07-24 05:30:00,110.31,111.21,108.31,108.61,249991.466
2025-07-24 06:00:00,108.61,110.14,108.43,109.8,162623.343
2025-07-24 06:30:00,109.81,109.95,106.61,107.88,311636.503
2025-07-24 07:00:00,107.88,109.75,106.52,109.6,294555.854
2025-07-24 07:30:00,109.59,111.01,108.91,110.96,123559.686
2025-07-24 08:00:00,110.95,113.78,110.45,112.93,267405.374
2025-07-24 08:30:00,112.94,114.08,112.94,113.47,125746.915
2025-07-24 09:00:00,113.48,113.94,113.06,113.47,86810.13
2025-07-24 09:30:00,113.48,113.96,112.78,113.82,109845.28
2025-07-24 10:00:00,113.83,114.34,112.18,112.24,119700.993
2025-07-24 10:30:00,112.24,113.22,111.91,113.12,94031.348
2025-07-24 11:00:00,113.12,114.04,112.84,113.32,103277.947
2025-07-24 11:30:00,113.31,114.09,113.16,113.68,59885.297
2025-07-24 12:00:00,113.68,113.86,112.6,113.05,76857.364
2025-07-24 12:30:00,113.03,113.03,112.05,112.36,66383.225
2025-07-24 13:00:00,112.36,112.97,112.09,112.86,60024.32
2025-07-24 13:30:00,112.86,113.42,111.52,111.66,97609.437
2025-07-24 14:00:00,111.66,112.29,110.88,112.29,117349.561
2025-07-24 14:30:00,112.29,114.9,112.29,114.81,171100.065
2025-07-24 15:00:00,114.82,115.41,114.05,114.33,177924.176
2025-07-24 15:30:00,114.33,114.38,113.14,113.48,138654.875
2025-07-24 16:00:00,113.49,113.58,111.57,111.68,117213.274
2025-07-24 16:30:00,111.68,112.35,111.12,112.12,104715.202
2025-07-24 17:00:00,112.12,113.57,111.83,113.29,82188.654
2025-07-24 17:30:00,113.29,113.86,113.29,113.51,59394.053
2025-07-24 18:00:00,113.51,113.81,112.86,113.64,44766.147
2025-07-24 18:30:00,113.64,113.73,113.02,113.41,42305.283
2025-07-24 19:00:00,113.41,114.07,113.33,113.61,37953.26
2025-07-24 19:30:00,113.61,113.72,112.98,113.16,29433.463
2025-07-24 20:00:00,113.16,113.78,113.0,113.77,30989.802
2025-07-24 20:30:00,113.77,114.82,113.51,114.49,52573.253
2025-07-24 21:00:00,114.49,114.57,113.16,113.34,41463.526
2025-07-24 21:30:00,113.34,113.4,112.56,112.98,44047.996
2025-07-24 22:00:00,112.98,113.39,112.29,113.38,45917.945
2025-07-24 22:30:00,113.37,113.62,112.97,113.08,35854.388
2025-07-24 23:00:00,113.06,113.06,111.83,112.14,62357.954
2025-07-24 23:30:00,112.15,112.57,111.88,112.24,32491.468
2025-07-25 00:00:00,112.25,112.3,110.67,111.49,144000.363
2025-07-25 00:30:00,111.47,111.81,110.19,110.88,112410.335
2025-07-25 01:00:00,110.87,111.13,109.73,110.46,84459.323
2025-07-25 01:30:00,110.45,111.78,109.97,111.45,86698.669
2025-07-25 02:00:00,111.44,111.81,110.63,111.05,56653.411
2025-07-25 02:30:00,111.05,111.35,108.96,109.46,127694.726
2025-07-25 03:00:00,109.46,110.26,109.04,109.87,93963.861
2025-07-25 03:30:00,109.86,109.86,108.15,109.31,140183.44
2025-07-25 04:00:00,109.31,109.69,108.34,109.18,79240.653
2025-07-25 04:30:00,109.19,110.98,109.12,110.86,179966.322
2025-07-25 05:00:00,110.86,110.93,109.91,110.41,142993.659
2025-07-25 05:30:00,110.41,110.41,109.92,110.14,42343.021
2025-07-25 06:00:00,110.14,110.63,109.43,110.5,56161.358
2025-07-25 06:30:00,110.5,112.44,110.21,111.55,104441.39
2025-07-25 07:00:00,111.54,112.74,111.2,111.54,123010.92
2025-07-25 07:30:00,111.53,111.95,110.13,111.14,79860.039
2025-07-25 08:00:00,111.15,112.08,110.99,111.72,76769.997
2025-07-25 08:30:00,111.71,112.35,110.84,112.2,105175.928
2025-07-25 09:00:00,112.2,114.32,111.96,114.25,160867.277
2025-07-25 09:30:00,114.25,114.86,113.83,114.52,153942.613
2025-07-25 10:00:00,114.53,115.41,114.42,115.21,162927.691
2025-07-25 10:30:00,115.2,115.58,114.72,114.86,94929.6
2025-07-25 11:00:00,114.86,116.05,114.83,115.74,104603.127
2025-07-25 11:30:00,115.75,116.13,115.13,115.66,69697.381
2025-07-25 12:00:00,115.67,116.38,115.15,115.21,111303.445
2025-07-25 12:30:00,115.22,115.52,114.59,114.85,93663.757
2025-07-25 13:00:00,114.86,115.2,114.47,115.09,60416.107
2025-07-25 13:30:00,115.09,115.66,113.87,115.25,146992.465
2025-07-25 14:00:00,115.26,115.31,113.46,113.65,81266.953
2025-07-25 14:30:00,113.65,113.85,111.34,111.38,292890.379
2025-07-25 15:00:00,111.38,112.14,110.94,111.17,154221.727
2025-07-25 15:30:00,111.16,111.38,109.39,110.54,162686.399
2025-07-25 16:00:00,110.52,111.05,109.31,110.09,100242.339
2025-07-25 16:30:00,110.08,111.72,109.71,111.5,85708.616
2025-07-25 17:00:00,111.49,112.16,111.07,111.46,66329.336
2025-07-25 17:30:00,111.45,111.72,110.88,111.28,48501.637
2025-07-25 18:00:00,111.27,111.39,110.92,111.27,39683.996
2025-07-25 18:30:00,111.27,111.59,111.02,111.26,24430.087
2025-07-25 19:00:00,111.25,111.53,110.93,110.94,22397.769
2025-07-25 19:30:00,110.93,111.96,110.91,111.13,34179.535
2025-07-25 20:00:00,111.13,112.3,110.88,112.24,49349.681
2025-07-25 20:30:00,112.24,113.21,112.15,112.8,80973.896
2025-07-25 21:00:00,112.79,113.89,112.79,113.2,78278.79
2025-07-25 21:30:00,113.2,113.49,112.81,113.49,35885.073
2025-07-25 22:00:00,113.49,113.86,113.36,113.76,44780.406
2025-07-25 22:30:00,113.76,113.86,113.42,113.64,26705.526
2025-07-25 23:00:00,113.64,113.65,113.26,113.49,26817.543
2025-07-25 23:30:00,113.48,113.85,113.38,113.76,29218.351
2025-07-26 00:00:00,113.75,113.8,113.25,113.53,29464.382
2025-07-26 00:30:00,113.53,113.54,112.81,113.22,32276.141
2025-07-26 01:00:00,113.22,113.27,112.71,112.91,26757.983
2025-07-26 01:30:00,112.92,113.18,112.1,112.15,59065.009
2025-07-26 02:00:00,112.15,113.58,112.12,113.42,67844.209
2025-07-26 02:30:00,113.41,113.76,112.58,113.13,58200.459
2025-07-26 03:00:00,113.13,113.27,112.5,112.55,38134.502
2025-07-26 03:30:00,112.55,113.34,112.52,113.21,25284.966
2025-07-26 04:00:00,113.2,113.59,113.13,113.34,31660.889
2025-07-26 04:30:00,113.34,113.7,113.25,113.45,25058.419
2025-07-26 05:00:00,113.46,113.49,112.83,113.25,33044.463
2025-07-26 05:30:00,113.24,113.86,113.09,113.44,30662.048
2025-07-26 06:00:00,113.43,113.51,112.97,113.09,23222.463
2025-07-26 06:30:00,113.09,113.29,112.98,113.11,21441.271
2025-07-26 07:00:00,113.11,113.49,113.04,113.28,24326.296
2025-07-26 07:30:00,113.27,113.36,112.95,113.16,15477.151
2025-07-26 08:00:00,113.15,113.79,113.15,113.73,25924.784
2025-07-26 08:30:00,113.72,114.02,113.45,113.87,29763.562
2025-07-26 09:00:00,113.87,114.22,113.72,113.78,59691.131
2025-07-26 09:30:00,113.78,114.03,113.6,113.98,34279.836
2025-07-26 10:00:00,113.99,114.13,113.79,113.85,29286.566
2025-07-26 10:30:00,113.85,114.36,113.75,113.79,81141.126
2025-07-26 11:00:00,113.8,114.26,113.65,113.94,46138.776
2025-07-26 11:30:00,113.95,113.95,113.42,113.61,42892.334
2025-07-26 12:00:00,113.6,114.02,113.25,113.91,38999.44
2025-07-26 12:30:00,113.91,114.23,113.75,113.82,24587.138
2025-07-26 13:00:00,113.83,114.1,113.61,113.89,25307.483
2025-07-26 13:30:00,113.89,114.58,113.84,114.23,46413.835
2025-07-26 14:00:00,114.24,114.36,113.87,113.95,43104.127
2025-07-26 14:30:00,113.95,114.1,113.47,113.49,43332.028
2025-07-26 15:00:00,113.49,114.05,113.15,113.18,53178.23
2025-07-26 15:30:00,113.19,113.84,113.02,113.8,45669.847
2025-07-26 16:00:00,113.8,114.16,113.45,113.74,58076.141
2025-07-26 16:30:00,113.75,113.87,113.36,113.81,28612.585
2025-07-26 17:00:00,113.81,113.87,113.25,113.77,21642.153
2025-07-26 17:30:00,113.77,114.32,113.49,114.2,31292.036
2025-07-26 18:00:00,114.21,114.62,113.92,114.42,57138.679
2025-07-26 18:30:00,114.42,115.46,114.42,115.08,89380.226
2025-07-26 19:00:00,115.08,115.18,114.57,114.85,41714.654
2025-07-26 19:30:00,114.86,115.02,114.65,114.86,17941.132
2025-07-26 20:00:00,114.86,114.9,114.31,114.35,25921.962
2025-07-26 20:30:00,114.35,114.64,114.33,114.52,15154.626
2025-07-26 21:00:00,114.51,114.51,113.98,114.31,33022.664
2025-07-26 21:30:00,114.3,114.68,114.3,114.64,11964.78
2025-07-26 22:00:00,114.63,115.29,114.53,114.54,30666.149
2025-07-26 22:30:00,114.54,114.79,114.22,114.54,20301.694
2025-07-26 23:00:00,114.54,114.63,114.13,114.23,16585.957
2025-07-26 23:30:00,114.22,114.27,113.81,113.91,17802.04
2025-07-27 00:00:00,113.91,114.09,113.61,113.91,19916.52
2025-07-27 00:30:00,113.91,114.19,113.69,113.95,14343.249
2025-07-27 01:00:00,113.94,114.6,113.71,114.48,21572.169
2025-07-27 01:30:00,114.48,114.98,114.36,114.64,26156.85
2025-07-27 02:00:00,114.65,114.96,114.36,114.71,23182.003
2025-07-27 02:30:00,114.72,115.24,114.44,115.19,31077.538
2025-07-27 03:00:00,115.19,115.24,114.45,114.6,35632.049
2025-07-27 03:30:00,114.6,114.72,114.45,114.57,12636.174
2025-07-27 04:00:00,114.57,114.89,114.42,114.65,13188.334
2025-07-27 04:30:00,114.65,114.95,114.58,114.83,13320.531
2025-07-27 05:00:00,114.82,115.45,114.74,115.31,34131.282
2025-07-27 05:30:00,115.3,115.34,114.71,114.9,33791.836
2025-07-27 06:00:00,114.9,115.16,114.56,114.83,29577.759
2025-07-27 06:30:00,114.83,115.59,114.73,115.42,70608.981
2025-07-27 07:00:00,115.41,115.41,114.76,114.77,46094.931
2025-07-27 07:30:00,114.76,114.78,114.03,114.23,48213.186
2025-07-27 08:00:00,114.23,114.4,113.47,113.66,60668.086
2025-07-27 08:30:00,113.66,113.68,112.87,112.98,93283.759
2025-07-27 09:00:00,112.99,113.14,112.4,112.93,80241.256
2025-07-27 09:30:00,112.93,113.08,112.47,112.65,57614.935
2025-07-27 10:00:00,112.64,113.57,112.61,113.25,59591.035
2025-07-27 10:30:00,113.24,113.98,112.97,113.42,70006.335
2025-07-27 11:00:00,113.42,113.89,113.17,113.57,55468.054
2025-07-27 11:30:00,113.57,113.7,112.84,113.15,39532.991
2025-07-27 12:00:00,113.14,113.51,112.85,113.04,40250.937
2025-07-27 12:30:00,113.05,113.79,112.75,113.71,45809.441
2025-07-27 13:00:00,113.7,114.1,113.4,113.84,45063.422
2025-07-27 13:30:00,113.84,113.87,113.29,113.35,23081.644
2025-07-27 14:00:00,113.34,113.87,113.23,113.73,29413.404
2025-07-27 14:30:00,113.73,113.82,112.7,113.09,48567.508
2025-07-27 15:00:00,113.08,113.29,112.61,113.06,41705.366
2025-07-27 15:30:00,113.06,113.52,112.86,113.49,38119.65
2025-07-27 16:00:00,113.48,114.95,113.47,114.88,94709.016
2025-07-27 16:30:00,114.9,115.27,113.87,114.17,89925.142
2025-07-27 17:00:00,114.17,114.2,113.3,114.03,75269.467
2025-07-27 17:30:00,114.04,114.5,113.6,114.45,52099.088
2025-07-27 18:00:00,114.44,114.88,114.25,114.52,36864.402
2025-07-27 18:30:00,114.52,114.67,114.13,114.32,24668.951
2025-07-27 19:00:00,114.31,114.51,113.78,114.09,32028.062
2025-07-27 19:30:00,114.09,114.4,113.77,113.84,20910.041
2025-07-27 20:00:00,113.83,114.3,113.79,114.02,20711.26
2025-07-27 20:30:00,114.01,114.01,113.42,113.6,26087.977
2025-07-27 21:00:00,113.6,113.73,113.16,113.66,29922.48
2025-07-27 21:30:00,113.65,114.02,113.4,114.02,22871.826
2025-07-27 22:00:00,114.02,115.11,114.0,114.79,60719.471
2025-07-27 22:30:00,114.78,115.39,114.6,114.91,47164.963
2025-07-27 23:00:00,114.9,114.92,113.98,114.55,64010.052
2025-07-27 23:30:00,114.54,114.92,114.16,114.77,35337.655
2025-07-28 00:00:00,114.77,115.52,114.31,115.5,74021.833
2025-07-28 00:30:00,115.5,116.14,115.03,115.05,116572.88
2025-07-28 01:00:00,115.05,115.29,114.38,114.63,70199.785
2025-07-28 01:30:00,114.62,114.66,113.58,114.08,94736.597
2025-07-28 02:00:00,114.07,115.09,113.85,115.02,42391.053
2025-07-28 02:30:00,115.03,116.28,114.9,115.3,106654.078
2025-07-28 03:00:00,115.3,115.54,114.76,114.89,44129.092
2025-07-28 03:30:00,114.9,115.37,114.83,115.26,34167.188
2025-07-28 04:00:00,115.26,115.43,114.52,115.13,60338.662
2025-07-28 04:30:00,115.12,115.48,114.93,115.25,31261.586
2025-07-28 05:00:00,115.25,116.4,115.22,116.29,62894.42
2025-07-28 05:30:00,116.29,116.37,115.72,116.1,66849.596
2025-07-28 06:00:00,116.1,116.29,115.55,115.62,42521.73
2025-07-28 06:30:00,115.61,115.92,115.44,115.81,33002.885
2025-07-28 07:00:00,115.81,115.82,114.41,115.14,91910.19
2025-07-28 07:30:00,115.14,115.19,114.73,114.83,37592.45
2025-07-28 08:00:00,114.83,114.83,114.23,114.66,55354.554
2025-07-28 08:30:00,114.66,114.7,114.02,114.4,41104.945
2025-07-28 09:00:00,114.39,114.49,114.05,114.17,45272.659
2025-07-28 09:30:00,114.18,115.15,113.81,114.7,59881.476
2025-07-28 10:00:00,114.69,114.75,114.27,114.57,29133.277
2025-07-28 10:30:00,114.57,114.57,113.63,113.75,67832.24
2025-07-28 11:00:00,113.76,113.82,112.93,112.99,68972.012
2025-07-28 11:30:00,112.99,113.47,112.91,113.44,49019.377
2025-07-28 12:00:00,113.44,113.78,113.2,113.36,46769.66
2025-07-28 12:30:00,113.35,113.57,113.11,113.17,37123.601
2025-07-28 13:00:00,113.18,113.2,111.69,112.14,159514.288
2025-07-28 13:30:00,112.14,112.66,111.29,111.44,130528.439
2025-07-28 14:00:00,111.43,111.64,109.72,110.06,205574.139
2025-07-28 14:30:00,110.06,110.74,109.79,110.14,105485.683
2025-07-28 15:00:00,110.14,110.79,110.03,110.73,73768.381
2025-07-28 15:30:00,110.72,111.06,109.89,110.31,78369.518
2025-07-28 16:00:00,110.3,110.58,109.75,110.52,78359.028
2025-07-28 16:30:00,110.51,110.96,110.25,110.46,59606.538
2025-07-28 17:00:00,110.45,110.71,109.78,110.6,75333.771
2025-07-28 17:30:00,110.59,110.73,109.81,109.92,48772.647
2025-07-28 18:00:00,109.93,110.04,108.43,109.11,148348.344
2025-07-28 18:30:00,109.12,109.39,108.58,109.1,52378.393
2025-07-28 19:00:00,109.09,109.87,109.01,109.66,56397.809
2025-07-28 19:30:00,109.66,109.66,108.64,109.45,46527.967
2025-07-28 20:00:00,109.45,109.79,108.46,108.62,90594.324
2025-07-28 20:30:00,108.61,109.59,108.6,109.35,66257.747
2025-07-28 21:00:00,109.34,109.66,108.89,109.32,28174.523
2025-07-28 21:30:00,109.31,110.08,109.14,109.55,37312.993
2025-07-28 22:00:00,109.54,109.69,109.04,109.14,31376.219
2025-07-28 22:30:00,109.14,109.24,108.36,108.93,73032.647
2025-07-28 23:00:00,108.93,109.24,108.61,108.66,35828.293
2025-07-28 23:30:00,108.65,109.02,108.22,108.96,30470.288
2025-07-29 00:00:00,108.97,110.06,108.74,109.46,75574.701
2025-07-29 00:30:00,109.46,109.57,107.4,108.95,123305.57
2025-07-29 01:00:00,108.96,109.41,108.51,109.32,42323.415
2025-07-29 01:30:00,109.32,109.45,108.31,108.34,38072.829
2025-07-29 02:00:00,108.35,108.76,107.57,108.51,62747.916
2025-07-29 02:30:00,108.52,108.59,107.6,107.96,41436.155
2025-07-29 03:00:00,107.96,108.92,107.95,108.66,42430.689
2025-07-29 03:30:00,108.66,109.43,108.29,109.22,43710.478
2025-07-29 04:00:00,109.22,109.75,109.18,109.65,46321.158
2025-07-29 04:30:00,109.64,109.7,108.76,108.85,31437.767
2025-07-29 05:00:00,108.86,109.32,108.66,109.14,23233.398
2025-07-29 05:30:00,109.13,109.68,109.04,109.66,26961.903
2025-07-29 06:00:00,109.67,110.19,109.51,109.89,45449.146
2025-07-29 06:30:00,109.89,110.35,109.84,110.1,48998.676
2025-07-29 07:00:00,110.1,110.39,109.83,109.88,46496.331
2025-07-29 07:30:00,109.89,110.73,109.8,110.56,65496.168
2025-07-29 08:00:00,110.56,110.59,109.67,109.82,80658.505
2025-07-29 08:30:00,109.82,110.37,109.82,109.92,34528.329
2025-07-29 09:00:00,109.92,110.5,109.66,110.31,43777.443
2025-07-29 09:30:00,110.31,110.36,109.89,110.13,29128.816
2025-07-29 10:00:00,110.12,110.19,108.98,109.19,62174.516
2025-07-29 10:30:00,109.19,109.45,108.21,108.4,62141.514
2025-07-29 11:00:00,108.39,109.05,108.29,108.95,42114.162
2025-07-29 11:30:00,108.94,109.14,108.59,109.13,33723.445
2025-07-29 12:00:00,109.13,110.0,108.99,109.82,67830.435
2025-07-29 12:30:00,109.81,110.17,109.53,109.94,31963.436
2025-07-29 13:00:00,109.94,110.25,109.73,110.17,30176.202
2025-07-29 13:30:00,110.17,110.48,108.91,109.22,69693.997
2025-07-29 14:00:00,109.23,109.31,107.89,109.15,126013.931
2025-07-29 14:30:00,109.15,109.2,106.87,108.01,166282.34
2025-07-29 15:00:00,108.0,108.32,107.38,107.45,103038.054
2025-07-29 15:30:00,107.45,108.44,107.15,108.02,72091.036
2025-07-29 16:00:00,108.02,108.2,107.04,107.57,70823.758
2025-07-29 16:30:00,107.58,108.94,106.68,108.73,137756.593
2025-07-29 17:00:00,108.73,109.74,108.56,109.71,60472.105
2025-07-29 17:30:00,109.7,109.88,109.09,109.17,47840.327
2025-07-29 18:00:00,109.18,109.61,108.69,109.25,33816.974
2025-07-29 18:30:00,109.26,109.44,108.71,108.88,30297.81
2025-07-29 19:00:00,108.89,109.51,107.93,108.13,77181.331
2025-07-29 19:30:00,108.15,108.5,107.9,108.05,58085.345
2025-07-29 20:00:00,108.05,108.82,107.21,107.96,91958.417
2025-07-29 20:30:00,107.96,108.2,107.31,108.2,53797.443
2025-07-29 21:00:00,108.21,108.29,107.35,107.75,32856.487
2025-07-29 21:30:00,107.74,108.78,107.67,108.47,22617.824
2025-07-29 22:00:00,108.47,108.81,107.78,108.26,46284.023
2025-07-29 22:30:00,108.25,108.73,108.06,108.65,21497.505
2025-07-29 23:00:00,108.66,108.85,108.47,108.55,22676.145
2025-07-29 23:30:00,108.56,108.82,108.11,108.46,25112.864
2025-07-30 00:00:00,108.46,108.47,107.78,107.87,27736.699
2025-07-30 00:30:00,107.86,108.04,107.16,107.88,35219.195
2025-07-30 01:00:00,107.87,108.25,107.18,107.81,32226.496
2025-07-30 01:30:00,107.81,109.23,107.71,108.92,60367.179
2025-07-30 02:00:00,108.92,109.59,108.68,109.14,41762.418
2025-07-30 02:30:00,109.14,109.38,108.86,109.08,26636.822
2025-07-30 03:00:00,109.08,109.26,108.77,109.18,21923.214
2025-07-30 03:30:00,109.19,109.22,108.81,108.86,23969.898
2025-07-30 04:00:00,108.87,109.11,108.36,108.36,18210.946
2025-07-30 04:30:00,108.37,108.37,107.72,108.01,51999.079
2025-07-30 05:00:00,108.01,108.26,107.4,108.25,43370.825
2025-07-30 05:30:00,108.26,108.82,107.98,108.72,35107.945
2025-07-30 06:00:00,108.71,109.21,108.66,109.21,29062.835
2025-07-30 06:30:00,109.2,109.33,108.85,109.13,39239.015
2025-07-30 07:00:00,109.13,109.4,108.71,109.39,40418.045
2025-07-30 07:30:00,109.39,109.53,108.85,109.23,38753.437
2025-07-30 08:00:00,109.23,109.78,108.89,109.3,48120.117
2025-07-30 08:30:00,109.3,110.36,109.2,109.8,66838.412
2025-07-30 09:00:00,109.8,110.02,108.26,108.65,76164.406
2025-07-30 09:30:00,108.66,108.76,108.27,108.41,54385.518
2025-07-30 10:00:00,108.42,109.08,108.31,108.66,44475.376
2025-07-30 10:30:00,108.65,108.82,107.81,108.06,108384.418
2025-07-30 11:00:00,108.06,108.52,107.21,107.28,78319.722
2025-07-30 11:30:00,107.29,107.66,106.76,107.38,110599.686
2025-07-30 12:00:00,107.39,108.53,106.75,108.47,105615.223
2025-07-30 12:30:00,108.48,108.72,107.69,108.26,72467.513
2025-07-30 13:00:00,108.26,108.6,107.07,107.45,59734.422
2025-07-30 13:30:00,107.46,108.43,107.39,108.06,62399.543
2025-07-30 14:00:00,108.07,108.57,107.52,108.06,35376.694
2025-07-30 14:30:00,108.07,109.44,108.07,109.38,70453.383
2025-07-30 15:00:00,109.38,109.82,108.95,109.4,74806.421
2025-07-30 15:30:00,109.39,109.62,108.75,109.33,39024.378
2025-07-30 16:00:00,109.34,109.93,108.9,109.33,59695.989
2025-07-30 16:30:00,109.32,109.62,108.82,109.59,43414.151
2025-07-30 17:00:00,109.6,109.85,109.18,109.68,31612.507
2025-07-30 17:30:00,109.68,110.15,109.66,110.13,32077.942
2025-07-30 18:00:00,110.13,110.5,109.28,109.94,86894.19
2025-07-30 18:30:00,109.94,110.16,107.76,107.96,143608.552
2025-07-30 19:00:00,107.96,108.29,105.03,107.66,474132.979
2025-07-30 19:30:00,107.66,109.05,107.11,108.87,96445.167
2025-07-30 20:00:00,108.86,109.91,108.83,109.26,81206.604
2025-07-30 20:30:00,109.26,109.87,109.24,109.81,41798.975
2025-07-30 21:00:00,109.81,110.4,109.01,109.02,57697.79
2025-07-30 21:30:00,109.02,109.49,108.34,109.45,45788.991
2025-07-30 22:00:00,109.45,109.93,109.1,109.58,42644.892
2025-07-30 22:30:00,109.57,110.09,109.36,110.0,29740.248
2025-07-30 23:00:00,109.99,110.89,109.92,110.87,61494.604
2025-07-30 23:30:00,110.87,111.32,110.34,110.45,62062.841
2025-07-31 00:00:00,110.46,111.74,110.16,111.66,76594.215
2025-07-31 00:30:00,111.65,111.79,111.04,111.1,64612.714
2025-07-31 01:00:00,111.11,111.24,110.44,110.96,44829.944
2025-07-31 01:30:00,110.96,111.27,110.23,110.38,56416.786
2025-07-31 02:00:00,110.38,110.9,110.16,110.85,36913.826
2025-07-31 02:30:00,110.84,111.02,110.28,110.42,38371.436
2025-07-31 03:00:00,110.42,110.93,110.37,110.79,28770.229
2025-07-31 03:30:00,110.8,110.83,110.44,110.58,25367.109
2025-07-31 04:00:00,110.58,110.65,110.25,110.35,22538.293
2025-07-31 04:30:00,110.34,110.78,110.31,110.56,35735.3
2025-07-31 05:00:00,110.56,110.67,110.31,110.4,22265.878
2025-07-31 05:30:00,110.39,110.91,110.37,110.64,28427.84
2025-07-31 06:00:00,110.63,110.94,110.39,110.8,28065.125
2025-07-31 06:30:00,110.79,111.35,110.72,110.97,41400.629
2025-07-31 07:00:00,110.97,111.04,110.5,110.64,42887.954
2025-07-31 07:30:00,110.64,110.75,110.46,110.62,22999.888
2025-07-31 08:00:00,110.62,110.8,110.56,110.73,22730.924
2025-07-31 08:30:00,110.73,111.17,110.55,111.07,30037.69
2025-07-31 09:00:00,111.09,111.1,110.72,110.95,35623.552
2025-07-31 09:30:00,110.95,111.37,110.91,110.97,27687.171
2025-07-31 10:00:00,110.98,111.1,110.59,110.63,24392.34
2025-07-31 10:30:00,110.63,110.98,110.52,110.58,27977.851
2025-07-31 11:00:00,110.57,110.75,110.12,110.21,38520.997
2025-07-31 11:30:00,110.23,110.34,109.47,109.95,78590.522
2025-07-31 12:00:00,109.94,110.06,109.39,109.87,51456.595
2025-07-31 12:30:00,109.88,110.0,109.54,109.9,39736.482
2025-07-31 13:00:00,109.89,109.94,108.74,109.39,97156.0
2025-07-31 13:30:00,109.39,109.93,108.93,109.55,81239.203
2025-07-31 14:00:00,109.55,109.71,108.58,108.83,91776.15
2025-07-31 14:30:00,108.82,109.41,108.68,108.7,68611.994
2025-07-31 15:00:00,108.69,109.35,108.43,109.2,47567.797
2025-07-31 15:30:00,109.2,109.46,108.88,109.19,47044.904
2025-07-31 16:00:00,109.19,109.85,108.97,109.77,45077.287
2025-07-31 16:30:00,109.77,110.41,109.51,110.08,70412.194
2025-07-31 17:00:00,110.09,110.11,108.84,109.03,53600.882
2025-07-31 17:30:00,109.04,109.34,108.16,108.7,101330.321
2025-07-31 18:00:00,108.69,108.99,108.07,108.95,59779.393
2025-07-31 18:30:00,108.94,109.5,108.83,109.04,32682.422
2025-07-31 19:00:00,109.05,109.18,108.26,108.47,44693.405
2025-07-31 19:30:00,108.48,108.59,107.86,108.18,60530.878
2025-07-31 20:00:00,108.16,108.63,107.66,108.18,75070.187
2025-07-31 20:30:00,108.18,108.43,107.62,108.05,49683.49
2025-07-31 21:00:00,108.05,108.48,107.95,108.41,46572.278
2025-07-31 21:30:00,108.41,108.56,107.17,107.82,53005.996
2025-07-31 22:00:00,107.83,107.96,106.96,107.41,78744.423
2025-07-31 22:30:00,107.42,107.43,106.68,106.76,48519.116
2025-07-31 23:00:00,106.76,107.44,106.64,106.66,42062.151
2025-07-31 23:30:00,106.66,106.66,105.66,106.01,119403.63
2025-08-01 00:00:00,106.01,106.57,105.06,105.91,112580.765
2025-08-01 00:30:00,105.9,106.08,103.69,105.89,246211.867
2025-08-01 01:00:00,105.89,106.46,104.74,105.49,175733.727
2025-08-01 01:30:00,105.49,106.28,105.09,105.97,75846.106
2025-08-01 02:00:00,105.96,106.77,105.81,106.24,57003.257
2025-08-01 02:30:00,106.24,106.91,106.11,106.78,36420.964
2025-08-01 03:00:00,106.77,106.98,106.18,106.89,47380.006
2025-08-01 03:30:00,106.88,106.93,106.23,106.42,20151.854
2025-08-01 04:00:00,106.41,106.41,105.58,106.01,49351.035
2025-08-01 04:30:00,106.01,106.26,105.76,105.92,30828.128
2025-08-01 05:00:00,105.92,106.38,105.57,105.65,45665.028
2025-08-01 05:30:00,105.66,106.04,104.93,105.22,53573.978
2025-08-01 06:00:00,105.22,105.53,104.44,104.51,85641.982
2025-08-01 06:30:00,104.52,105.28,104.31,105.22,46111.872
2025-08-01 07:00:00,105.22,105.58,104.77,104.84,64471.481
2025-08-01 07:30:00,104.85,105.09,104.52,105.0,56305.686
2025-08-01 08:00:00,105.0,105.0,103.08,103.62,175767.262
2025-08-01 08:30:00,103.62,104.6,103.45,103.82,101091.55
2025-08-01 09:00:00,103.81,104.86,103.72,104.53,95500.912
2025-08-01 09:30:00,104.54,104.67,103.8,103.9,52131.792
2025-08-01 10:00:00,103.9,104.82,103.79,104.7,32386.498
2025-08-01 10:30:00,104.71,104.94,104.5,104.81,28180.099
2025-08-01 11:00:00,104.82,105.04,104.39,104.67,45271.088
2025-08-01 11:30:00,104.66,105.55,104.57,105.45,55477.346
2025-08-01 12:00:00,105.43,105.82,105.02,105.26,61853.664
2025-08-01 12:30:00,105.25,106.04,104.88,105.58,85053.005
2025-08-01 13:00:00,105.59,106.09,105.29,105.43,51383.932
2025-08-01 13:30:00,105.43,105.57,103.83,104.61,137346.697
2025-08-01 14:00:00,104.6,106.92,103.95,106.81,197792.17
2025-08-01 14:30:00,106.81,106.88,105.95,106.35,85355.681
2025-08-01 15:00:00,106.36,106.42,105.06,105.69,125422.047
2025-08-01 15:30:00,105.7,106.4,105.2,106.3,59500.173
2025-08-01 16:00:00,106.31,106.89,106.05,106.59,49985.015
2025-08-01 16:30:00,106.6,106.6,105.07,105.45,115706.065
2025-08-01 17:00:00,105.44,105.46,104.61,105.35,63409.423
2025-08-01 17:30:00,105.34,105.92,104.73,105.03,48438.788
2025-08-01 18:00:00,105.02,105.47,103.92,105.15,96962.785
2025-08-01 18:30:00,105.14,105.68,104.66,105.05,59502.492
2025-08-01 19:00:00,105.04,105.54,104.83,105.34,65530.369
2025-08-01 19:30:00,105.35,106.38,105.15,106.24,88120.31
2025-08-01 20:00:00,106.24,106.44,105.27,105.75,134967.016
2025-08-01 20:30:00,105.74,106.68,104.53,106.45,88992.667
2025-08-01 21:00:00,106.45,107.88,106.21,107.83,151847.216
2025-08-01 21:30:00,107.83,108.35,107.39,107.55,94590.858
2025-08-01 22:00:00,107.56,107.62,105.0,105.64,169539.492
2025-08-01 22:30:00,105.65,105.86,103.93,105.13,164451.973
2025-08-01 23:00:00,105.13,106.41,104.73,106.18,68567.824
2025-08-01 23:30:00,106.16,106.78,105.89,106.55,49109.202
2025-08-02 00:00:00,106.56,106.98,106.35,106.4,56289.611
2025-08-02 00:30:00,106.4,107.54,105.8,107.39,95697.6
2025-08-02 01:00:00,107.39,107.74,106.66,107.07,55560.758
2025-08-02 01:30:00,107.08,107.59,106.85,107.5,31216.49
2025-08-02 02:00:00,107.51,108.1,107.47,107.94,44696.812
2025-08-02 02:30:00,107.95,108.41,107.44,107.54,34373.805
2025-08-02 03:00:00,107.54,107.86,107.34,107.56,26689.46
2025-08-02 03:30:00,107.56,107.88,107.38,107.58,17193.448
2025-08-02 04:00:00,107.58,107.95,107.52,107.89,24393.75
2025-08-02 04:30:00,107.89,108.23,107.71,107.73,24796.935
2025-08-02 05:00:00,107.73,107.96,107.51,107.85,23262.823
2025-08-02 05:30:00,107.86,107.97,107.62,107.84,21934.294
2025-08-02 06:00:00,107.84,108.12,106.77,106.78,79213.363
2025-08-02 06:30:00,106.78,107.46,106.16,107.26,94061.907
2025-08-02 07:00:00,107.24,107.83,106.45,107.79,57040.541
2025-08-02 07:30:00,107.78,108.47,107.44,108.3,81819.725
2025-08-02 08:00:00,108.3,108.44,107.25,107.44,65125.785
2025-08-02 08:30:00,107.44,107.55,106.78,106.8,66490.67
2025-08-02 09:00:00,106.8,107.11,106.62,106.85,49028.298
2025-08-02 09:30:00,106.84,107.65,106.57,107.53,56075.745
2025-08-02 10:00:00,107.54,107.67,106.66,107.05,57350.76
2025-08-02 10:30:00,107.05,107.07,106.05,106.67,101147.916
2025-08-02 11:00:00,106.67,107.51,106.28,107.44,36758.877
2025-08-02 11:30:00,107.44,107.54,106.62,106.98,43535.587
2025-08-02 12:00:00,106.97,107.08,106.63,106.89,22422.411
2025-08-02 12:30:00,106.88,107.65,106.41,107.54,38653.456
2025-08-02 13:00:00,107.54,108.22,107.44,108.01,58852.669
2025-08-02 13:30:00,108.01,109.16,107.72,108.84,122564.593
2025-08-02 14:00:00,108.84,109.33,108.24,108.81,111660.353
2025-08-02 14:30:00,108.8,108.81,107.82,108.33,130192.459
2025-08-02 15:00:00,108.32,110.1,108.24,109.33,193603.758
2025-08-02 15:30:00,109.33,109.38,107.9,108.05,137601.899
2025-08-02 16:00:00,108.06,108.08,107.1,107.26,109341.885
2025-08-02 16:30:00,107.26,107.77,106.09,106.71,237618.629
2025-08-02 17:00:00,106.7,107.2,106.34,106.5,87032.015
2025-08-02 17:30:00,106.51,106.66,104.0,104.64,229233.104
2025-08-02 18:00:00,104.63,105.52,104.18,104.55,164743.262
2025-08-02 18:30:00,104.54,105.77,104.36,105.06,150181.979
2025-08-02 19:00:00,105.06,106.39,104.84,106.39,93326.303
2025-08-02 19:30:00,106.39,106.46,104.68,104.74,95513.402
2025-08-02 20:00:00,104.75,105.85,104.51,105.69,96762.015
2025-08-02 20:30:00,105.68,106.79,105.19,106.73,81817.109
2025-08-02 21:00:00,106.73,107.1,105.88,106.48,90718.43
2025-08-02 21:30:00,106.49,107.13,105.44,105.58,92262.533
2025-08-02 22:00:00,105.58,106.18,105.12,105.39,55402.37
2025-08-02 22:30:00,105.39,107.04,105.23,106.76,76707.172
2025-08-02 23:00:00,106.76,106.81,105.7,105.85,70244.705
2025-08-02 23:30:00,105.86,107.04,105.82,106.05,73297.48
2025-08-03 00:00:00,106.06,106.53,104.7,104.84,127761.819
2025-08-03 00:30:00,104.84,106.17,104.09,105.96,142152.654
2025-08-03 01:00:00,105.95,107.82,105.71,107.63,109342.657
2025-08-03 01:30:00,107.62,108.3,107.21,107.47,83176.612
2025-08-03 02:00:00,107.46,108.7,107.37,108.63,75838.418
2025-08-03 02:30:00,108.62,109.05,108.52,108.7,66539.023
2025-08-03 03:00:00,108.7,108.72,107.91,107.97,74885.228
2025-08-03 03:30:00,107.96,108.01,107.06,107.54,122341.287
2025-08-03 04:00:00,107.54,107.73,107.0,107.7,37306.053
2025-08-03 04:30:00,107.7,107.71,106.63,107.29,68658.576
2025-08-03 05:00:00,107.29,107.63,107.01,107.49,30800.487
2025-08-03 05:30:00,107.49,107.62,107.09,107.42,21836.27
2025-08-03 06:00:00,107.41,108.04,107.21,107.78,54190.243
2025-08-03 06:30:00,107.78,108.06,107.53,107.87,21754.007
2025-08-03 07:00:00,107.87,108.15,107.61,108.12,34079.363
2025-08-03 07:30:00,108.12,108.49,108.04,108.1,44222.308
2025-08-03 08:00:00,108.1,108.47,107.91,108.13,36742.608
2025-08-03 08:30:00,108.13,108.58,107.73,108.46,45886.358
2025-08-03 09:00:00,108.46,109.06,108.3,108.98,49826.732
2025-08-03 09:30:00,108.98,109.89,108.9,109.58,84357.388
2025-08-03 10:00:00,109.59,110.1,109.2,109.45,93537.332
2025-08-03 10:30:00,109.45,109.49,108.9,109.16,65140.211
2025-08-03 11:00:00,109.17,109.77,108.93,109.09,79682.893
2025-08-03 11:30:00,109.09,109.26,108.75,109.11,42511.578
2025-08-03 12:00:00,109.11,109.61,108.98,109.46,45134.264
2025-08-03 12:30:00,109.46,110.23,109.4,109.76,62258.548
2025-08-03 13:00:00,109.75,110.14,109.29,109.39,45935.013
2025-08-03 13:30:00,109.39,109.64,109.07,109.18,38905.669
2025-08-03 14:00:00,109.19,109.29,108.36,108.9,62864.384
2025-08-03 14:30:00,108.9,109.2,108.54,109.14,34592.476
2025-08-03 15:00:00,109.14,109.5,108.8,109.44,37600.512
2025-08-03 15:30:00,109.45,109.93,109.07,109.85,38459.302
2025-08-03 16:00:00,109.84,109.88,109.33,109.54,35664.461
2025-08-03 16:30:00,109.55,110.04,109.55,109.76,32945.912
2025-08-03 17:00:00,109.75,109.89,109.22,109.3,39356.15
2025-08-03 17:30:00,109.3,109.57,108.98,109.01,35182.398
2025-08-03 18:00:00,109.01,109.03,108.6,108.8,38839.693
2025-08-03 18:30:00,108.79,109.11,108.49,108.91,44160.614
2025-08-03 19:00:00,108.92,109.19,108.75,108.99,26265.147
2025-08-03 19:30:00,108.99,109.17,108.65,108.9,24930.612
2025-08-03 20:00:00,108.89,109.18,108.76,109.17,32925.841
2025-08-03 20:30:00,109.16,109.5,108.91,109.34,20880.941
2025-08-03 21:00:00,109.34,109.54,109.14,109.37,23121.565
2025-08-03 21:30:00,109.37,109.57,109.07,109.21,20325.645
2025-08-03 22:00:00,109.21,109.55,108.83,109.09,22460.708
2025-08-03 22:30:00,109.09,109.99,109.04,109.7,26711.244
2025-08-03 23:00:00,109.71,111.4,109.64,110.32,152640.161
2025-08-03 23:30:00,110.33,110.7,110.27,110.34,33644.941
2025-08-04 00:00:00,110.34,111.42,110.08,111.2,76827.986
2025-08-04 00:30:00,111.2,111.87,110.89,111.47,81407.474
2025-08-04 01:00:00,111.49,111.64,110.72,110.97,66904.262
2025-08-04 01:30:00,110.97,111.36,110.59,110.84,37216.41
2025-08-04 02:00:00,110.84,111.35,110.65,111.32,48175.752
2025-08-04 02:30:00,111.3,111.51,110.87,111.38,34603.807
2025-08-04 03:00:00,111.38,111.54,110.81,110.89,27725.791
2025-08-04 03:30:00,110.88,111.52,110.78,111.46,32333.437
2025-08-04 04:00:00,111.46,111.79,110.95,111.09,60918.653
2025-08-04 04:30:00,111.08,111.08,110.44,110.67,51785.026
2025-08-04 05:00:00,110.67,111.0,110.62,110.71,41403.288
2025-08-04 05:30:00,110.71,111.16,110.35,111.11,46624.157
2025-08-04 06:00:00,111.11,111.42,110.66,111.22,41147.486
2025-08-04 06:30:00,111.22,111.94,111.02,111.89,65081.596
2025-08-04 07:00:00,111.89,112.13,111.45,111.83,67060.737
2025-08-04 07:30:00,111.83,112.47,111.37,111.44,76343.652
2025-08-04 08:00:00,111.43,111.87,111.4,111.51,46503.95
2025-08-04 08:30:00,111.51,111.61,111.05,111.29,38901.957
2025-08-04 09:00:00,111.29,113.39,111.02,112.7,180152.803
2025-08-04 09:30:00,112.7,113.33,112.15,112.9,109422.881
2025-08-04 10:00:00,112.89,113.04,112.03,112.19,53924.536
2025-08-04 10:30:00,112.19,112.38,111.89,112.03,41218.619
2025-08-04 11:00:00,112.03,112.44,111.68,112.41,52438.655
2025-08-04 11:30:00,112.41,114.26,112.1,114.13,191957.532
2025-08-04 12:00:00,114.13,116.49,113.73,115.86,295535.34
2025-08-04 12:30:00,115.86,117.47,115.65,116.88,245816.481
2025-08-04 13:00:00,116.88,117.2,115.98,116.58,149504.003
2025-08-04 13:30:00,116.57,118.69,116.47,118.44,289932.912
2025-08-04 14:00:00,118.44,119.67,117.95,119.39,241044.517
2025-08-04 14:30:00,119.39,119.59,118.32,118.42,250849.829
2025-08-04 15:00:00,118.43,119.51,118.43,119.23,134743.122
2025-08-04 15:30:00,119.22,119.3,117.67,117.8,143021.626
2025-08-04 16:00:00,117.8,119.11,117.56,118.76,166908.93
2025-08-04 16:30:00,118.76,119.36,118.74,119.12,71119.472
2025-08-04 17:00:00,119.13,119.48,118.65,119.23,122987.374
2025-08-04 17:30:00,119.24,119.63,118.73,119.15,77057.98
2025-08-04 18:00:00,119.14,119.88,119.0,119.06,92477.589
2025-08-04 18:30:00,119.06,119.38,118.86,119.31,64554.566
2025-08-04 19:00:00,119.3,119.64,118.99,119.32,61509.425
2025-08-04 19:30:00,119.32,119.89,119.06,119.79,82476.347
2025-08-04 20:00:00,119.79,120.08,119.25,119.37,115967.755
2025-08-04 20:30:00,119.37,119.53,118.89,119.31,81139.402
2025-08-04 21:00:00,119.31,120.79,119.29,120.68,183752.053
2025-08-04 21:30:00,120.68,121.0,119.73,119.78,66683.52
2025-08-04 22:00:00,119.79,120.76,119.79,120.63,63982.566
2025-08-04 22:30:00,120.63,120.74,120.12,120.71,57222.06
2025-08-04 23:00:00,120.71,121.17,120.48,120.9,67112.383
2025-08-04 23:30:00,120.9,121.45,120.47,121.2,102304.544
2025-08-05 00:00:00,121.2,121.28,120.15,120.88,99978.508
2025-08-05 00:30:00,120.88,121.43,120.1,120.36,155933.04
2025-08-05 01:00:00,120.36,121.57,120.04,121.33,113808.693
2025-08-05 01:30:00,121.32,121.72,121.02,121.36,111116.282
2025-08-05 02:00:00,121.35,123.68,120.84,120.95,410964.086
2025-08-05 02:30:00,120.95,122.43,120.84,122.02,141509.154
2025-08-05 03:00:00,122.02,122.19,121.23,121.91,136210.256
2025-08-05 03:30:00,121.92,122.39,121.66,121.75,98741.917
2025-08-05 04:00:00,121.76,122.35,121.03,121.75,98302.971
2025-08-05 04:30:00,121.75,121.76,121.17,121.62,59909.455
2025-08-05 05:00:00,121.61,122.98,121.55,122.57,142932.403
2025-08-05 05:30:00,122.57,124.11,122.23,124.02,225191.892
2025-08-05 06:00:00,124.02,125.06,123.72,123.87,242104.006
2025-08-05 06:30:00,123.87,123.93,122.4,122.71,167970.119
2025-08-05 07:00:00,122.7,123.4,122.29,122.46,149240.295
2025-08-05 07:30:00,122.46,122.46,120.6,120.87,503221.546
2025-08-05 08:00:00,120.86,122.6,120.72,121.98,253183.366
2025-08-05 08:30:00,121.98,122.84,121.45,122.84,110645.172
2025-08-05 09:00:00,122.85,126.5,122.77,125.98,449287.07
2025-08-05 09:30:00,125.98,127.65,125.93,127.27,372004.618
2025-08-05 10:00:00,127.26,127.57,126.83,127.11,158002.038
2025-08-05 10:30:00,127.11,128.94,127.11,128.26,297798.553
2025-08-05 11:00:00,128.26,129.21,127.49,127.63,172536.215
2025-08-05 11:30:00,127.63,128.32,127.26,127.6,134842.084
2025-08-05 12:00:00,127.61,128.41,123.49,123.67,1050975.391
2025-08-05 12:30:00,123.67,124.38,123.06,123.82,352085.996
2025-08-05 13:00:00,123.82,124.15,123.16,123.49,140182.984
2025-08-05 13:30:00,123.48,123.77,122.84,123.5,154607.246
2025-08-05 14:00:00,123.49,123.79,121.0,122.17,478404.098
2025-08-05 14:30:00,122.17,123.28,121.76,123.1,241497.433
2025-08-05 15:00:00,123.09,123.09,121.71,122.36,170707.117
2025-08-05 15:30:00,122.37,122.44,121.41,122.04,121408.06
2025-08-05 16:00:00,122.02,123.91,121.96,122.9,252169.654
2025-08-05 16:30:00,122.9,123.25,121.31,121.36,181349.116
2025-08-05 17:00:00,121.37,121.74,121.12,121.34,93838.039
2025-08-05 17:30:00,121.33,121.71,120.44,120.87,124329.599
2025-08-05 18:00:00,120.86,121.29,120.15,120.38,99350.386
2025-08-05 18:30:00,120.37,120.59,119.5,119.99,158700.767
2025-08-05 19:00:00,119.98,120.43,119.76,120.05,75905.756
2025-08-05 19:30:00,120.04,120.27,119.57,120.06,54402.884
2025-08-05 20:00:00,120.06,120.88,119.93,120.43,108898.343
2025-08-05 20:30:00,120.43,120.5,119.6,119.75,65354.248
2025-08-05 21:00:00,119.76,120.67,119.63,120.59,50190.013
2025-08-05 21:30:00,120.59,121.28,120.21,120.46,90552.171
2025-08-05 22:00:00,120.46,120.63,119.76,120.0,82599.909
2025-08-05 22:30:00,120.01,121.35,119.88,121.05,61473.75
2025-08-05 23:00:00,121.05,121.34,120.66,120.75,91865.872
2025-08-05 23:30:00,120.75,121.17,120.03,120.22,55272.257
2025-08-06 00:00:00,120.22,120.48,118.08,118.37,183831.108
2025-08-06 00:30:00,118.37,119.2,118.31,118.91,89173.905
2025-08-06 01:00:00,118.9,119.24,118.18,118.28,79794.837
2025-08-06 01:30:00,118.28,118.55,117.87,118.32,109369.968
2025-08-06 02:00:00,118.32,119.15,118.15,118.7,56749.127
2025-08-06 02:30:00,118.71,119.01,118.24,118.4,36296.612
2025-08-06 03:00:00,118.41,118.44,117.75,117.82,67214.69
2025-08-06 03:30:00,117.83,118.36,117.79,118.18,44342.395
2025-08-06 04:00:00,118.18,118.49,117.69,118.44,84167.332
2025-08-06 04:30:00,118.44,118.67,117.54,117.89,85395.023
2025-08-06 05:00:00,117.9,118.95,117.71,117.95,163710.149
2025-08-06 05:30:00,117.95,118.92,117.82,118.54,146154.141
2025-08-06 06:00:00,118.54,118.57,117.24,117.8,109832.793
2025-08-06 06:30:00,117.8,118.18,117.44,117.64,62760.985
2025-08-06 07:00:00,117.64,118.19,117.41,117.92,70940.178
2025-08-06 07:30:00,117.92,118.39,117.77,118.34,48129.584
2025-08-06 08:00:00,118.34,118.64,117.68,117.79,73506.547
2025-08-06 08:30:00,117.79,117.84,116.4,117.18,191215.432
2025-08-06 09:00:00,117.18,117.9,117.01,117.34,83634.808
2025-08-06 09:30:00,117.34,117.37,117.01,117.31,42753.743
2025-08-06 10:00:00,117.31,117.4,116.22,116.48,103224.711
2025-08-06 10:30:00,116.48,116.85,116.35,116.49,50078.632
2025-08-06 11:00:00,116.5,116.86,116.49,116.7,57203.323
2025-08-06 11:30:00,116.7,116.83,116.26,116.39,58259.494
2025-08-06 12:00:00,116.39,116.49,115.69,116.09,119298.42
2025-08-06 12:30:00,116.09,116.31,115.41,115.47,76294.215
2025-08-06 13:00:00,115.46,115.77,115.15,115.62,91872.121
2025-08-06 13:30:00,115.63,115.85,115.18,115.52,92046.68
2025-08-06 14:00:00,115.52,116.61,115.51,116.16,155575.544
2025-08-06 14:30:00,116.16,117.33,115.92,117.27,153622.842
2025-08-06 15:00:00,117.26,117.63,116.72,117.63,136391.28
2025-08-06 15:30:00,117.63,118.47,117.4,118.21,153500.909
2025-08-06 16:00:00,118.21,118.51,116.9,117.6,153578.371
2025-08-06 16:30:00,117.6,118.02,117.24,117.59,105012.939
2025-08-06 17:00:00,117.59,118.06,117.34,117.47,92597.504
2025-08-06 17:30:00,117.46,118.82,117.29,118.47,132361.364
2025-08-06 18:00:00,118.48,118.99,118.43,118.65,70741.495
2025-08-06 18:30:00,118.65,119.32,118.55,119.3,71987.667
2025-08-06 19:00:00,119.3,121.08,119.16,120.06,182039.626
2025-08-06 19:30:00,120.06,120.69,119.51,120.01,121663.481
2025-08-06 20:00:00,120.0,120.26,119.15,119.2,62880.298
2025-08-06 20:30:00,119.21,119.48,118.8,119.24,75265.161
2025-08-06 21:00:00,119.25,119.47,118.52,118.59,47893.998
2025-08-06 21:30:00,118.59,119.32,118.41,119.09,42196.534
2025-08-06 22:00:00,119.09,119.34,118.68,118.84,35387.425
2025-08-06 22:30:00,118.83,119.19,118.63,119.18,30099.828
2025-08-06 23:00:00,119.18,120.11,119.16,119.96,63170.887
2025-08-06 23:30:00,119.96,119.97,119.06,119.15,39261.198
2025-08-07 00:00:00,119.15,119.23,117.78,118.16,101345.67
2025-08-07 00:30:00,118.15,118.45,118.03,118.09,45019.337
2025-08-07 01:00:00,118.08,120.59,118.03,119.52,99615.091
2025-08-07 01:30:00,119.51,119.53,118.81,118.91,59202.562
2025-08-07 02:00:00,118.91,121.08,118.78,120.46,164351.897
2025-08-07 02:30:00,120.46,120.93,120.05,120.25,81677.56
2025-08-07 03:00:00,120.24,120.8,119.31,119.46,77814.83
2025-08-07 03:30:00,119.46,119.84,119.23,119.39,42763.955
2025-08-07 04:00:00,119.39,121.88,119.31,121.82,122693.061
2025-08-07 04:30:00,121.82,121.87,120.56,121.14,128314.157
2025-08-07 05:00:00,121.15,121.21,120.42,120.59,85556.169
2025-08-07 05:30:00,120.59,121.85,120.16,121.63,85909.41
2025-08-07 06:00:00,121.62,122.27,120.48,120.6,125582.92
2025-08-07 06:30:00,120.6,121.05,120.31,120.52,51051.591
2025-08-07 07:00:00,120.52,120.54,119.61,119.72,87006.992
2025-08-07 07:30:00,119.71,119.92,119.27,119.45,69695.586
2025-08-07 08:00:00,119.45,119.69,118.92,119.01,100786.988
2025-08-07 08:30:00,119.01,119.01,117.34,117.4,196357.219
2025-08-07 09:00:00,117.4,118.17,117.32,118.07,90692.147
2025-08-07 09:30:00,118.07,118.28,117.67,117.99,68094.45
2025-08-07 10:00:00,117.99,119.17,117.84,119.12,178081.366
2025-08-07 10:30:00,119.12,119.91,119.06,119.7,129542.453
2025-08-07 11:00:00,119.71,121.09,119.63,120.53,175475.778
2025-08-07 11:30:00,120.53,121.19,120.29,121.05,80779.001
2025-08-07 12:00:00,121.06,121.21,119.45,119.81,172289.523
2025-08-07 12:30:00,119.8,120.62,119.4,120.29,98590.473
2025-08-07 13:00:00,120.29,120.43,119.66,119.95,74834.585
2025-08-07 13:30:00,119.95,120.55,119.85,120.19,110885.955
2025-08-07 14:00:00,120.19,120.96,120.01,120.59,94041.084
2025-08-07 14:30:00,120.6,120.94,120.22,120.47,65809.786
2025-08-07 15:00:00,120.47,121.13,119.98,120.98,93250.146
2025-08-07 15:30:00,120.98,121.56,120.53,121.09,87496.806
2025-08-07 16:00:00,121.08,122.38,120.68,122.06,144212.496
2025-08-07 16:30:00,122.06,122.25,119.78,121.31,213888.989
2025-08-07 17:00:00,121.32,121.8,120.93,121.22,79491.718
2025-08-07 17:30:00,121.22,121.62,120.65,121.31,69966.098
2025-08-07 18:00:00,121.3,121.41,120.77,120.82,50173.329
2025-08-07 18:30:00,120.81,121.17,120.29,120.99,49796.047
2025-08-07 19:00:00,120.99,121.26,120.78,120.92,30503.314
2025-08-07 19:30:00,120.92,122.2,120.61,122.14,103867.94
2025-08-07 20:00:00,122.14,122.33,121.78,121.83,71097.655
2025-08-07 20:30:00,121.83,122.05,121.55,121.92,63008.629
2025-08-07 21:00:00,121.92,122.98,121.88,122.18,92776.967
2025-08-07 21:30:00,122.17,122.22,121.12,121.83,110751.356
2025-08-07 22:00:00,121.83,122.5,121.83,122.26,69209.731
2025-08-07 22:30:00,122.26,122.26,121.44,122.06,66237.325
2025-08-07 23:00:00,122.06,122.36,121.47,121.52,77337.347
2025-08-07 23:30:00,121.52,123.05,121.5,122.84,94916.953
2025-08-08 00:00:00,122.84,123.08,121.18,121.84,195423.036
2025-08-08 00:30:00,121.84,124.34,121.78,122.35,236990.113
2025-08-08 01:00:00,122.36,123.11,121.05,121.89,295688.023
2025-08-08 01:30:00,121.89,122.33,121.26,122.23,85722.529
2025-08-08 02:00:00,122.22,122.37,121.25,121.59,52346.888
2025-08-08 02:30:00,121.58,122.14,121.07,121.59,85961.547
2025-08-08 03:00:00,121.58,122.57,121.58,122.33,78808.22
2025-08-08 03:30:00,122.32,122.43,121.22,121.4,78626.831
2025-08-08 04:00:00,121.41,121.72,120.82,121.34,79986.802
2025-08-08 04:30:00,121.34,121.36,120.64,120.84,40098.638
2025-08-08 05:00:00,120.84,120.93,120.07,120.08,96314.695
2025-08-08 05:30:00,120.08,120.32,119.58,119.64,88844.372
2025-08-08 06:00:00,119.65,120.11,119.22,120.05,82239.18
2025-08-08 06:30:00,120.05,120.61,119.95,120.57,51062.687
2025-08-08 07:00:00,120.58,121.96,120.06,121.71,122000.079
2025-08-08 07:30:00,121.71,122.58,121.62,122.28,96059.165
2025-08-08 08:00:00,122.27,123.95,122.23,123.7,172811.496
2025-08-08 08:30:00,123.7,123.77,122.05,122.3,151392.277
2025-08-08 09:00:00,122.29,122.65,121.57,121.71,69089.184
2025-08-08 09:30:00,121.71,122.56,121.59,122.17,49633.432
2025-08-08 10:00:00,122.17,122.17,121.09,121.15,87086.151
2025-08-08 10:30:00,121.14,121.41,120.44,120.59,99624.119
2025-08-08 11:00:00,120.59,121.75,120.57,121.52,65252.613
2025-08-08 11:30:00,121.52,121.9,121.5,121.81,40013.116
2025-08-08 12:00:00,121.8,122.55,121.38,121.98,73567.257
2025-08-08 12:30:00,121.99,122.04,121.44,121.7,38164.033
2025-08-08 13:00:00,121.7,122.81,121.7,122.67,62470.748
2025-08-08 13:30:00,122.67,123.57,122.42,123.56,126286.852
2025-08-08 14:00:00,123.55,124.15,122.38,122.71,181314.697
2025-08-08 14:30:00,122.71,122.76,121.77,122.28,97948.859
2025-08-08 15:00:00,122.27,122.32,120.92,121.49,130698.915
2025-08-08 15:30:00,121.5,121.61,120.59,121.31,108317.673
2025-08-08 16:00:00,121.31,121.95,121.22,121.53,69476.598
2025-08-08 16:30:00,121.53,122.58,121.4,122.57,69054.27
2025-08-08 17:00:00,122.58,123.41,122.27,122.99,87276.077
2025-08-08 17:30:00,122.98,123.54,122.74,123.19,79410.396
2025-08-08 18:00:00,123.19,124.08,123.19,123.87,105351.885
2025-08-08 18:30:00,123.86,124.87,123.82,124.77,149322.061
2025-08-08 19:00:00,124.76,126.39,124.2,125.89,171205.67
2025-08-08 19:30:00,125.89,126.35,125.34,125.54,121592.592
2025-08-08 20:00:00,125.55,125.76,124.42,124.45,75965.568
2025-08-08 20:30:00,124.45,124.88,124.35,124.77,38641.771
2025-08-08 21:00:00,124.77,125.39,124.76,125.06,56379.341
2025-08-08 21:30:00,125.05,125.3,124.42,124.68,35278.743
2025-08-08 22:00:00,124.68,124.93,124.42,124.58,37303.821
2025-08-08 22:30:00,124.57,124.59,123.84,124.08,49835.626
2025-08-08 23:00:00,124.07,124.58,124.05,124.19,28358.417
2025-08-08 23:30:00,124.19,124.3,123.59,123.72,29920.33
2025-08-09 00:00:00,123.73,123.96,123.63,123.75,33088.373
2025-08-09 00:30:00,123.74,123.94,123.51,123.85,24006.853
2025-08-09 01:00:00,123.84,124.22,123.34,123.4,47948.862
2025-08-09 01:30:00,123.4,123.59,123.16,123.44,39700.2
2025-08-09 02:00:00,123.43,123.55,123.29,123.29,30687.556
2025-08-09 02:30:00,123.29,123.36,122.85,123.1,39278.852
2025-08-09 03:00:00,123.09,123.25,122.79,122.95,29002.493
2025-08-09 03:30:00,122.95,123.92,122.94,123.03,73322.612
2025-08-09 04:00:00,123.02,123.34,122.75,123.23,39337.825
2025-08-09 04:30:00,123.22,124.74,123.14,124.55,114041.096
2025-08-09 05:00:00,124.54,125.44,124.27,125.38,198188.284
2025-08-09 05:30:00,125.38,125.55,124.68,124.83,97796.188
2025-08-09 06:00:00,124.83,125.84,124.7,125.66,79944.192
2025-08-09 06:30:00,125.65,125.68,124.18,124.33,97532.902
2025-08-09 07:00:00,124.33,125.36,124.24,125.13,66274.58
2025-08-09 07:30:00,125.12,125.5,124.99,125.15,36177.398
2025-08-09 08:00:00,125.16,125.29,124.38,124.68,56456.5
2025-08-09 08:30:00,124.68,125.11,124.36,124.78,69599.427
2025-08-09 09:00:00,124.77,125.2,124.46,124.85,35127.306
2025-08-09 09:30:00,124.85,125.29,124.79,125.11,59491.997
2025-08-09 10:00:00,125.12,125.6,124.83,124.9,66879.853
2025-08-09 10:30:00,124.9,125.32,124.81,124.93,45365.111
2025-08-09 11:00:00,124.93,124.99,124.41,124.9,52924.413
2025-08-09 11:30:00,124.9,125.2,124.54,125.08,36558.772
2025-08-09 12:00:00,125.08,125.95,124.78,125.92,63052.073
2025-08-09 12:30:00,125.92,126.3,124.83,124.86,118387.103
2025-08-09 13:00:00,124.86,125.05,122.44,123.32,392511.127
2025-08-09 13:30:00,123.31,123.32,122.08,122.29,142352.874
2025-08-09 14:00:00,122.29,122.58,121.0,122.39,186869.116
2025-08-09 14:30:00,122.39,122.4,121.8,122.18,58525.002
2025-08-09 15:00:00,122.18,122.23,120.81,121.1,155042.155
2025-08-09 15:30:00,121.09,121.51,120.97,121.1,77540.509
2025-08-09 16:00:00,121.1,122.22,121.09,121.68,79019.808
2025-08-09 16:30:00,121.68,122.27,121.26,121.39,64312.037
2025-08-09 17:00:00,121.39,122.08,121.08,121.93,60208.433
2025-08-09 17:30:00,121.92,122.39,121.77,122.09,46309.722
2025-08-09 18:00:00,122.09,122.23,121.71,122.02,44312.486
2025-08-09 18:30:00,122.02,122.21,121.73,122.04,42444.447
2025-08-09 19:00:00,122.03,122.69,121.95,122.44,64248.843
2025-08-09 19:30:00,122.43,122.43,121.48,121.69,93994.174
2025-08-09 20:00:00,121.69,122.04,121.33,121.96,59840.932
2025-08-09 20:30:00,121.95,122.53,121.74,122.26,89910.032
2025-08-09 21:00:00,122.25,122.63,121.45,121.77,53818.748
2025-08-09 21:30:00,121.76,122.17,121.47,121.75,28065.292
2025-08-09 22:00:00,121.74,121.75,120.45,121.32,130266.878
2025-08-09 22:30:00,121.31,121.36,120.29,120.76,77126.403
2025-08-09 23:00:00,120.76,120.91,120.14,120.26,67745.225
2025-08-09 23:30:00,120.27,120.75,120.1,120.13,38728.136
2025-08-10 00:00:00,120.13,120.93,120.09,120.72,44822.052
2025-08-10 00:30:00,120.72,121.43,120.58,121.24,51236.929
2025-08-10 01:00:00,121.24,121.49,120.67,120.93,68031.254
2025-08-10 01:30:00,120.94,121.47,120.93,121.45,50156.721
2025-08-10 02:00:00,121.46,121.77,121.08,121.7,53904.987
2025-08-10 02:30:00,121.69,121.69,121.12,121.54,52830.242
2025-08-10 03:00:00,121.53,122.86,121.34,122.44,140329.839
2025-08-10 03:30:00,122.43,123.46,122.31,122.73,107002.303
2025-08-10 04:00:00,122.73,123.09,122.24,123.03,103278.512
2025-08-10 04:30:00,123.03,123.82,122.79,123.63,72839.137
2025-08-10 05:00:00,123.62,123.69,121.93,121.94,129450.07
2025-08-10 05:30:00,121.95,122.54,121.68,121.81,84389.788
2025-08-10 06:00:00,121.8,121.93,120.44,120.7,158077.525
2025-08-10 06:30:00,120.7,121.26,120.59,120.92,56251.487
2025-08-10 07:00:00,120.92,121.19,120.43,120.49,53316.217
2025-08-10 07:30:00,120.5,120.65,118.22,119.17,298525.06
2025-08-10 08:00:00,119.16,119.71,118.23,119.68,131387.116
2025-08-10 08:30:00,119.69,120.53,119.61,120.52,72221.872
2025-08-10 09:00:00,120.53,120.7,120.08,120.58,60907.739
2025-08-10 09:30:00,120.58,121.01,120.49,120.62,62787.559
2025-08-10 10:00:00,120.61,120.91,120.0,120.03,54921.778
2025-08-10 10:30:00,120.04,121.09,119.67,121.06,72074.976
2025-08-10 11:00:00,121.05,122.18,120.92,122.06,127508.621
2025-08-10 11:30:00,122.07,122.48,121.58,122.01,74787.571
2025-08-10 12:00:00,122.01,122.09,121.15,121.29,91188.878
2025-08-10 12:30:00,121.29,121.96,121.29,121.83,34600.306
2025-08-10 13:00:00,121.82,122.38,121.74,121.91,50556.386
2025-08-10 13:30:00,121.9,122.15,120.45,120.58,99855.866
2025-08-10 14:00:00,120.58,122.11,120.37,122.07,116064.422
2025-08-10 14:30:00,122.07,124.95,121.85,124.36,442889.56
2025-08-10 15:00:00,124.36,125.93,123.93,125.83,209256.486
2025-08-10 15:30:00,125.83,125.94,124.0,124.18,195689.908
2025-08-10 16:00:00,124.21,125.2,124.02,124.73,93657.526
2025-08-10 16:30:00,124.72,124.96,123.13,123.55,122582.339
2025-08-10 17:00:00,123.55,123.83,122.84,123.03,59694.014
2025-08-10 17:30:00,123.03,123.65,123.02,123.52,53126.945
2025-08-10 18:00:00,123.53,123.92,123.34,123.55,33177.176
2025-08-10 18:30:00,123.55,123.99,123.24,123.9,26182.263
2025-08-10 19:00:00,123.91,124.7,123.71,124.61,63682.524
2025-08-10 19:30:00,124.62,124.83,124.37,124.51,35182.631
2025-08-10 20:00:00,124.5,125.03,124.43,124.72,70758.171
2025-08-10 20:30:00,124.72,124.77,124.06,124.17,37956.601
2025-08-10 21:00:00,124.17,124.97,123.74,123.94,75643.237
2025-08-10 21:30:00,123.94,124.46,123.56,124.13,41095.301
2025-08-10 22:00:00,124.14,124.24,123.47,123.51,51234.762
2025-08-10 22:30:00,123.51,124.04,123.3,124.04,34656.887
2025-08-10 23:00:00,124.05,124.39,123.4,123.57,29633.247
2025-08-10 23:30:00,123.56,123.86,123.44,123.69,25702.241
2025-08-11 00:00:00,123.69,123.73,122.74,123.04,92003.038
2025-08-11 00:30:00,123.03,123.18,122.26,122.26,65723.111
2025-08-11 01:00:00,122.25,123.13,122.0,123.06,58608.256
2025-08-11 01:30:00,123.05,123.66,122.94,123.61,74731.727
2025-08-11 02:00:00,123.62,125.18,123.52,124.98,158556.664
2025-08-11 02:30:00,124.98,125.8,124.53,124.75,143341.598
2025-08-11 03:00:00,124.74,127.35,124.34,125.98,235657.139
2025-08-11 03:30:00,125.98,126.41,125.06,125.83,102320.081
2025-08-11 04:00:00,125.84,126.43,125.11,125.16,72230.414
2025-08-11 04:30:00,125.16,126.06,124.86,124.89,74930.769
2025-08-11 05:00:00,124.9,125.8,124.26,124.34,101568.576
2025-08-11 05:30:00,124.34,124.55,123.36,124.07,126347.043
2025-08-11 06:00:00,124.07,124.35,123.5,123.99,65411.991
2025-08-11 06:30:00,123.99,125.01,123.9,124.57,62949.942
2025-08-11 07:00:00,124.57,125.14,123.77,123.89,74347.056
2025-08-11 07:30:00,123.89,124.31,123.04,123.31,110910.927
2025-08-11 08:00:00,123.32,124.73,122.8,124.53,134794.766
2025-08-11 08:30:00,124.54,125.33,124.39,125.07,85722.47
2025-08-11 09:00:00,125.07,125.75,124.79,125.61,71116.025
2025-08-11 09:30:00,125.6,125.78,125.0,125.55,77958.275
2025-08-11 10:00:00,125.55,125.84,124.45,125.5,110740.807
2025-08-11 10:30:00,125.49,125.73,124.89,125.5,113442.742
2025-08-11 11:00:00,125.5,126.7,125.46,125.84,276815.989
2025-08-11 11:30:00,125.83,128.19,125.77,126.55,459691.429
2025-08-11 12:00:00,126.55,127.7,125.57,125.79,192502.222
2025-08-11 12:30:00,125.78,126.43,124.41,126.37,266898.883
2025-08-11 13:00:00,126.38,126.44,124.88,125.25,124152.74
2025-08-11 13:30:00,125.25,127.09,125.16,126.15,221569.239
2025-08-11 14:00:00,126.16,126.67,124.73,125.39,164186.009
2025-08-11 14:30:00,125.4,125.72,123.48,123.57,174382.106
2025-08-11 15:00:00,123.58,124.62,123.46,123.75,99758.724
2025-08-11 15:30:00,123.74,125.23,123.19,125.19,124783.555
2025-08-11 16:00:00,125.2,125.83,124.73,125.32,134510.413
2025-08-11 16:30:00,125.34,125.83,123.97,125.53,94797.854
2025-08-11 17:00:00,125.52,127.1,125.43,126.21,170847.062
2025-08-11 17:30:00,126.2,126.83,125.73,126.23,59924.852
2025-08-11 18:00:00,126.23,126.26,125.0,125.21,119828.981
2025-08-11 18:30:00,125.22,125.43,124.13,124.4,98453.833
2025-08-11 19:00:00,124.4,124.76,123.22,123.72,87120.699
2025-08-11 19:30:00,123.71,123.83,120.74,121.45,292370.71
2025-08-11 20:00:00,121.45,121.59,120.64,121.32,106816.595
2025-08-11 20:30:00,121.31,121.68,120.92,121.01,63635.338
2025-08-11 21:00:00,121.0,121.6,120.42,120.59,72534.982
2025-08-11 21:30:00,120.58,120.72,119.64,120.52,137966.396
2025-08-11 22:00:00,120.52,120.56,119.5,119.87,109106.342
2025-08-11 22:30:00,119.86,120.79,119.71,120.54,59543.846
2025-08-11 23:00:00,120.53,120.88,119.88,120.18,60012.032
2025-08-11 23:30:00,120.18,120.76,119.94,119.99,49710.295
2025-08-12 00:00:00,119.99,120.57,119.67,120.33,64357.255
2025-08-12 00:30:00,120.34,120.55,119.75,120.23,78449.218
2025-08-12 01:00:00,120.23,121.1,119.93,121.09,108174.206
2025-08-12 01:30:00,121.09,121.2,120.58,121.13,75614.626
2025-08-12 02:00:00,121.13,121.13,120.6,120.73,40753.846
2025-08-12 02:30:00,120.72,121.48,120.16,120.2,81044.963
2025-08-12 03:00:00,120.2,120.38,119.55,119.75,94912.561
2025-08-12 03:30:00,119.75,120.16,119.19,119.38,84905.033
2025-08-12 04:00:00,119.37,120.1,119.28,120.0,52784.215
2025-08-12 04:30:00,119.99,120.26,119.75,119.8,70959.017
2025-08-12 05:00:00,119.79,120.08,119.45,119.7,68704.113
2025-08-12 05:30:00,119.69,119.72,118.53,119.1,151818.087
2025-08-12 06:00:00,119.1,120.05,118.6,120.03,78000.533
2025-08-12 06:30:00,120.02,120.05,118.8,118.92,53650.441
2025-08-12 07:00:00,118.92,119.44,118.9,119.34,45387.641
2025-08-12 07:30:00,119.33,119.68,118.86,119.29,48072.966
2025-08-12 08:00:00,119.29,119.37,118.81,118.86,34464.953
2025-08-12 08:30:00,118.86,120.13,118.66,119.59,74165.257
2025-08-12 09:00:00,119.59,119.87,119.0,119.54,58462.265
2025-08-12 09:30:00,119.54,119.56,118.97,119.03,31436.023
2025-08-12 10:00:00,119.02,119.59,118.76,119.43,52298.888
2025-08-12 10:30:00,119.43,119.52,118.72,118.88,43637.91
2025-08-12 11:00:00,118.88,119.6,118.28,119.36,86281.632
2025-08-12 11:30:00,119.36,119.74,119.29,119.51,46279.533
2025-08-12 12:00:00,119.52,120.17,119.0,120.05,73971.546
2025-08-12 12:30:00,120.06,121.49,120.06,121.24,298848.423
2025-08-12 13:00:00,121.25,122.45,120.28,122.25,155704.318
2025-08-12 13:30:00,122.24,122.45,120.7,120.95,159811.546
2025-08-12 14:00:00,120.96,121.38,120.67,121.26,70591.623
2025-08-12 14:30:00,121.26,122.68,121.14,122.43,117820.958
2025-08-12 15:00:00,122.42,123.46,122.21,123.4,139648.741
2025-08-12 15:30:00,123.4,124.85,123.2,124.38,196891.281
2025-08-12 16:00:00,124.39,124.97,123.73,124.5,145005.212
2025-08-12 16:30:00,124.51,125.08,124.31,125.04,78422.154
2025-08-12 17:00:00,125.03,125.46,124.8,125.08,85361.698
2025-08-12 17:30:00,125.08,125.42,124.59,125.15,102759.561
2025-08-12 18:00:00,125.15,125.84,124.75,125.78,120629.797
2025-08-12 18:30:00,125.78,126.77,125.47,126.57,163139.012
2025-08-12 19:00:00,126.57,128.17,126.36,128.06,242968.005
2025-08-12 19:30:00,128.06,128.91,127.8,128.85,189154.087
2025-08-12 20:00:00,128.86,131.06,128.66,129.52,351951.641
2025-08-12 20:30:00,129.51,130.05,128.38,129.8,173865.142
2025-08-12 21:00:00,129.8,131.72,129.08,130.91,363928.322
2025-08-12 21:30:00,130.91,130.97,129.8,129.96,97084.69
2025-08-12 22:00:00,129.95,131.21,129.77,130.89,153513.236
2025-08-12 22:30:00,130.88,131.98,130.59,130.88,155771.13
2025-08-12 23:00:00,130.88,131.35,130.13,130.7,125081.235
2025-08-12 23:30:00,130.7,131.29,130.33,130.46,84373.878
2025-08-13 00:00:00,130.46,131.54,130.28,130.31,91427.4
2025-08-13 00:30:00,130.31,131.44,130.28,130.9,92281.221
2025-08-13 01:00:00,130.91,130.99,129.55,129.84,152745.755
2025-08-13 01:30:00,129.84,130.07,128.74,128.79,140763.379
2025-08-13 02:00:00,128.8,129.96,128.6,129.71,65342.999
2025-08-13 02:30:00,129.71,131.38,129.09,131.08,147892.079
2025-08-13 03:00:00,131.09,131.48,130.36,130.68,88703.291
2025-08-13 03:30:00,130.69,131.36,130.4,131.28,66983.263
2025-08-13 04:00:00,131.29,132.78,131.17,132.51,139453.432
2025-08-13 04:30:00,132.52,133.68,132.44,133.61,153011.922
2025-08-13 05:00:00,133.61,134.19,132.82,133.76,129610.149
2025-08-13 05:30:00,133.75,133.79,131.19,131.38,209660.228
2025-08-13 06:00:00,131.39,131.61,130.53,130.63,141633.295
2025-08-13 06:30:00,130.62,131.33,130.52,130.72,76887.808
2025-08-13 07:00:00,130.72,131.04,130.6,131.0,61306.327
2025-08-13 07:30:00,131.0,131.7,130.76,131.68,65107.401
2025-08-13 08:00:00,131.66,132.51,131.47,132.43,114555.0
2025-08-13 08:30:00,132.43,132.95,131.06,131.34,124123.948
2025-08-13 09:00:00,131.34,132.56,131.25,132.55,117705.157
2025-08-13 09:30:00,132.55,132.58,131.52,132.55,97915.538
2025-08-13 10:00:00,132.54,134.15,132.48,132.97,210459.921
2025-08-13 10:30:00,132.97,133.33,132.55,132.66,86393.265
2025-08-13 11:00:00,132.65,133.21,132.08,132.65,68196.437
2025-08-13 11:30:00,132.65,132.78,131.67,131.99,69734.89
2025-08-13 12:00:00,131.99,132.04,131.13,131.3,86574.449
2025-08-13 12:30:00,131.29,131.9,130.69,131.1,114222.908
2025-08-13 13:00:00,131.1,132.24,131.06,132.15,79722.885
2025-08-13 13:30:00,132.14,132.45,130.74,131.99,156366.466
2025-08-13 14:00:00,131.98,132.29,130.22,131.8,156258.541
2025-08-13 14:30:00,131.79,131.94,130.28,130.42,110624.058
2025-08-13 15:00:00,130.42,130.83,129.36,130.35,194036.047
2025-08-13 15:30:00,130.35,130.77,129.83,130.07,63783.832
2025-08-13 16:00:00,130.07,131.2,129.86,130.86,71223.739
2025-08-13 16:30:00,130.85,130.86,129.7,130.22,82822.087
2025-08-13 17:00:00,130.22,130.35,129.33,130.27,68475.627
2025-08-13 17:30:00,130.26,130.35,129.64,129.73,37182.677
2025-08-13 18:00:00,129.73,130.29,129.55,129.66,46354.186
2025-08-13 18:30:00,129.65,129.91,128.88,129.1,80291.564
2025-08-13 19:00:00,129.1,129.97,128.99,129.91,41017.236
2025-08-13 19:30:00,129.91,130.34,129.76,130.25,53205.438
2025-08-13 20:00:00,130.25,130.28,129.49,129.75,57412.312
2025-08-13 20:30:00,129.74,130.25,129.37,129.49,32198.834
2025-08-13 21:00:00,129.48,130.23,129.36,130.0,35254.829
2025-08-13 21:30:00,130.0,130.2,128.97,129.38,44022.448
2025-08-13 22:00:00,129.38,130.12,129.18,130.05,38531.578
2025-08-13 22:30:00,130.05,131.27,129.99,130.66,120239.633
2025-08-13 23:00:00,130.66,131.08,130.52,130.78,55026.297
2025-08-13 23:30:00,130.78,131.05,130.58,130.89,38629.949
2025-08-14 00:00:00,130.89,131.68,130.77,131.52,85462.935
2025-08-14 00:30:00,131.52,132.38,131.33,131.63,134747.619
2025-08-14 01:00:00,131.63,131.93,130.55,131.73,80076.682
2025-08-14 01:30:00,131.74,132.6,131.6,132.13,92644.277
2025-08-14 02:00:00,132.13,133.19,131.93,133.01,74490.068
2025-08-14 02:30:00,133.01,133.3,132.02,133.09,113110.542
2025-08-14 03:00:00,133.09,133.36,132.34,132.75,89567.153
2025-08-14 03:30:00,132.75,133.29,132.53,133.1,55280.418
2025-08-14 04:00:00,133.1,133.9,132.56,133.47,99000.206
2025-08-14 04:30:00,133.48,133.78,132.55,132.67,57678.638
2025-08-14 05:00:00,132.66,133.43,132.57,133.08,62147.252
2025-08-14 05:30:00,133.07,133.38,131.18,131.26,239442.767
2025-08-14 06:00:00,131.25,131.3,129.43,130.23,248614.215
2025-08-14 06:30:00,130.23,131.98,130.16,131.31,114033.758
2025-08-14 07:00:00,131.3,131.48,129.76,130.34,85504.428
2025-08-14 07:30:00,130.33,130.56,129.3,129.58,68931.597
2025-08-14 08:00:00,129.58,129.6,128.36,128.58,168368.406
2025-08-14 08:30:00,128.58,128.95,127.82,128.06,106491.231
2025-08-14 09:00:00,128.06,128.87,127.78,128.37,113799.509
2025-08-14 09:30:00,128.36,129.16,127.6,128.98,107463.444
2025-08-14 10:00:00,128.99,129.11,128.1,128.32,72235.926
2025-08-14 10:30:00,128.32,128.61,126.85,127.81,174446.311
2025-08-14 11:00:00,127.8,128.24,127.32,127.79,62774.392
2025-08-14 11:30:00,127.8,128.12,127.4,127.69,44418.173
2025-08-14 12:00:00,127.69,128.23,127.33,127.92,79259.594
2025-08-14 12:30:00,127.93,127.93,120.46,122.67,871862.298
2025-08-14 13:00:00,122.66,123.71,120.22,122.65,324971.155
2025-08-14 13:30:00,122.65,123.81,122.06,123.0,177162.817
2025-08-14 14:00:00,123.01,123.75,122.24,123.66,112138.062
2025-08-14 14:30:00,123.66,124.24,123.33,123.91,159465.471
2025-08-14 15:00:00,123.91,124.03,122.56,122.86,86186.774
2025-08-14 15:30:00,122.88,123.15,122.36,122.71,58256.878
2025-08-14 16:00:00,122.71,122.74,120.67,120.92,160250.911
2025-08-14 16:30:00,120.89,121.44,120.53,120.94,99546.165
2025-08-14 17:00:00,120.94,121.46,120.12,121.32,106982.182
2025-08-14 17:30:00,121.31,121.45,120.46,120.94,57219.901
2025-08-14 18:00:00,120.94,121.08,119.4,120.75,134939.436
2025-08-14 18:30:00,120.75,121.57,120.69,121.29,56639.318
2025-08-14 19:00:00,121.29,121.77,121.29,121.6,31537.715
2025-08-14 19:30:00,121.6,121.91,121.3,121.65,79370.07
2025-08-14 20:00:00,121.65,121.83,120.83,121.6,43886.204
2025-08-14 20:30:00,121.6,121.98,121.19,121.58,50696.772
2025-08-14 21:00:00,121.57,121.98,120.17,120.25,59280.708
2025-08-14 21:30:00,120.26,121.04,119.42,120.76,95607.549
2025-08-14 22:00:00,120.75,121.09,120.09,121.02,39880.385
2025-08-14 22:30:00,121.01,121.54,120.96,121.37,31727.131
2025-08-14 23:00:00,121.37,121.82,121.35,121.66,40337.949
2025-08-14 23:30:00,121.66,121.68,120.95,121.22,43434.582
2025-08-15 00:00:00,121.22,121.94,121.02,121.08,42230.232
2025-08-15 00:30:00,121.08,121.97,120.65,121.38,61672.247
2025-08-15 01:00:00,121.38,121.99,120.89,121.75,33854.34
2025-08-15 01:30:00,121.74,122.1,121.57,121.95,53018.855
2025-08-15 02:00:00,121.94,122.3,121.75,122.13,66567.052
2025-08-15 02:30:00,122.12,122.16,121.73,121.89,37489.126
2025-08-15 03:00:00,121.9,122.31,121.52,122.31,35376.908
2025-08-15 03:30:00,122.3,122.9,122.21,122.67,64376.073
2025-08-15 04:00:00,122.67,122.87,122.27,122.45,49681.648
2025-08-15 04:30:00,122.44,122.59,121.69,121.73,53945.203
2025-08-15 05:00:00,121.74,122.0,121.45,121.79,37599.247
2025-08-15 05:30:00,121.78,122.23,121.42,122.2,27883.487
2025-08-15 06:00:00,122.19,122.9,122.02,122.9,80676.124
2025-08-15 06:30:00,122.9,123.21,122.3,122.31,57324.32
2025-08-15 07:00:00,122.3,122.3,121.44,121.7,55258.14
2025-08-15 07:30:00,121.69,121.75,120.87,121.4,58116.936
2025-08-15 08:00:00,121.4,121.69,120.91,121.4,49215.136
2025-08-15 08:30:00,121.39,121.78,121.04,121.13,42316.565
2025-08-15 09:00:00,121.12,121.44,120.5,120.61,53594.888
2025-08-15 09:30:00,120.61,121.24,120.47,120.96,57101.346
2025-08-15 10:00:00,120.96,121.39,120.74,121.02,58239.098
2025-08-15 10:30:00,121.02,121.16,120.63,120.78,27109.873
2025-08-15 11:00:00,120.77,120.96,120.19,120.32,41118.387
2025-08-15 11:30:00,120.31,121.46,120.23,121.0,90621.524
2025-08-15 12:00:00,121.01,121.37,120.26,120.4,96082.739
2025-08-15 12:30:00,120.41,121.75,120.0,120.88,161414.679
2025-08-15 13:00:00,120.87,121.03,120.16,120.69,60131.136
2025-08-15 13:30:00,120.68,120.96,119.06,119.25,184304.979
2025-08-15 14:00:00,119.26,120.05,118.7,119.22,120896.104
2025-08-15 14:30:00,119.21,119.46,118.4,118.67,135019.997
2025-08-15 15:00:00,118.67,118.91,117.16,117.45,221470.578
2025-08-15 15:30:00,117.46,117.97,116.46,117.55,211745.807
2025-08-15 16:00:00,117.54,117.58,116.51,117.21,159363.157
2025-08-15 16:30:00,117.21,118.23,117.12,117.96,95295.877
2025-08-15 17:00:00,117.95,118.9,117.13,118.63,91535.212
2025-08-15 17:30:00,118.64,119.07,118.17,118.59,87056.348
2025-08-15 18:00:00,118.58,118.77,118.05,118.15,41934.994
2025-08-15 18:30:00,118.14,118.46,117.03,117.45,72682.676
2025-08-15 19:00:00,117.45,118.27,117.27,117.61,35288.934
2025-08-15 19:30:00,117.61,117.76,117.36,117.47,30633.63
2025-08-15 20:00:00,117.46,118.36,117.16,118.26,49532.896
2025-08-15 20:30:00,118.26,118.52,118.02,118.47,40500.673
2025-08-15 21:00:00,118.47,118.74,117.82,118.33,38306.549
2025-08-15 21:30:00,118.33,118.51,118.08,118.48,23543.976
2025-08-15 22:00:00,118.49,119.0,118.26,118.84,25924.919
2025-08-15 22:30:00,118.84,119.71,118.76,119.68,43932.527
2025-08-15 23:00:00,119.68,119.8,118.54,118.92,43831.338
2025-08-15 23:30:00,118.93,119.13,118.47,119.06,25414.075
2025-08-16 00:00:00,119.06,120.47,118.9,119.99,124108.034
2025-08-16 00:30:00,119.99,120.77,119.95,120.62,48665.078
2025-08-16 01:00:00,120.63,120.65,119.71,119.93,45543.23
2025-08-16 01:30:00,119.92,120.23,119.87,120.06,20615.893
2025-08-16 02:00:00,120.05,120.2,119.83,119.97,15581.424
2025-08-16 02:30:00,119.97,120.09,119.64,119.8,24202.436
2025-08-16 03:00:00,119.79,120.27,119.67,119.96,16301.948
2025-08-16 03:30:00,119.96,120.08,119.67,119.79,14439.386
2025-08-16 04:00:00,119.79,120.14,119.58,120.08,16167.735
2025-08-16 04:30:00,120.08,120.32,119.94,120.22,19041.133
2025-08-16 05:00:00,120.21,120.22,119.31,119.37,30323.648
2025-08-16 05:30:00,119.36,119.41,118.7,118.83,54276.314
2025-08-16 06:00:00,118.82,119.13,118.72,118.81,38217.29
2025-08-16 06:30:00,118.8,118.87,118.06,118.08,79541.768
2025-08-16 07:00:00,118.08,118.56,117.94,118.56,47273.611
2025-08-16 07:30:00,118.56,118.91,118.4,118.72,49828.42
2025-08-16 08:00:00,118.72,118.83,118.33,118.53,35167.146
2025-08-16 08:30:00,118.54,118.85,118.29,118.33,19654.938
2025-08-16 09:00:00,118.33,118.67,118.22,118.53,21896.88
2025-08-16 09:30:00,118.52,119.03,118.19,118.23,42492.76
2025-08-16 10:00:00,118.23,118.82,118.06,118.46,53587.014
2025-08-16 10:30:00,118.45,118.45,117.84,118.07,28572.662
2025-08-16 11:00:00,118.07,118.67,117.63,117.7,88068.297
2025-08-16 11:30:00,117.71,117.93,117.09,117.23,95433.224
2025-08-16 12:00:00,117.24,117.69,117.13,117.65,39447.491
2025-08-16 12:30:00,117.65,118.39,117.65,118.36,40483.969
2025-08-16 13:00:00,118.35,118.83,118.3,118.75,60591.951
2025-08-16 13:30:00,118.74,118.83,117.62,117.9,44768.848
2025-08-16 14:00:00,117.91,118.82,117.8,118.7,51108.04
2025-08-16 14:30:00,118.69,118.98,118.47,118.77,33600.533
2025-08-16 15:00:00,118.75,119.23,118.25,119.04,43152.136
2025-08-16 15:30:00,119.04,119.31,118.73,118.82,34787.468
2025-08-16 16:00:00,118.82,119.25,118.68,119.18,65021.082
2025-08-16 16:30:00,119.18,119.22,118.75,118.92,21436.321
2025-08-16 17:00:00,118.91,119.17,118.76,119.07,27070.519
2025-08-16 17:30:00,119.07,119.42,118.96,119.29,19672.371
2025-08-16 18:00:00,119.28,119.77,119.12,119.59,25741.343
2025-08-16 18:30:00,119.59,120.49,119.5,120.38,68774.829
2025-08-16 19:00:00,120.38,120.5,119.68,119.92,59382.989
2025-08-16 19:30:00,119.92,120.21,119.86,119.87,30975.209
2025-08-16 20:00:00,119.87,120.24,119.76,119.93,28169.703
2025-08-16 20:30:00,119.94,120.15,119.84,120.1,13701.612
2025-08-16 21:00:00,120.1,120.1,119.51,119.6,24434.756
2025-08-16 21:30:00,119.61,119.97,119.39,119.75,25540.829
2025-08-16 22:00:00,119.75,120.27,119.57,120.22,31664.059
2025-08-16 22:30:00,120.21,120.67,120.2,120.55,19254.875
2025-08-16 23:00:00,120.55,120.75,120.27,120.33,28532.173
2025-08-16 23:30:00,120.32,121.01,120.21,120.97,26377.534
2025-08-17 00:00:00,120.98,120.98,120.0,120.01,34716.535
2025-08-17 00:30:00,120.01,120.26,119.85,120.16,23867.928
2025-08-17 01:00:00,120.16,120.17,119.68,119.87,25968.457
2025-08-17 01:30:00,119.86,120.38,119.77,120.01,24567.855
2025-08-17 02:00:00,120.01,120.5,119.71,120.49,25073.99
2025-08-17 02:30:00,120.49,120.72,120.24,120.58,27477.965
2025-08-17 03:00:00,120.57,120.61,120.17,120.29,23900.298
2025-08-17 03:30:00,120.29,120.81,120.22,120.56,21707.026
2025-08-17 04:00:00,120.56,121.31,120.56,121.15,38445.845
2025-08-17 04:30:00,121.15,121.75,121.15,121.69,43254.438
2025-08-17 05:00:00,121.68,121.88,121.21,121.33,36136.617
2025-08-17 05:30:00,121.34,121.66,121.11,121.59,31654.834
2025-08-17 06:00:00,121.58,121.97,121.54,121.86,34440.722
2025-08-17 06:30:00,121.87,121.87,121.25,121.28,27882.66
2025-08-17 07:00:00,121.28,122.28,121.16,121.98,36567.888
2025-08-17 07:30:00,121.98,123.14,121.86,122.9,70212.099
2025-08-17 08:00:00,122.9,122.96,121.82,121.89,58435.031
2025-08-17 08:30:00,121.89,122.4,121.83,122.21,68922.939
2025-08-17 09:00:00,122.21,122.29,121.8,122.02,44509.048
2025-08-17 09:30:00,122.02,122.24,121.6,122.16,36578.97
2025-08-17 10:00:00,122.16,122.39,121.64,121.66,48329.262
2025-08-17 10:30:00,121.65,121.98,121.55,121.94,26476.187
2025-08-17 11:00:00,121.94,122.08,121.65,121.92,28577.557
2025-08-17 11:30:00,121.92,122.46,121.82,122.36,39108.655
2025-08-17 12:00:00,122.35,122.45,121.94,122.27,26029.795
2025-08-17 12:30:00,122.26,122.39,121.71,121.81,31909.434
2025-08-17 13:00:00,121.81,121.98,121.59,121.86,46893.1
2025-08-17 13:30:00,121.86,122.08,121.65,121.82,43576.519
2025-08-17 14:00:00,121.82,121.85,120.67,121.08,102709.227
2025-08-17 14:30:00,121.07,121.7,120.97,121.61,56411.25
2025-08-17 15:00:00,121.61,121.99,121.47,121.93,39824.25
2025-08-17 15:30:00,121.93,122.31,121.7,122.29,57042.106
2025-08-17 16:00:00,122.29,122.97,121.61,121.7,138250.693
2025-08-17 16:30:00,121.69,121.69,120.87,121.03,96717.02
2025-08-17 17:00:00,121.02,121.65,120.91,121.6,40612.03
2025-08-17 17:30:00,121.6,121.95,121.42,121.79,30256.422
2025-08-17 18:00:00,121.79,122.2,121.47,121.63,39050.97
2025-08-17 18:30:00,121.63,121.73,120.38,121.39,95714.838
2025-08-17 19:00:00,121.4,121.68,121.1,121.19,37433.375
2025-08-17 19:30:00,121.19,121.3,120.45,120.64,57223.69
2025-08-17 20:00:00,120.64,121.19,120.58,121.07,28822.938
2025-08-17 20:30:00,121.07,121.29,120.79,120.82,16917.57
2025-08-17 21:00:00,120.82,120.93,120.61,120.71,22402.708
2025-08-17 21:30:00,120.71,120.95,120.51,120.56,11621.701
2025-08-17 22:00:00,120.55,121.25,120.5,121.22,30627.345
2025-08-17 22:30:00,121.22,121.67,121.16,121.57,28453.873
2025-08-17 23:00:00,121.57,121.65,121.02,121.07,24433.141
2025-08-17 23:30:00,121.07,121.11,120.58,120.67,22704.715
2025-08-18 00:00:00,120.67,120.89,120.03,120.09,67432.933
2025-08-18 00:30:00,120.09,120.61,119.55,120.35,68913.212
2025-08-18 01:00:00,120.35,120.52,119.22,119.24,64967.115
2025-08-18 01:30:00,119.23,119.76,118.67,118.89,143301.743
2025-08-18 02:00:00,118.89,119.03,117.01,117.06,220866.232
2025-08-18 02:30:00,117.06,117.5,115.81,115.9,198281.435
2025-08-18 03:00:00,115.89,116.42,115.57,115.61,95512.797
2025-08-18 03:30:00,115.6,116.7,115.25,116.48,104567.988
2025-08-18 04:00:00,116.47,116.47,115.45,116.03,68373.701
2025-08-18 04:30:00,116.03,116.94,115.9,116.85,59713.053
2025-08-18 05:00:00,116.85,117.26,116.63,116.73,47695.496
2025-08-18 05:30:00,116.73,117.19,115.96,117.13,74431.712
2025-08-18 06:00:00,117.14,117.19,115.86,116.02,88430.743
2025-08-18 06:30:00,116.01,116.34,115.3,115.97,75918.39
2025-08-18 07:00:00,115.96,116.38,115.42,115.8,54256.976
2025-08-18 07:30:00,115.81,116.31,115.48,116.03,39246.474
2025-08-18 08:00:00,116.03,116.36,115.78,116.08,35954.28
2025-08-18 08:30:00,116.08,116.21,115.57,115.59,29309.507
2025-08-18 09:00:00,115.58,115.68,115.21,115.52,68638.474
2025-08-18 09:30:00,115.51,116.87,115.22,116.71,86398.803
2025-08-18 10:00:00,116.71,116.86,116.27,116.31,48338.965
2025-08-18 10:30:00,116.3,116.99,116.29,116.46,51957.448
2025-08-18 11:00:00,116.46,116.65,116.35,116.52,16376.0
2025-08-18 11:30:00,116.52,116.71,116.14,116.32,35033.563
2025-08-18 12:00:00,116.31,117.07,116.18,116.79,43271.227
2025-08-18 12:30:00,116.79,117.56,116.68,117.51,67702.318
2025-08-18 13:00:00,117.51,117.98,117.41,117.83,76134.883
2025-08-18 13:30:00,117.83,118.43,117.03,117.06,129859.548
2025-08-18 14:00:00,117.06,118.36,117.06,118.12,73366.687
2025-08-18 14:30:00,118.13,118.26,116.86,118.04,48420.527
2025-08-18 15:00:00,118.05,118.28,117.32,117.65,57237.062
2025-08-18 15:30:00,117.64,118.33,117.24,118.01,46067.858
2025-08-18 16:00:00,118.0,118.38,117.02,117.13,65830.598
2025-08-18 16:30:00,117.13,117.27,116.58,117.04,83431.821
2025-08-18 17:00:00,117.04,118.19,117.03,117.98,54180.264
2025-08-18 17:30:00,117.98,118.41,117.72,117.81,87898.106
2025-08-18 18:00:00,117.81,117.99,117.34,117.91,39817.595
2025-08-18 18:30:00,117.91,118.3,117.91,118.29,28150.689
2025-08-18 19:00:00,118.29,118.76,118.06,118.56,44874.156
2025-08-18 19:30:00,118.55,118.61,117.73,117.81,49094.607
2025-08-18 20:00:00,117.81,118.05,117.59,117.83,31344.215
2025-08-18 20:30:00,117.82,117.87,117.07,117.57,36445.118
2025-08-18 21:00:00,117.56,118.17,117.45,118.08,25119.191
2025-08-18 21:30:00,118.07,118.29,117.66,118.15,18091.329
2025-08-18 22:00:00,118.16,119.06,118.12,119.0,52346.497
2025-08-18 22:30:00,119.0,119.0,118.19,118.22,28049.018
2025-08-18 23:00:00,118.22,118.33,117.79,117.89,24315.63
2025-08-18 23:30:00,117.88,117.92,117.26,117.69,31347.194
2025-08-19 00:00:00,117.69,118.05,117.25,117.37,40184.894
2025-08-19 00:30:00,117.37,118.82,116.73,118.77,83342.3
2025-08-19 01:00:00,118.76,119.0,117.83,117.83,36793.28
2025-08-19 01:30:00,117.83,117.83,116.74,116.9,49652.237
2025-08-19 02:00:00,116.89,117.03,116.4,116.8,52524.103
2025-08-19 02:30:00,116.79,117.04,116.21,116.25,37965.619
2025-08-19 03:00:00,116.25,116.63,115.78,116.48,81958.916
2025-08-19 03:30:00,116.48,116.51,115.02,115.43,122594.28
2025-08-19 04:00:00,115.42,115.62,114.61,115.29,143404.977
2025-08-19 04:30:00,115.28,117.14,115.24,116.99,84107.075
2025-08-19 05:00:00,116.99,117.35,116.08,116.68,95956.243
2025-08-19 05:30:00,116.68,117.07,116.34,116.62,58427.388
2025-08-19 06:00:00,116.62,116.75,116.11,116.18,32862.208
2025-08-19 06:30:00,116.17,116.36,115.6,115.64,50519.749
2025-08-19 07:00:00,115.65,115.71,114.16,114.33,124053.493
2025-08-19 07:30:00,114.34,114.97,113.36,114.97,167912.487
2025-08-19 08:00:00,114.97,115.23,114.22,114.62,92030.152
2025-08-19 08:30:00,114.62,115.21,114.25,115.04,73545.792
2025-08-19 09:00:00,115.03,115.71,114.7,115.31,64824.559
2025-08-19 09:30:00,115.31,115.77,115.26,115.65,46132.207
2025-08-19 10:00:00,115.65,116.03,115.43,116.0,45524.717
2025-08-19 10:30:00,115.99,116.28,115.61,115.71,44299.58
2025-08-19 11:00:00,115.71,116.3,115.65,116.11,36742.952
2025-08-19 11:30:00,116.11,116.21,115.62,116.13,31415.763
2025-08-19 12:00:00,116.14,116.19,115.73,115.84,24997.385
2025-08-19 12:30:00,115.83,115.96,115.5,115.89,31034.007
2025-08-19 13:00:00,115.88,116.49,115.61,116.35,45084.63
2025-08-19 13:30:00,116.36,116.69,115.01,115.79,128466.823
2025-08-19 14:00:00,115.79,116.17,113.87,113.89,129117.008
2025-08-19 14:30:00,113.9,114.3,113.14,113.77,178070.307
2025-08-19 15:00:00,113.77,115.04,113.28,114.89,91168.248
2025-08-19 15:30:00,114.88,115.01,113.87,114.1,62209.386
2025-08-19 16:00:00,114.1,114.48,113.82,113.83,51765.465
2025-08-19 16:30:00,113.82,114.12,113.34,113.84,99311.019
2025-08-19 17:00:00,113.85,114.08,112.79,113.93,103805.736
2025-08-19 17:30:00,113.92,114.18,113.59,114.02,32379.594
2025-08-19 18:00:00,114.02,114.13,113.5,113.53,23695.736
2025-08-19 18:30:00,113.53,113.98,112.45,112.87,73679.744
2025-08-19 19:00:00,112.86,113.77,112.18,113.69,176625.308
2025-08-19 19:30:00,113.68,113.95,112.94,113.03,93771.691
2025-08-19 20:00:00,113.03,113.63,112.69,113.43,40376.47
2025-08-19 20:30:00,113.43,114.47,113.43,114.47,56042.319
2025-08-19 21:00:00,114.47,114.83,114.31,114.69,46012.106
2025-08-19 21:30:00,114.69,115.47,114.46,114.71,62206.49
2025-08-19 22:00:00,114.71,114.77,113.81,113.99,45262.827
2025-08-19 22:30:00,113.97,114.23,113.81,113.94,19218.964
2025-08-19 23:00:00,113.94,114.02,112.92,112.99,87468.871
2025-08-19 23:30:00,112.99,113.34,112.28,112.59,74623.987
2025-08-20 00:00:00,112.6,113.96,112.57,113.42,84284.845
2025-08-20 00:30:00,113.42,114.01,113.28,113.58,40599.523
2025-08-20 01:00:00,113.57,113.92,113.08,113.08,32794.981
2025-08-20 01:30:00,113.1,113.91,112.37,113.76,75119.414
2025-08-20 02:00:00,113.76,114.43,113.56,114.33,53219.783
2025-08-20 02:30:00,114.34,114.36,113.56,113.72,41985.462
2025-08-20 03:00:00,113.73,114.08,113.37,114.05,28473.559
2025-08-20 03:30:00,114.06,114.32,113.46,113.6,52498.639
2025-08-20 04:00:00,113.61,114.28,113.58,114.24,29485.018
2025-08-20 04:30:00,114.25,114.52,113.94,114.07,36384.696
2025-08-20 05:00:00,114.07,114.13,113.57,113.71,23915.462
2025-08-20 05:30:00,113.71,114.25,113.66,114.17,19648.592
2025-08-20 06:00:00,114.17,114.23,113.56,113.91,19742.588
2025-08-20 06:30:00,113.9,114.33,113.8,114.04,17536.05
2025-08-20 07:00:00,114.04,114.44,113.95,114.4,30929.479
2025-08-20 07:30:00,114.41,114.6,113.8,113.86,41385.923
2025-08-20 08:00:00,113.87,114.79,113.76,114.68,45489.027
2025-08-20 08:30:00,114.68,115.32,114.64,115.23,88796.35
2025-08-20 09:00:00,115.24,115.4,114.87,114.93,77693.649
2025-08-20 09:30:00,114.93,115.25,114.46,114.53,56612.969
2025-08-20 10:00:00,114.52,114.88,114.31,114.79,43589.516
2025-08-20 10:30:00,114.79,115.19,114.74,115.11,31165.698
2025-08-20 11:00:00,115.11,115.2,114.44,114.48,43633.221
2025-08-20 11:30:00,114.48,114.69,113.37,114.69,95449.716
2025-08-20 12:00:00,114.69,115.47,114.27,114.48,89597.98
2025-08-20 12:30:00,114.48,115.07,114.42,114.99,51793.117
2025-08-20 13:00:00,115.0,115.0,114.03,114.56,39923.944
2025-08-20 13:30:00,114.55,114.86,112.75,113.04,170131.557
2025-08-20 14:00:00,113.04,113.56,112.0,113.23,255017.011
2025-08-20 14:30:00,113.23,114.86,113.19,114.01,136227.144
2025-08-20 15:00:00,114.01,115.92,113.86,115.8,122868.809
2025-08-20 15:30:00,115.81,115.98,114.76,114.89,121779.526
2025-08-20 16:00:00,114.89,116.53,114.89,116.49,110164.554
2025-08-20 16:30:00,116.49,116.5,115.52,115.6,66712.779
2025-08-20 17:00:00,115.6,116.26,115.46,115.48,37876.796
2025-08-20 17:30:00,115.48,116.58,115.45,116.22,80672.732
2025-08-20 18:00:00,116.23,116.34,114.53,114.6,102878.087
2025-08-20 18:30:00,114.6,115.56,114.36,115.29,68174.288
2025-08-20 19:00:00,115.3,116.56,115.24,116.5,39035.913
2025-08-20 19:30:00,116.49,117.03,116.38,116.98,50402.293
2025-08-20 20:00:00,116.98,117.05,116.62,116.85,29783.773
2025-08-20 20:30:00,116.85,117.05,116.56,116.7,31538.453
2025-08-20 21:00:00,116.7,116.81,116.13,116.18,41513.272
2025-08-20 21:30:00,116.18,116.87,116.04,116.58,29961.214
2025-08-20 22:00:00,116.58,116.87,116.08,116.51,41444.085
2025-08-20 22:30:00,116.51,116.72,116.29,116.6,19861.005
2025-08-20 23:00:00,116.59,116.59,116.06,116.07,18292.972
2025-08-20 23:30:00,116.06,116.29,115.87,116.01,24515.586
2025-08-21 00:00:00,116.01,116.01,115.5,115.65,31223.944
2025-08-21 00:30:00,115.65,116.45,115.65,116.31,43584.617
2025-08-21 01:00:00,116.31,116.41,115.83,116.19,32846.964
2025-08-21 01:30:00,116.19,116.95,116.18,116.91,32592.593
2025-08-21 02:00:00,116.91,117.14,115.55,115.9,76097.106
2025-08-21 02:30:00,115.89,116.19,115.47,116.16,26264.95
2025-08-21 03:00:00,116.15,117.27,116.13,116.45,48576.276
2025-08-21 03:30:00,116.44,116.48,115.97,116.0,25820.475
2025-08-21 04:00:00,115.99,116.28,115.77,115.96,28647.11
2025-08-21 04:30:00,115.95,116.39,115.89,115.98,50289.309
2025-08-21 05:00:00,115.98,116.06,115.49,115.77,46957.871
2025-08-21 05:30:00,115.76,116.3,115.76,116.3,17883.437
2025-08-21 06:00:00,116.31,116.32,115.51,115.61,33446.084
2025-08-21 06:30:00,115.63,115.99,115.54,115.74,14367.683
2025-08-21 07:00:00,115.74,116.03,115.04,115.33,38008.319
2025-08-21 07:30:00,115.32,116.09,115.17,116.04,35181.392
2025-08-21 08:00:00,116.05,116.3,115.48,115.59,33686.962
2025-08-21 08:30:00,115.6,115.77,115.19,115.21,28076.724
2025-08-21 09:00:00,115.2,115.22,114.77,115.15,47567.598
2025-08-21 09:30:00,115.15,115.58,115.11,115.25,26666.215
2025-08-21 10:00:00,115.24,115.38,114.96,115.35,16759.818
2025-08-21 10:30:00,115.35,115.36,115.0,115.08,15323.089
2025-08-21 11:00:00,115.09,115.28,114.82,115.02,17702.778
2025-08-21 11:30:00,115.02,115.23,114.47,114.66,46046.55
2025-08-21 12:00:00,114.65,114.83,114.23,114.6,34215.887
2025-08-21 12:30:00,114.6,115.19,114.36,114.54,59829.739
2025-08-21 13:00:00,114.53,115.14,114.2,115.13,46395.968
2025-08-21 13:30:00,115.13,115.64,114.58,114.65,90076.988
2025-08-21 14:00:00,114.65,116.09,114.45,116.06,75978.108
2025-08-21 14:30:00,116.06,116.1,114.51,115.09,66951.545
2025-08-21 15:00:00,115.1,115.31,114.0,114.72,75834.926
2025-08-21 15:30:00,114.72,114.93,113.92,114.09,56761.763
2025-08-21 16:00:00,114.09,114.79,113.76,114.11,54022.245
2025-08-21 16:30:00,114.09,114.35,113.56,113.66,58397.399
2025-08-21 17:00:00,113.66,113.98,113.4,113.82,40439.117
2025-08-21 17:30:00,113.83,114.72,113.8,114.71,40016.298
2025-08-21 18:00:00,114.71,115.22,114.58,115.01,31495.986
2025-08-21 18:30:00,115.01,115.19,114.33,115.08,32487.54
2025-08-21 19:00:00,115.07,115.39,114.69,114.73,25389.805
2025-08-21 19:30:00,114.74,114.77,114.27,114.59,36847.676
2025-08-21 20:00:00,114.59,115.14,114.59,115.03,26289.959
2025-08-21 20:30:00,115.04,115.45,114.33,115.02,40503.443
2025-08-21 21:00:00,115.03,115.39,114.38,115.33,35579.51
2025-08-21 21:30:00,115.33,115.59,115.18,115.2,19877.37
2025-08-21 22:00:00,115.21,115.31,115.01,115.17,16841.997
2025-08-21 22:30:00,115.17,115.2,114.76,115.16,11293.394
2025-08-21 23:00:00,115.16,115.16,114.52,114.9,19882.965
2025-08-21 23:30:00,114.91,114.91,114.2,114.69,21162.88
2025-08-22 00:00:00,114.69,115.28,114.67,115.11,28804.894
2025-08-22 00:30:00,115.12,115.38,114.55,114.75,21239.192
2025-08-22 01:00:00,114.74,115.13,114.17,114.91,32826.29
2025-08-22 01:30:00,114.91,115.29,114.73,115.17,20856.795
2025-08-22 02:00:00,115.17,116.24,115.01,116.18,64889.599
2025-08-22 02:30:00,116.18,116.36,115.74,116.1,61186.251
2025-08-22 03:00:00,116.1,116.48,115.82,115.88,32650.971
2025-08-22 03:30:00,115.88,115.94,115.3,115.5,33985.67
2025-08-22 04:00:00,115.51,116.19,115.51,115.84,26319.898
2025-08-22 04:30:00,115.84,116.43,115.64,115.96,35235.103
2025-08-22 05:00:00,115.96,116.29,115.69,116.06,23286.132
2025-08-22 05:30:00,116.06,116.36,115.84,116.02,29363.767
2025-08-22 06:00:00,116.02,116.46,115.64,116.26,35400.48
2025-08-22 06:30:00,116.26,116.32,115.53,115.75,30778.451
2025-08-22 07:00:00,115.76,116.67,115.68,116.52,42815.805
2025-08-22 07:30:00,116.51,116.55,116.16,116.26,19132.122
2025-08-22 08:00:00,116.26,116.79,116.23,116.62,40494.711
2025-08-22 08:30:00,116.62,116.69,116.01,116.19,35529.914
2025-08-22 09:00:00,116.19,116.3,115.81,115.96,24772.814
2025-08-22 09:30:00,115.94,116.29,115.63,116.17,21640.899
2025-08-22 10:00:00,116.17,116.18,115.36,115.48,39377.457
2025-08-22 10:30:00,115.48,115.51,114.95,115.05,40788.233
2025-08-22 11:00:00,115.06,115.16,114.46,114.62,46850.975
2025-08-22 11:30:00,114.61,114.78,114.2,114.29,37853.172
2025-08-22 12:00:00,114.29,114.37,113.13,113.24,124505.938
2025-08-22 12:30:00,113.23,114.38,112.44,113.7,176251.166
2025-08-22 13:00:00,113.7,114.12,113.22,113.81,55938.9
2025-08-22 13:30:00,113.8,115.16,113.27,114.16,144611.958
2025-08-22 14:00:00,114.15,119.25,114.14,118.85,735744.464
2025-08-22 14:30:00,118.85,119.76,118.6,119.04,248902.558
2025-08-22 15:00:00,119.03,120.12,119.02,119.53,139723.167
2025-08-22 15:30:00,119.53,120.48,119.36,119.42,106571.016
2025-08-22 16:00:00,119.42,121.67,119.42,121.41,190541.83
2025-08-22 16:30:00,121.41,121.72,120.87,121.01,66629.867
2025-08-22 17:00:00,121.01,122.75,121.01,122.65,150315.695
2025-08-22 17:30:00,122.66,122.77,121.65,122.04,81009.095
2025-08-22 18:00:00,122.05,122.64,121.89,122.16,70861.295
2025-08-22 18:30:00,122.16,122.79,122.11,122.46,44205.851
2025-08-22 19:00:00,122.46,122.79,122.21,122.58,36154.563
2025-08-22 19:30:00,122.58,122.8,122.3,122.49,36783.31
2025-08-22 20:00:00,122.5,122.99,122.41,122.95,46767.068
2025-08-22 20:30:00,122.96,123.3,122.65,123.3,43347.505
2025-08-22 21:00:00,123.3,123.65,123.06,123.45,80268.788
2025-08-22 21:30:00,123.44,123.52,122.93,123.06,36501.575
2025-08-22 22:00:00,123.05,123.35,122.65,122.83,62125.794
2025-08-22 22:30:00,122.83,122.95,122.32,122.49,49119.289
2025-08-22 23:00:00,122.49,122.89,122.42,122.85,22868.911
2025-08-22 23:30:00,122.85,123.42,122.74,122.97,52473.896
2025-08-23 00:00:00,122.97,123.24,122.64,123.22,41061.137
2025-08-23 00:30:00,123.22,123.36,122.61,122.61,24172.481
2025-08-23 01:00:00,122.6,123.09,121.54,121.57,98690.995
2025-08-23 01:30:00,121.57,121.98,121.19,121.83,68662.147
2025-08-23 02:00:00,121.84,122.03,120.65,120.65,54258.78
2025-08-23 02:30:00,120.65,120.95,119.78,120.83,108673.437
2025-08-23 03:00:00,120.83,121.17,120.43,120.81,60251.685
2025-08-23 03:30:00,120.82,120.83,120.05,120.2,42662.692
2025-08-23 04:00:00,120.21,120.96,120.2,120.9,36908.104
2025-08-23 04:30:00,120.9,121.52,120.8,121.5,40652.01
2025-08-23 05:00:00,121.5,122.23,121.27,122.18,65142.187
2025-08-23 05:30:00,122.18,122.63,122.07,122.38,40682.081
2025-08-23 06:00:00,122.39,122.62,121.86,122.12,31136.857
2025-08-23 06:30:00,122.12,122.52,122.09,122.44,29626.481
2025-08-23 07:00:00,122.44,122.75,122.06,122.14,35595.158
2025-08-23 07:30:00,122.15,122.35,121.65,121.76,38489.381
2025-08-23 08:00:00,121.76,122.12,121.38,121.63,45367.632
2025-08-23 08:30:00,121.62,122.1,121.49,121.9,29540.863
2025-08-23 09:00:00,121.89,121.96,121.41,121.55,27649.528
2025-08-23 09:30:00,121.54,121.99,121.5,121.73,30715.735
2025-08-23 10:00:00,121.73,121.89,121.34,121.45,20226.769
2025-08-23 10:30:00,121.45,121.59,121.29,121.37,18151.746
2025-08-23 11:00:00,121.38,121.68,121.21,121.39,22097.907
2025-08-23 11:30:00,121.4,121.55,121.07,121.26,25122.156
2025-08-23 12:00:00,121.27,121.76,120.83,121.41,37563.737
2025-08-23 12:30:00,121.42,121.79,121.08,121.18,30501.638
2025-08-23 13:00:00,121.18,121.35,121.04,121.19,31579.58
2025-08-23 13:30:00,121.19,121.63,120.7,120.89,66045.892
2025-08-23 14:00:00,120.89,121.29,120.51,121.21,42352.53
2025-08-23 14:30:00,121.21,121.4,120.45,120.55,36138.876
2025-08-23 15:00:00,120.54,120.98,120.52,120.91,29099.644
2025-08-23 15:30:00,120.9,121.14,120.75,120.86,23623.527
2025-08-23 16:00:00,120.87,120.96,120.37,120.71,31208.164
2025-08-23 16:30:00,120.7,121.02,120.58,120.9,22858.37
2025-08-23 17:00:00,120.89,121.35,120.86,121.08,27916.967
2025-08-23 17:30:00,121.08,121.35,121.06,121.2,13285.25
2025-08-23 18:00:00,121.19,121.27,120.67,120.69,19634.839
2025-08-23 18:30:00,120.68,120.82,120.63,120.79,9111.123
2025-08-23 19:00:00,120.78,120.95,120.72,120.85,11599.025
2025-08-23 19:30:00,120.84,121.16,120.78,121.08,10174.894
2025-08-23 20:00:00,121.07,121.2,120.91,121.12,12583.388
2025-08-23 20:30:00,121.11,121.13,120.7,121.01,14139.849
2025-08-23 21:00:00,121.0,121.01,120.61,120.62,21948.732
2025-08-23 21:30:00,120.61,120.83,120.61,120.77,10260.588
2025-08-23 22:00:00,120.77,120.99,120.71,120.94,15220.823
2025-08-23 22:30:00,120.93,121.61,120.83,121.55,27681.609
2025-08-23 23:00:00,121.54,121.63,121.3,121.49,26490.395
2025-08-23 23:30:00,121.49,121.57,121.25,121.44,12267.062
2025-08-24 00:00:00,121.44,121.84,121.42,121.74,27387.347
2025-08-24 00:30:00,121.74,122.12,121.72,121.82,32087.568
2025-08-24 01:00:00,121.83,121.83,121.27,121.37,23289.786
2025-08-24 01:30:00,121.37,121.88,121.33,121.49,23712.293
2025-08-24 02:00:00,121.48,121.73,121.21,121.66,29019.115
2025-08-24 02:30:00,121.65,121.67,120.94,121.06,28930.347
2025-08-24 03:00:00,121.05,121.09,120.55,120.58,35876.143
2025-08-24 03:30:00,120.59,121.28,120.56,121.16,14940.531
2025-08-24 04:00:00,121.16,121.42,120.89,121.33,20493.173
2025-08-24 04:30:00,121.32,121.79,121.23,121.79,21064.699
2025-08-24 05:00:00,121.78,121.8,121.33,121.37,14312.197
2025-08-24 05:30:00,121.36,121.5,121.17,121.32,14659.43
2025-08-24 06:00:00,121.32,121.33,120.7,120.78,28732.706
2025-08-24 06:30:00,120.78,120.87,120.01,120.16,67240.03
2025-08-24 07:00:00,120.15,120.45,120.01,120.43,34326.249
2025-08-24 07:30:00,120.42,120.51,119.43,119.49,63711.988
2025-08-24 08:00:00,119.49,120.05,119.32,119.77,44186.766
2025-08-24 08:30:00,119.76,119.89,119.58,119.83,25680.502
2025-08-24 09:00:00,119.82,120.05,119.42,119.61,37892.81
2025-08-24 09:30:00,119.6,120.1,119.5,119.88,35838.812
2025-08-24 10:00:00,119.88,120.1,119.15,119.27,38200.04
2025-08-24 10:30:00,119.26,119.26,118.66,118.87,89347.585
2025-08-24 11:00:00,118.86,119.23,118.46,118.59,61582.187
2025-08-24 11:30:00,118.58,118.89,118.26,118.49,43322.459
2025-08-24 12:00:00,118.49,118.89,118.33,118.75,43591.83
2025-08-24 12:30:00,118.74,118.97,118.51,118.91,22692.817
2025-08-24 13:00:00,118.91,119.37,118.83,119.26,30230.184
2025-08-24 13:30:00,119.26,119.42,118.92,118.98,35342.328
2025-08-24 14:00:00,118.99,119.43,118.63,119.07,43579.167
2025-08-24 14:30:00,119.06,119.66,118.9,119.5,35189.043
2025-08-24 15:00:00,119.5,120.37,119.27,120.04,52116.936
2025-08-24 15:30:00,120.05,120.11,119.13,119.29,37951.381
2025-08-24 16:00:00,119.29,119.75,119.24,119.39,34897.757
2025-08-24 16:30:00,119.4,120.05,119.23,119.88,24521.732
2025-08-24 17:00:00,119.88,120.74,119.86,120.37,43244.85
2025-08-24 17:30:00,120.37,121.86,120.25,121.56,99639.914
2025-08-24 18:00:00,121.55,122.9,121.39,122.8,84630.29
2025-08-24 18:30:00,122.8,123.8,122.63,123.69,118792.142
2025-08-24 19:00:00,123.69,124.76,123.52,123.9,122548.631
2025-08-24 19:30:00,123.89,123.98,118.77,120.71,708320.463
2025-08-24 20:00:00,120.72,120.82,118.5,120.1,311929.03
2025-08-24 20:30:00,120.1,120.22,118.66,118.81,100100.896
2025-08-24 21:00:00,118.81,119.3,118.1,118.57,141448.922
2025-08-24 21:30:00,118.57,119.6,118.45,118.51,85403.488
2025-08-24 22:00:00,118.52,118.72,117.13,117.18,97063.307
2025-08-24 22:30:00,117.18,118.65,117.01,118.55,60454.363
2025-08-24 23:00:00,118.57,119.11,118.45,118.83,38092.007
2025-08-24 23:30:00,118.84,118.92,118.07,118.18,38646.034
2025-08-25 00:00:00,118.19,118.51,117.55,117.63,67286.141
2025-08-25 00:30:00,117.63,117.63,115.49,116.2,176843.079
2025-08-25 01:00:00,116.2,117.66,116.17,117.37,90851.61
2025-08-25 01:30:00,117.38,117.59,116.89,117.23,54234.164
2025-08-25 02:00:00,117.22,118.34,117.17,117.95,67519.938
2025-08-25 02:30:00,117.95,118.5,117.92,118.38,39689.713
2025-08-25 03:00:00,118.36,118.61,117.62,117.98,69403.902
2025-08-25 03:30:00,117.97,118.06,117.16,117.32,39206.055
2025-08-25 04:00:00,117.33,117.52,116.32,116.47,75487.35
2025-08-25 04:30:00,116.48,116.62,116.02,116.19,65229.813
2025-08-25 05:00:00,116.2,116.45,115.63,116.0,67724.74
2025-08-25 05:30:00,116.0,116.13,114.78,114.98,96608.882
2025-08-25 06:00:00,114.98,115.09,114.25,114.58,118955.844
2025-08-25 06:30:00,114.58,114.6,113.54,113.7,120564.987
2025-08-25 07:00:00,113.71,114.17,113.26,113.27,100379.971
2025-08-25 07:30:00,113.28,113.4,112.0,112.47,226311.083
2025-08-25 08:00:00,112.48,112.87,111.69,112.57,164345.603
2025-08-25 08:30:00,112.56,112.92,112.14,112.61,68460.282
2025-08-25 09:00:00,112.6,112.75,112.08,112.08,54140.077
2025-08-25 09:30:00,112.09,112.72,112.01,112.64,66550.501
2025-08-25 10:00:00,112.65,112.65,110.57,111.05,242285.049
2025-08-25 10:30:00,111.06,111.23,110.43,110.8,111633.63
2025-08-25 11:00:00,110.81,110.95,110.57,110.76,49506.047
2025-08-25 11:30:00,110.77,111.46,110.76,111.42,66493.752
2025-08-25 12:00:00,111.42,111.68,110.91,111.65,83162.279
2025-08-25 12:30:00,111.65,112.19,111.23,112.16,66404.692
2025-08-25 13:00:00,112.15,112.15,111.31,111.81,78852.503
2025-08-25 13:30:00,111.82,111.95,110.6,111.51,152830.07
2025-08-25 14:00:00,111.52,112.6,111.28,112.1,113033.196
2025-08-25 14:30:00,112.1,112.47,111.76,112.18,72000.338
2025-08-25 15:00:00,112.18,112.54,111.73,112.16,58827.826
2025-08-25 15:30:00,112.16,112.35,111.49,111.64,41723.461
2025-08-25 16:00:00,111.65,112.5,111.12,112.14,58107.848
2025-08-25 16:30:00,112.13,112.6,111.89,111.95,51742.16
2025-08-25 17:00:00,111.95,112.13,111.36,112.03,56758.039
2025-08-25 17:30:00,112.02,112.16,111.54,111.68,63206.2
2025-08-25 18:00:00,111.68,111.82,111.22,111.5,65446.136
2025-08-25 18:30:00,111.5,111.65,111.04,111.21,34660.76
2025-08-25 19:00:00,111.21,111.49,110.1,110.9,112407.438
2025-08-25 19:30:00,110.89,110.97,109.06,109.27,167664.022
2025-08-25 20:00:00,109.27,109.75,108.15,108.93,261616.062
2025-08-25 20:30:00,108.93,108.98,107.21,107.25,293909.631
2025-08-25 21:00:00,107.26,108.03,106.91,107.04,165632.437
2025-08-25 21:30:00,107.05,108.05,106.65,107.33,94190.202
2025-08-25 22:00:00,107.33,108.22,107.29,108.19,69193.937
2025-08-25 22:30:00,108.19,108.76,108.12,108.42,51084.554
2025-08-25 23:00:00,108.42,109.08,108.16,108.77,66314.931
2025-08-25 23:30:00,108.77,109.5,108.7,109.08,57444.938
2025-08-26 00:00:00,109.09,110.19,108.72,109.94,111208.523
2025-08-26 00:30:00,109.94,110.18,108.81,109.47,91393.67
2025-08-26 01:00:00,109.47,110.04,109.17,109.88,49299.517
2025-08-26 01:30:00,109.88,110.0,109.44,109.93,42182.753
2025-08-26 02:00:00,109.93,110.22,109.57,109.85,40162.284
2025-08-26 02:30:00,109.85,110.02,109.38,109.59,35221.536
2025-08-26 03:00:00,109.59,109.95,109.29,109.7,31536.87
2025-08-26 03:30:00,109.69,110.3,109.64,110.01,32805.122
2025-08-26 04:00:00,110.01,110.44,109.87,110.1,30067.786
2025-08-26 04:30:00,110.1,110.58,110.01,110.22,36908.322
2025-08-26 05:00:00,110.23,110.53,110.2,110.36,31648.981
2025-08-26 05:30:00,110.35,110.88,110.23,110.7,45195.578
2025-08-26 06:00:00,110.7,111.31,110.26,110.46,74972.816
2025-08-26 06:30:00,110.46,110.76,109.94,110.12,36511.587
2025-08-26 07:00:00,110.12,110.35,109.84,110.2,33492.341
2025-08-26 07:30:00,110.19,111.24,110.15,110.55,60785.918
2025-08-26 08:00:00,110.56,110.78,110.1,110.18,43815.621
2025-08-26 08:30:00,110.18,110.63,110.01,110.33,19000.024
2025-08-26 09:00:00,110.33,110.66,110.12,110.48,16838.817
2025-08-26 09:30:00,110.48,110.55,110.04,110.29,15845.587
2025-08-26 10:00:00,110.29,110.5,110.22,110.47,16970.55
2025-08-26 10:30:00,110.47,110.87,110.45,110.65,30383.455
2025-08-26 11:00:00,110.64,110.75,110.09,110.16,31582.168
2025-08-26 11:30:00,110.16,110.56,109.93,110.54,26850.032
2025-08-26 12:00:00,110.54,110.55,109.98,110.33,34778.375
2025-08-26 12:30:00,110.32,112.44,110.31,111.85,190392.807
2025-08-26 13:00:00,111.85,111.87,110.88,111.25,58903.915
2025-08-26 13:30:00,111.24,112.05,110.42,111.8,139663.182
2025-08-26 14:00:00,111.8,112.31,111.18,111.98,69137.477
2025-08-26 14:30:00,111.97,112.56,111.77,112.34,49098.335
2025-08-26 15:00:00,112.34,112.65,111.72,112.07,60644.793
2025-08-26 15:30:00,112.07,112.25,111.68,111.95,49568.972
2025-08-26 16:00:00,111.95,112.66,111.76,112.53,42017.53
2025-08-26 16:30:00,112.52,113.28,112.4,113.24,74923.427
2025-08-26 17:00:00,113.23,113.8,113.1,113.4,69425.272
2025-08-26 17:30:00,113.4,113.46,112.36,112.86,58500.293
2025-08-26 18:00:00,112.86,113.11,112.6,113.05,36310.633
2025-08-26 18:30:00,113.05,113.73,112.94,113.67,33402.449
2025-08-26 19:00:00,113.67,114.04,113.22,113.95,42733.006
2025-08-26 19:30:00,113.94,114.58,113.76,114.47,63000.278
2025-08-26 20:00:00,114.46,114.74,114.08,114.66,47760.859
2025-08-26 20:30:00,114.65,114.65,113.47,113.56,91504.191
2025-08-26 21:00:00,113.56,113.57,112.95,113.01,62379.51
2025-08-26 21:30:00,113.01,113.71,113.0,113.68,25231.491
2025-08-26 22:00:00,113.67,113.81,113.15,113.25,35378.907
2025-08-26 22:30:00,113.24,113.57,113.21,113.54,17835.033
2025-08-26 23:00:00,113.54,114.02,113.37,113.57,30157.11
2025-08-26 23:30:00,113.56,113.68,113.27,113.43,27697.305
2025-08-27 00:00:00,113.43,113.46,113.02,113.16,37126.388
2025-08-27 00:30:00,113.16,113.44,112.84,113.19,22369.32
2025-08-27 01:00:00,113.19,113.26,112.79,112.94,30518.345
2025-08-27 01:30:00,112.93,113.43,112.71,113.36,34999.379
2025-08-27 02:00:00,113.36,113.69,112.89,113.44,23579.181
2025-08-27 02:30:00,113.44,113.8,113.38,113.64,24428.592
2025-08-27 03:00:00,113.64,113.7,113.18,113.35,21129.335
2025-08-27 03:30:00,113.34,114.58,113.34,114.27,53622.937
2025-08-27 04:00:00,114.28,114.96,114.04,114.51,56558.196
2025-08-27 04:30:00,114.52,115.32,114.47,115.23,69785.08
2025-08-27 05:00:00,115.22,116.25,115.06,115.06,147283.055
2025-08-27 05:30:00,115.06,115.08,113.4,113.95,207491.489
2025-08-27 06:00:00,113.96,113.97,113.3,113.45,42736.905
2025-08-27 06:30:00,113.44,113.69,113.07,113.09,46931.307
2025-08-27 07:00:00,113.09,113.28,112.74,112.86,52748.597
2025-08-27 07:30:00,112.86,113.1,112.61,112.95,49594.707
2025-08-27 08:00:00,112.96,113.19,112.41,112.53,59491.045
2025-08-27 08:30:00,112.52,112.82,112.13,112.8,79229.995
2025-08-27 09:00:00,112.79,113.2,112.67,113.09,45472.448
2025-08-27 09:30:00,113.09,113.33,112.55,112.59,31026.808
2025-08-27 10:00:00,112.59,113.14,112.48,112.83,67931.482
2025-08-27 10:30:00,112.83,113.03,112.43,112.92,37264.73
2025-08-27 11:00:00,112.91,113.34,112.9,113.24,28223.668
2025-08-27 11:30:00,113.24,113.35,112.93,112.97,25548.019
2025-08-27 12:00:00,112.96,113.46,112.91,112.96,40420.309
2025-08-27 12:30:00,112.96,113.51,112.75,113.43,28432.1
2025-08-27 13:00:00,113.43,113.47,112.78,112.91,23134.177
2025-08-27 13:30:00,112.92,113.93,112.58,112.95,82948.656
2025-08-27 14:00:00,112.95,113.97,112.72,113.9,35361.697
2025-08-27 14:30:00,113.9,114.52,113.36,113.53,153724.012
2025-08-27 15:00:00,113.54,114.14,113.27,113.52,74433.246
2025-08-27 15:30:00,113.51,113.86,113.24,113.65,31714.026
2025-08-27 16:00:00,113.66,113.76,113.11,113.31,36297.312
2025-08-27 16:30:00,113.3,113.73,112.96,113.65,33853.388
2025-08-27 17:00:00,113.65,113.89,113.23,113.78,27799.232
2025-08-27 17:30:00,113.78,114.21,113.66,114.02,24779.763
2025-08-27 18:00:00,114.01,114.31,113.91,114.11,21550.579
2025-08-27 18:30:00,114.11,114.13,113.36,113.38,24362.495
2025-08-27 19:00:00,113.38,113.55,112.55,113.24,64104.446
2025-08-27 19:30:00,113.23,113.5,113.07,113.13,23696.04
2025-08-27 20:00:00,113.13,114.04,112.22,113.65,259172.512
2025-08-27 20:30:00,113.64,114.02,113.33,113.8,75592.365
2025-08-27 21:00:00,113.8,114.26,113.34,113.6,43917.587
2025-08-27 21:30:00,113.59,113.78,112.8,113.0,26582.987
2025-08-27 22:00:00,113.0,113.02,112.2,112.64,50768.33
2025-08-27 22:30:00,112.65,113.14,112.61,112.71,25548.553
2025-08-27 23:00:00,112.7,112.89,112.32,112.56,28320.92
2025-08-27 23:30:00,112.55,112.71,111.89,112.14,46858.252
2025-08-28 00:00:00,112.14,112.57,111.58,111.94,49272.165
2025-08-28 00:30:00,111.94,112.47,111.25,112.17,56707.92
2025-08-28 01:00:00,112.16,112.91,112.16,112.39,28504.717
2025-08-28 01:30:00,112.39,112.97,112.39,112.61,23154.045
2025-08-28 02:00:00,112.61,112.76,112.24,112.6,16633.378
2025-08-28 02:30:00,112.6,112.77,112.18,112.28,10021.398
2025-08-28 03:00:00,112.29,113.04,112.19,112.94,22485.756
2025-08-28 03:30:00,112.94,113.1,112.73,112.88,19275.461
2025-08-28 04:00:00,112.88,113.19,112.68,113.1,26123.115
2025-08-28 04:30:00,113.1,114.06,113.04,113.93,55991.957
2025-08-28 05:00:00,113.93,114.19,113.44,113.48,58476.078
2025-08-28 05:30:00,113.48,113.59,113.27,113.45,23766.488
2025-08-28 06:00:00,113.45,113.51,113.11,113.5,21196.676
2025-08-28 06:30:00,113.5,113.66,113.33,113.64,28163.764
2025-08-28 07:00:00,113.64,113.72,113.29,113.38,41984.827
2025-08-28 07:30:00,113.39,113.51,113.2,113.44,25071.363
2025-08-28 08:00:00,113.44,114.08,113.38,113.38,62139.158
2025-08-28 08:30:00,113.38,113.57,113.21,113.42,27081.684
2025-08-28 09:00:00,113.42,113.45,113.02,113.43,23889.79
2025-08-28 09:30:00,113.43,113.47,113.22,113.24,23975.982
2025-08-28 10:00:00,113.25,113.28,112.96,113.24,27189.187
2025-08-28 10:30:00,113.23,113.59,113.16,113.45,17603.966
2025-08-28 11:00:00,113.44,113.46,113.02,113.27,20003.938
2025-08-28 11:30:00,113.26,113.43,113.1,113.42,15010.684
2025-08-28 12:00:00,113.41,113.64,113.15,113.27,23660.032
2025-08-28 12:30:00,113.27,113.94,113.18,113.79,54677.605
2025-08-28 13:00:00,113.79,114.12,113.58,113.7,26608.517
2025-08-28 13:30:00,113.7,114.01,113.11,113.46,62105.502
2025-08-28 14:00:00,113.47,114.11,113.3,113.55,59905.081
2025-08-28 14:30:00,113.55,114.44,113.3,114.27,49376.937
2025-08-28 15:00:00,114.27,114.57,113.34,113.4,143331.815
2025-08-28 15:30:00,113.4,113.62,112.14,112.58,154796.979
2025-08-28 16:00:00,112.58,113.38,112.58,112.92,45130.144
2025-08-28 16:30:00,112.91,112.92,111.48,111.5,67329.74
2025-08-28 17:00:00,111.49,112.59,111.37,112.53,50767.605
2025-08-28 17:30:00,112.52,112.59,112.29,112.53,16090.086
2025-08-28 18:00:00,112.53,112.75,112.18,112.75,21398.375
2025-08-28 18:30:00,112.74,112.88,112.36,112.43,19213.807
2025-08-28 19:00:00,112.44,112.74,112.27,112.43,10972.928
2025-08-28 19:30:00,112.44,112.54,111.65,111.67,31410.144
2025-08-28 20:00:00,111.68,112.39,111.54,112.3,30822.327
2025-08-28 20:30:00,112.29,112.38,111.96,112.19,17132.097
2025-08-28 21:00:00,112.2,112.79,112.16,112.73,14178.495
2025-08-28 21:30:00,112.73,113.01,112.71,112.98,13310.137
2025-08-28 22:00:00,112.98,113.59,112.97,113.59,17830.192
2025-08-28 22:30:00,113.59,113.84,113.55,113.71,24158.895
2025-08-28 23:00:00,113.72,113.89,113.53,113.61,22897.5
2025-08-28 23:30:00,113.61,113.78,113.44,113.6,21892.909
2025-08-29 00:00:00,113.6,113.83,113.19,113.7,28572.448
2025-08-29 00:30:00,113.7,113.71,112.96,113.29,28676.522
2025-08-29 01:00:00,113.28,113.46,112.28,112.57,38398.737
2025-08-29 01:30:00,112.58,112.97,112.5,112.52,17679.466
2025-08-29 02:00:00,112.51,113.32,112.35,113.09,29236.556
2025-08-29 02:30:00,113.1,113.14,112.79,112.9,17588.999
2025-08-29 03:00:00,112.9,113.09,112.61,113.06,17691.508
2025-08-29 03:30:00,113.06,113.51,112.87,113.2,27604.445
2025-08-29 04:00:00,113.2,113.42,112.91,113.37,16483.143
2025-08-29 04:30:00,113.36,113.36,112.67,112.83,25020.668
2025-08-29 05:00:00,112.84,112.89,112.46,112.56,21433.988
2025-08-29 05:30:00,112.55,112.98,112.48,112.8,12034.059
2025-08-29 06:00:00,112.8,112.9,111.82,111.83,34254.605
2025-08-29 06:30:00,111.83,112.01,110.56,111.7,113360.692
2025-08-29 07:00:00,111.7,111.71,110.05,110.31,101107.955
2025-08-29 07:30:00,110.34,110.84,110.14,110.35,58991.188
2025-08-29 08:00:00,110.35,110.75,109.44,109.65,95497.427
2025-08-29 08:30:00,109.65,109.92,109.27,109.36,46915.236
2025-08-29 09:00:00,109.36,110.02,108.81,110.0,71526.881
2025-08-29 09:30:00,110.0,110.32,109.74,110.21,26605.332
2025-08-29 10:00:00,110.21,110.52,110.11,110.44,27681.747
2025-08-29 10:30:00,110.43,110.43,109.8,110.08,24635.599
2025-08-29 11:00:00,110.09,110.28,109.76,109.91,23061.248
2025-08-29 11:30:00,109.92,110.06,109.72,109.96,13713.486
2025-08-29 12:00:00,109.96,110.3,109.86,110.24,30163.645
2025-08-29 12:30:00,110.24,112.05,110.24,110.85,156749.64
2025-08-29 13:00:00,110.85,111.03,110.57,110.76,25556.707
2025-08-29 13:30:00,110.76,110.83,109.14,109.89,116797.508
2025-08-29 14:00:00,109.89,110.44,108.72,109.85,141031.911
2025-08-29 14:30:00,109.84,110.45,109.62,109.77,47611.087
2025-08-29 15:00:00,109.77,110.56,109.7,110.32,45061.637
2025-08-29 15:30:00,110.32,110.58,109.71,109.87,54676.88
2025-08-29 16:00:00,109.87,110.28,109.3,109.79,75271.5
2025-08-29 16:30:00,109.78,109.98,109.58,109.93,39850.706
2025-08-29 17:00:00,109.92,109.95,109.16,109.55,78450.958
2025-08-29 17:30:00,109.56,109.92,109.4,109.42,22830.716
2025-08-29 18:00:00,109.42,109.62,108.94,109.03,35410.007
2025-08-29 18:30:00,109.03,109.26,108.96,109.06,18747.131
2025-08-29 19:00:00,109.06,109.79,108.56,109.72,56094.621
2025-08-29 19:30:00,109.73,109.96,109.44,109.55,20984.104
2025-08-29 20:00:00,109.55,109.67,109.11,109.34,21804.98
2025-08-29 20:30:00,109.35,109.38,109.02,109.29,23118.732
2025-08-29 21:00:00,109.3,109.45,108.97,109.42,25452.565
2025-08-29 21:30:00,109.43,110.12,109.43,109.85,23495.668
2025-08-29 22:00:00,109.85,109.91,109.4,109.67,22070.585
2025-08-29 22:30:00,109.68,109.82,109.47,109.69,18206.648
2025-08-29 23:00:00,109.69,109.95,109.58,109.77,16408.159
2025-08-29 23:30:00,109.77,110.03,109.75,109.86,14226.2
2025-08-30 00:00:00,109.87,109.96,109.57,109.74,18145.555
2025-08-30 00:30:00,109.74,109.76,109.42,109.68,18605.974
2025-08-30 01:00:00,109.67,109.95,109.4,109.46,19871.11
2025-08-30 01:30:00,109.46,109.47,108.27,108.35,67784.533
2025-08-30 02:00:00,108.36,109.45,108.21,109.44,44696.946
2025-08-30 02:30:00,109.44,109.76,109.44,109.53,15892.386
2025-08-30 03:00:00,109.53,110.87,109.51,110.5,45704.963
2025-08-30 03:30:00,110.5,110.71,110.33,110.55,19081.282
2025-08-30 04:00:00,110.56,110.73,110.44,110.63,15956.226
2025-08-30 04:30:00,110.63,110.64,110.29,110.31,16965.512
2025-08-30 05:00:00,110.31,110.6,110.24,110.56,11102.511
2025-08-30 05:30:00,110.56,110.83,110.48,110.54,21558.142
2025-08-30 06:00:00,110.54,110.7,110.37,110.52,13819.694
2025-08-30 06:30:00,110.53,110.75,110.46,110.48,9539.838
2025-08-30 07:00:00,110.49,110.64,110.37,110.53,17799.821
2025-08-30 07:30:00,110.54,110.7,110.37,110.66,19864.677
2025-08-30 08:00:00,110.67,110.69,110.44,110.59,19453.163
2025-08-30 08:30:00,110.6,111.21,110.57,110.77,62390.351
2025-08-30 09:00:00,110.77,110.9,110.57,110.74,14592.23
2025-08-30 09:30:00,110.74,110.74,110.43,110.68,16776.11
2025-08-30 10:00:00,110.68,111.18,110.54,110.83,26017.885
2025-08-30 10:30:00,110.83,110.85,110.45,110.59,19942.683
2025-08-30 11:00:00,110.6,110.62,110.33,110.42,13432.983
2025-08-30 11:30:00,110.41,110.53,110.18,110.51,24407.322
2025-08-30 12:00:00,110.52,110.56,110.16,110.25,17781.009
2025-08-30 12:30:00,110.25,110.26,109.6,109.95,66617.988
2025-08-30 13:00:00,109.96,109.96,109.24,109.67,47946.945
2025-08-30 13:30:00,109.67,109.97,109.58,109.9,22496.909
2025-08-30 14:00:00,109.9,109.95,109.38,109.64,17202.141
2025-08-30 14:30:00,109.63,110.06,109.53,110.0,108742.335
2025-08-30 15:00:00,110.0,110.31,109.71,110.24,19389.925
2025-08-30 15:30:00,110.25,110.57,110.1,110.56,25620.282
2025-08-30 16:00:00,110.56,110.72,110.25,110.25,22504.094
2025-08-30 16:30:00,110.25,110.52,110.14,110.32,18460.018
2025-08-30 17:00:00,110.33,110.49,110.2,110.23,15435.712
2025-08-30 17:30:00,110.22,110.27,109.78,109.96,33921.597
2025-08-30 18:00:00,109.95,110.16,109.62,109.76,16144.704
2025-08-30 18:30:00,109.77,110.08,109.7,109.97,9046.928
2025-08-30 19:00:00,109.96,110.09,109.82,110.05,8617.424
2025-08-30 19:30:00,110.06,110.25,109.97,110.19,15067.76
2025-08-30 20:00:00,110.2,110.2,109.74,109.99,11136.378
2025-08-30 20:30:00,109.99,109.99,109.63,109.92,11325.105
2025-08-30 21:00:00,109.93,110.12,109.8,109.86,11503.486
2025-08-30 21:30:00,109.86,110.05,109.8,109.96,4618.586
2025-08-30 22:00:00,109.96,110.13,109.77,110.11,10465.961
2025-08-30 22:30:00,110.11,110.49,110.07,110.49,20032.382
2025-08-30 23:00:00,110.49,110.78,110.49,110.76,16717.074
2025-08-30 23:30:00,110.75,110.87,110.6,110.76,26930.543
2025-08-31 00:00:00,110.77,110.97,110.75,110.95,19056.718
2025-08-31 00:30:00,110.95,111.72,110.89,111.64,44627.631
2025-08-31 01:00:00,111.64,111.71,111.27,111.43,26271.5
2025-08-31 01:30:00,111.43,111.62,111.31,111.54,16488.675
2025-08-31 02:00:00,111.54,111.65,111.4,111.53,15157.563
2025-08-31 02:30:00,111.53,111.54,111.29,111.45,14287.669
2025-08-31 03:00:00,111.45,111.58,111.34,111.48,33065.227
2025-08-31 03:30:00,111.47,111.81,111.36,111.81,62928.705
2025-08-31 04:00:00,111.81,111.87,111.29,111.3,39053.13
2025-08-31 04:30:00,111.3,111.35,110.95,111.12,19494.548
2025-08-31 05:00:00,111.12,111.12,110.82,110.84,14037.257
2025-08-31 05:30:00,110.84,111.07,110.83,111.02,8046.067
2025-08-31 06:00:00,111.02,111.05,110.76,110.78,10587.162
2025-08-31 06:30:00,110.78,110.91,110.7,110.74,8776.978
2025-08-31 07:00:00,110.74,111.09,110.72,111.08,16146.714
2025-08-31 07:30:00,111.08,111.16,110.95,111.08,12213.554
2025-08-31 08:00:00,111.08,111.32,111.07,111.21,12073.259
2025-08-31 08:30:00,111.21,111.56,111.11,111.53,20217.457
2025-08-31 09:00:00,111.53,111.81,111.36,111.63,30346.476
2025-08-31 09:30:00,111.63,111.8,111.2,111.25,37291.693
2025-08-31 10:00:00,111.26,111.31,111.01,111.04,28166.09
2025-08-31 10:30:00,111.04,111.26,110.79,111.15,24350.039
2025-08-31 11:00:00,111.16,111.3,110.95,111.18,30960.519
2025-08-31 11:30:00,111.18,111.45,110.89,111.33,53792.261
2025-08-31 12:00:00,111.32,111.39,110.92,111.04,14174.185
2025-08-31 12:30:00,111.05,111.31,110.84,111.21,14502.439
2025-08-31 13:00:00,111.19,111.34,110.88,111.04,12814.189
2025-08-31 13:30:00,111.04,111.07,110.74,110.92,34077.067
2025-08-31 14:00:00,110.92,111.0,110.26,110.45,38603.684
2025-08-31 14:30:00,110.45,110.55,110.11,110.21,22637.936
2025-08-31 15:00:00,110.21,110.75,110.2,110.59,23562.54
2025-08-31 15:30:00,110.59,110.74,110.34,110.67,18569.645
2025-08-31 16:00:00,110.67,110.72,110.07,110.21,38458.744
2025-08-31 16:30:00,110.22,110.46,110.05,110.3,19866.738
2025-08-31 17:00:00,110.3,110.33,110.01,110.22,13837.22
2025-08-31 17:30:00,110.22,110.43,110.14,110.25,12108.729
2025-08-31 18:00:00,110.25,110.62,110.2,110.55,20965.638
2025-08-31 18:30:00,110.56,110.78,110.5,110.68,23751.441
2025-08-31 19:00:00,110.67,110.74,110.17,110.18,16154.768
2025-08-31 19:30:00,110.19,110.41,110.1,110.17,13555.195
2025-08-31 20:00:00,110.17,110.41,109.99,110.23,19755.335
2025-08-31 20:30:00,110.24,110.4,110.06,110.36,10346.339
2025-08-31 21:00:00,110.35,110.48,110.16,110.34,10070.458
2025-08-31 21:30:00,110.33,110.56,110.29,110.37,7138.63
2025-08-31 22:00:00,110.37,110.41,110.02,110.25,26705.328
2025-08-31 22:30:00,110.26,110.26,109.66,109.83,28700.882
2025-08-31 23:00:00,109.83,109.84,109.16,109.24,38096.156
2025-08-31 23:30:00,109.24,109.25,108.7,108.82,51342.505
2025-09-01 00:00:00,108.82,108.94,108.02,108.26,64107.45
2025-09-01 00:30:00,108.26,109.12,107.89,108.72,61307.106
2025-09-01 01:00:00,108.72,108.97,108.28,108.82,30391.429
2025-09-01 01:30:00,108.82,109.28,108.45,108.74,35790.063
2025-09-01 02:00:00,108.74,108.81,107.51,107.93,62592.55
2025-09-01 02:30:00,107.94,108.6,107.3,107.65,93004.826
2025-09-01 03:00:00,107.65,107.94,107.38,107.73,46625.503
2025-09-01 03:30:00,107.73,108.2,107.56,108.02,19571.253
2025-09-01 04:00:00,108.02,108.23,107.55,107.77,35171.421
2025-09-01 04:30:00,107.77,107.78,107.25,107.5,30091.47
2025-09-01 05:00:00,107.51,107.84,107.17,107.8,33988.396
2025-09-01 05:30:00,107.81,108.2,107.73,108.04,21729.989
2025-09-01 06:00:00,108.04,108.32,107.54,108.19,20719.806
2025-09-01 06:30:00,108.2,108.57,108.2,108.41,24656.693
2025-09-01 07:00:00,108.42,109.08,108.04,109.01,39173.993
2025-09-01 07:30:00,109.01,110.47,108.93,110.46,107206.025
2025-09-01 08:00:00,110.45,111.16,110.26,110.32,175440.022
2025-09-01 08:30:00,110.33,111.23,110.33,111.22,50196.198
2025-09-01 09:00:00,111.21,111.32,110.82,110.9,39453.172
2025-09-01 09:30:00,110.89,111.07,110.26,110.33,35780.595
2025-09-01 10:00:00,110.33,110.46,109.78,109.83,47566.059
2025-09-01 10:30:00,109.83,109.84,109.28,109.77,66322.271
2025-09-01 11:00:00,109.78,110.03,109.66,109.68,26317.339
2025-09-01 11:30:00,109.68,109.69,109.12,109.43,31530.363
2025-09-01 12:00:00,109.42,110.04,109.31,109.96,29785.181
2025-09-01 12:30:00,109.95,110.09,109.71,109.93,23929.813
2025-09-01 13:00:00,109.93,110.51,109.64,110.36,36568.524
2025-09-01 13:30:00,110.35,110.44,109.7,109.99,46199.909
2025-09-01 14:00:00,109.99,110.28,109.72,109.82,24933.842
2025-09-01 14:30:00,109.83,110.03,109.33,109.9,29936.546
2025-09-01 15:00:00,109.89,110.13,109.43,109.72,32018.331
2025-09-01 15:30:00,109.72,109.81,109.2,109.46,31637.057
2025-09-01 16:00:00,109.47,109.55,108.92,109.34,51948.837
2025-09-01 16:30:00,109.34,109.5,108.78,108.84,27136.447
2025-09-01 17:00:00,108.85,108.86,108.23,108.44,80070.764
2025-09-01 17:30:00,108.43,108.66,108.26,108.4,27958.641
2025-09-01 18:00:00,108.41,108.85,108.41,108.68,39878.408
2025-09-01 18:30:00,108.69,109.03,108.65,108.65,42352.04
2025-09-01 19:00:00,108.66,109.14,108.49,108.96,35153.325
2025-09-01 19:30:00,108.95,109.52,108.95,109.27,33645.144
2025-09-01 20:00:00,109.28,109.58,108.99,109.2,21238.444
2025-09-01 20:30:00,109.2,109.21,107.41,108.48,240713.201
2025-09-01 21:00:00,108.48,108.54,107.47,107.59,64490.359
2025-09-01 21:30:00,107.59,107.62,106.3,107.07,98761.171
2025-09-01 22:00:00,107.07,107.52,106.75,107.08,39384.73
2025-09-01 22:30:00,107.09,107.48,106.57,107.31,29129.008
2025-09-01 23:00:00,107.32,108.06,107.26,107.94,35745.737
2025-09-01 23:30:00,107.94,108.71,107.64,108.68,33465.573
2025-09-02 00:00:00,108.68,109.08,108.53,108.72,37900.747
2025-09-02 00:30:00,108.72,109.22,108.67,109.14,27274.732
2025-09-02 01:00:00,109.14,109.44,108.6,108.94,59245.327
2025-09-02 01:30:00,108.94,109.77,108.78,109.31,56334.324
2025-09-02 02:00:00,109.32,109.58,108.93,109.37,34724.036
2025-09-02 02:30:00,109.38,109.69,109.0,109.66,42843.165
2025-09-02 03:00:00,109.64,110.24,109.0,110.01,132856.37
2025-09-02 03:30:00,110.02,110.34,109.9,110.25,32655.905
2025-09-02 04:00:00,110.26,110.7,110.17,110.39,31914.919
2025-09-02 04:30:00,110.4,110.6,110.25,110.46,23763.321
2025-09-02 05:00:00,110.47,110.69,110.06,110.32,34185.912
2025-09-02 05:30:00,110.33,110.65,110.26,110.55,19775.078
2025-09-02 06:00:00,110.55,111.24,110.47,110.96,62496.76
2025-09-02 06:30:00,110.96,111.2,110.92,111.11,31540.05
2025-09-02 07:00:00,111.11,111.2,110.55,110.81,29483.963
2025-09-02 07:30:00,110.8,111.09,110.34,110.49,35803.231
2025-09-02 08:00:00,110.49,110.66,110.17,110.48,30671.55
2025-09-02 08:30:00,110.49,110.71,110.26,110.44,30222.65
2025-09-02 09:00:00,110.45,110.98,110.38,110.65,35469.965
2025-09-02 09:30:00,110.65,110.71,110.3,110.45,18979.191
2025-09-02 10:00:00,110.46,110.51,110.26,110.39,17598.687
2025-09-02 10:30:00,110.39,110.8,110.17,110.79,39589.321
2025-09-02 11:00:00,110.8,110.92,110.48,110.5,38908.239
2025-09-02 11:30:00,110.5,110.76,110.19,110.34,24981.672
2025-09-02 12:00:00,110.34,110.49,109.56,109.94,71045.406
2025-09-02 12:30:00,109.94,110.04,108.66,108.78,122071.423
2025-09-02 13:00:00,108.78,109.85,108.74,109.68,57698.501
2025-09-02 13:30:00,109.69,111.67,109.22,111.56,160965.778
2025-09-02 14:00:00,111.56,111.95,110.6,111.76,114167.172
2025-09-02 14:30:00,111.75,111.97,110.81,111.12,50481.213
2025-09-02 15:00:00,111.11,111.24,110.62,110.89,46526.079
2025-09-02 15:30:00,110.89,110.9,109.43,109.52,73392.961
2025-09-02 16:00:00,109.52,110.24,109.49,109.73,67507.8
2025-09-02 16:30:00,109.73,110.58,109.67,110.35,38844.376
2025-09-02 17:00:00,110.36,110.72,110.27,110.71,22789.176
2025-09-02 17:30:00,110.7,110.92,110.26,110.34,29690.142
2025-09-02 18:00:00,110.33,110.35,109.78,109.82,24470.528
2025-09-02 18:30:00,109.82,110.34,109.27,109.99,36719.713
2025-09-02 19:00:00,110.0,110.41,109.68,109.77,24965.442
2025-09-02 19:30:00,109.78,110.1,109.29,109.44,24992.311
2025-09-02 20:00:00,109.44,110.75,109.4,110.61,31806.483
2025-09-02 20:30:00,110.62,111.02,110.12,111.02,62757.792
2025-09-02 21:00:00,111.03,111.82,111.01,111.68,65593.178
2025-09-02 21:30:00,111.68,112.03,111.62,111.98,33451.452
2025-09-02 22:00:00,111.98,111.98,111.23,111.42,64477.288
2025-09-02 22:30:00,111.41,111.81,111.31,111.71,21595.958
2025-09-02 23:00:00,111.72,111.74,111.43,111.52,19506.888
2025-09-02 23:30:00,111.52,111.69,111.33,111.69,13087.131
2025-09-03 00:00:00,111.69,112.18,111.51,112.06,42739.736
2025-09-03 00:30:00,112.06,112.06,111.13,111.22,27142.072
2025-09-03 01:00:00,111.22,111.25,110.81,110.89,22601.766
2025-09-03 01:30:00,110.89,111.46,110.74,111.41,33447.524
2025-09-03 02:00:00,111.4,111.72,111.01,111.62,43226.694
2025-09-03 02:30:00,111.62,111.67,111.29,111.53,14258.599
2025-09-03 03:00:00,111.52,111.62,111.23,111.4,17807.361
2025-09-03 03:30:00,111.4,111.45,111.09,111.38,18204.651
2025-09-03 04:00:00,111.38,111.55,111.04,111.28,15883.683
2025-09-03 04:30:00,111.27,111.52,111.25,111.44,14135.588
2025-09-03 05:00:00,111.43,111.54,110.98,111.18,16204.498
2025-09-03 05:30:00,111.19,111.59,111.04,111.34,27036.189
2025-09-03 06:00:00,111.34,111.46,110.91,111.42,31900.702
2025-09-03 06:30:00,111.42,111.64,111.32,111.5,20217.535
2025-09-03 07:00:00,111.49,111.51,110.83,111.11,29708.599
2025-09-03 07:30:00,111.11,111.74,111.07,111.72,30603.137
2025-09-03 08:00:00,111.72,112.19,111.67,111.97,47089.092
2025-09-03 08:30:00,111.98,112.1,111.65,111.77,25395.92
2025-09-03 09:00:00,111.78,111.98,111.44,111.97,22189.282
2025-09-03 09:30:00,111.97,112.28,111.78,112.27,39131.429
2025-09-03 10:00:00,112.26,112.46,111.88,112.45,30271.331
2025-09-03 10:30:00,112.45,112.49,111.98,112.01,21692.017
2025-09-03 11:00:00,112.01,112.32,111.92,112.12,22979.661
2025-09-03 11:30:00,112.12,112.25,111.83,111.86,26149.65
2025-09-03 12:00:00,111.86,112.17,111.81,111.84,23630.723
2025-09-03 12:30:00,111.84,112.03,111.44,111.55,48131.785
2025-09-03 13:00:00,111.56,112.21,111.49,111.92,27075.984
2025-09-03 13:30:00,111.93,112.85,111.9,112.43,65913.196
2025-09-03 14:00:00,112.43,112.84,112.1,112.35,70920.697
2025-09-03 14:30:00,112.36,113.27,112.36,113.11,62575.367
2025-09-03 15:00:00,113.1,113.17,112.56,112.73,41589.202
2025-09-03 15:30:00,112.72,113.09,112.61,112.79,29505.204
2025-09-03 16:00:00,112.8,113.15,112.6,112.64,33631.21
2025-09-03 16:30:00,112.64,112.71,112.15,112.45,51974.199
2025-09-03 17:00:00,112.44,112.89,112.44,112.86,23474.878
2025-09-03 17:30:00,112.85,112.96,112.56,112.65,17526.756
2025-09-03 18:00:00,112.64,112.72,112.49,112.6,13238.418
2025-09-03 18:30:00,112.61,112.61,112.1,112.27,21781.896
2025-09-03 19:00:00,112.26,112.43,112.11,112.21,14511.582
2025-09-03 19:30:00,112.21,112.74,112.2,112.74,16764.765
2025-09-03 20:00:00,112.73,112.77,112.42,112.44,20005.025
2025-09-03 20:30:00,112.44,112.66,112.32,112.44,11855.112
2025-09-03 21:00:00,112.43,112.63,112.32,112.62,10934.212
2025-09-03 21:30:00,112.62,112.94,112.39,112.92,16623.347
2025-09-03 22:00:00,112.91,113.24,112.81,113.14,30608.327
2025-09-03 22:30:00,113.14,113.17,112.92,113.0,17588.885
2025-09-03 23:00:00,113.0,113.02,112.78,112.84,13384.473
2025-09-03 23:30:00,112.84,112.95,112.78,112.94,11190.735
2025-09-04 00:00:00,112.94,113.45,112.93,113.18,26107.053
2025-09-04 00:30:00,113.18,113.23,112.92,113.0,14547.936
2025-09-04 01:00:00,112.99,113.0,112.5,112.6,29529.185
2025-09-04 01:30:00,112.61,112.89,112.51,112.89,16209.888
2025-09-04 02:00:00,112.88,112.96,112.38,112.39,16775.939
2025-09-04 02:30:00,112.38,112.6,112.0,112.05,28982.316
2025-09-04 03:00:00,112.06,112.24,111.83,111.9,34022.772
2025-09-04 03:30:00,111.91,111.92,111.54,111.61,22246.41
2025-09-04 04:00:00,111.61,111.86,111.42,111.53,45856.906
2025-09-04 04:30:00,111.52,111.83,111.42,111.46,37798.892
2025-09-04 05:00:00,111.46,111.46,110.83,110.99,53911.523
2025-09-04 05:30:00,110.99,111.15,110.84,111.14,22244.566
2025-09-04 06:00:00,111.14,111.27,110.81,111.03,24692.246
2025-09-04 06:30:00,111.03,111.19,110.77,110.87,19954.02
2025-09-04 07:00:00,110.87,111.45,110.82,111.16,31723.93
2025-09-04 07:30:00,111.17,111.38,111.13,111.3,14469.642
2025-09-04 08:00:00,111.3,111.54,111.19,111.5,27581.562
2025-09-04 08:30:00,111.5,111.55,110.9,110.94,17897.554
2025-09-04 09:00:00,110.94,111.25,110.83,110.86,15484.746
2025-09-04 09:30:00,110.86,111.11,110.83,111.1,17209.282
2025-09-04 10:00:00,111.09,111.38,111.0,111.16,17101.636
2025-09-04 10:30:00,111.16,111.32,110.86,110.87,16578.63
2025-09-04 11:00:00,110.87,111.52,110.72,111.13,30382.28
2025-09-04 11:30:00,111.13,111.28,110.95,110.96,12643.731
2025-09-04 12:00:00,110.96,111.4,110.91,111.2,40869.198
2025-09-04 12:30:00,111.21,111.37,110.66,111.22,35860.364
2025-09-04 13:00:00,111.22,111.27,110.92,111.03,13574.425
2025-09-04 13:30:00,111.02,111.18,110.36,110.7,67044.646
2025-09-04 14:00:00,110.68,110.73,109.82,110.44,93096.546
2025-09-04 14:30:00,110.44,110.69,110.3,110.35,29085.537
2025-09-04 15:00:00,110.36,110.37,109.68,109.83,56379.552
2025-09-04 15:30:00,109.83,110.17,109.67,109.99,39449.027
2025-09-04 16:00:00,109.98,110.28,109.54,109.6,42679.852
2025-09-04 16:30:00,109.59,109.96,109.58,109.91,16953.93
2025-09-04 17:00:00,109.9,110.24,109.88,110.16,13046.388
2025-09-04 17:30:00,110.17,110.18,109.8,109.96,10601.378
2025-09-04 18:00:00,109.96,110.19,109.66,109.66,40455.443
2025-09-04 18:30:00,109.66,110.08,109.44,109.82,45418.726
2025-09-04 19:00:00,109.82,110.05,109.73,109.95,14719.946
2025-09-04 19:30:00,109.95,110.04,109.63,109.78,44440.756
2025-09-04 20:00:00,109.78,110.44,109.69,110.44,48616.537
2025-09-04 20:30:00,110.43,110.65,110.34,110.59,22321.029
2025-09-04 21:00:00,110.6,110.84,110.58,110.81,22301.68
2025-09-04 21:30:00,110.81,111.04,110.76,110.93,15593.223
2025-09-04 22:00:00,110.93,111.35,110.9,111.32,27567.97
2025-09-04 22:30:00,111.33,111.74,111.18,111.54,35142.339
2025-09-04 23:00:00,111.55,111.77,111.3,111.4,30489.823
2025-09-04 23:30:00,111.41,111.41,110.96,111.0,16813.354
2025-09-05 00:00:00,110.99,111.52,110.96,111.46,27040.676
2025-09-05 00:30:00,111.46,111.62,111.07,111.11,17023.216
2025-09-05 01:00:00,111.12,111.77,111.05,111.75,21994.572
2025-09-05 01:30:00,111.74,112.49,111.72,112.3,43197.858
2025-09-05 02:00:00,112.3,112.49,111.99,112.27,58511.455
2025-09-05 02:30:00,112.27,112.28,111.83,111.93,19360.468
2025-09-05 03:00:00,111.93,111.97,110.95,111.04,35827.829
2025-09-05 03:30:00,111.04,111.36,110.97,111.26,25469.741
2025-09-05 04:00:00,111.25,111.34,111.08,111.32,13956.621
2025-09-05 04:30:00,111.32,111.64,111.32,111.54,21220.282
2025-09-05 05:00:00,111.54,111.74,111.45,111.49,10804.382
2025-09-05 05:30:00,111.49,111.82,111.36,111.79,10478.235
2025-09-05 06:00:00,111.8,112.04,111.56,111.62,25759.621
2025-09-05 06:30:00,111.62,111.94,111.59,111.86,12513.388
2025-09-05 07:00:00,111.86,112.52,111.85,112.5,46343.27
2025-09-05 07:30:00,112.51,113.16,112.46,113.13,87514.442
2025-09-05 08:00:00,113.13,113.2,112.68,112.92,51915.699
2025-09-05 08:30:00,112.93,113.11,112.77,113.03,24580.054
2025-09-05 09:00:00,113.04,113.12,112.53,112.73,34937.604
2025-09-05 09:30:00,112.72,113.3,112.67,113.29,22471.157
2025-09-05 10:00:00,113.28,113.34,112.92,113.08,28788.937
2025-09-05 10:30:00,113.07,113.11,112.75,112.79,19694.334
2025-09-05 11:00:00,112.8,113.03,112.74,112.94,19925.896
2025-09-05 11:30:00,112.95,113.05,112.81,112.84,11546.695
2025-09-05 12:00:00,112.84,113.28,112.72,113.27,34245.145
2025-09-05 12:30:00,113.28,114.12,112.33,114.06,274108.473
2025-09-05 13:00:00,114.05,114.34,113.84,113.9,73780.904
2025-09-05 13:30:00,113.91,115.09,113.85,114.73,166309.254
2025-09-05 14:00:00,114.74,114.76,112.36,112.67,290736.302
2025-09-05 14:30:00,112.66,112.78,111.43,111.89,268152.561
2025-09-05 15:00:00,111.89,112.86,111.81,112.81,114044.797
2025-09-05 15:30:00,112.81,112.84,112.22,112.29,54055.634
2025-09-05 16:00:00,112.29,112.69,112.02,112.43,49251.781
2025-09-05 16:30:00,112.44,112.75,112.27,112.71,16276.586
2025-09-05 17:00:00,112.71,112.71,112.34,112.35,18722.568
2025-09-05 17:30:00,112.35,112.45,111.84,112.38,31408.547
2025-09-05 18:00:00,112.37,112.82,112.19,112.8,24661.894
2025-09-05 18:30:00,112.81,113.15,112.75,113.02,35423.59
2025-09-05 19:00:00,113.02,113.14,112.52,113.05,51623.034
2025-09-05 19:30:00,113.05,113.22,112.97,113.19,24674.718
2025-09-05 20:00:00,113.19,113.31,112.96,113.03,16914.315
2025-09-05 20:30:00,113.04,113.26,112.98,113.19,17348.693
2025-09-05 21:00:00,113.2,113.23,112.2,112.6,73879.317
2025-09-05 21:30:00,112.61,112.77,111.93,111.99,45560.796
2025-09-05 22:00:00,112.0,112.23,111.87,111.95,29334.792
2025-09-05 22:30:00,111.95,112.47,111.91,112.33,10751.17
2025-09-05 23:00:00,112.34,112.36,111.88,111.91,21036.114
2025-09-05 23:30:00,111.91,112.12,111.87,112.01,14053.588
2025-09-06 00:00:00,112.01,112.22,111.74,112.14,18302.041
2025-09-06 00:30:00,112.14,112.26,112.06,112.22,10095.056
2025-09-06 01:00:00,112.22,112.32,112.06,112.15,9493.311
2025-09-06 01:30:00,112.16,112.49,112.11,112.39,20176.192
2025-09-06 02:00:00,112.4,112.45,112.03,112.11,15585.013
2025-09-06 02:30:00,112.11,112.35,112.08,112.34,10163.693
2025-09-06 03:00:00,112.34,112.37,112.23,112.29,12603.181
2025-09-06 03:30:00,112.3,112.33,112.07,112.15,8526.593
2025-09-06 04:00:00,112.15,112.15,111.58,111.58,21674.505
2025-09-06 04:30:00,111.58,111.68,111.43,111.55,27929.885
2025-09-06 05:00:00,111.55,111.57,111.24,111.33,16480.955
2025-09-06 05:30:00,111.34,111.45,111.26,111.32,11814.247
2025-09-06 06:00:00,111.31,111.45,111.25,111.32,13527.807
2025-09-06 06:30:00,111.31,111.45,111.3,111.4,10751.465
2025-09-06 07:00:00,111.4,111.59,111.35,111.58,11358.874
2025-09-06 07:30:00,111.58,111.67,111.52,111.66,11872.955
2025-09-06 08:00:00,111.67,111.69,111.53,111.61,9376.449
2025-09-06 08:30:00,111.61,111.72,111.6,111.68,8144.072
2025-09-06 09:00:00,111.69,111.69,111.49,111.53,11560.895
2025-09-06 09:30:00,111.53,111.69,111.44,111.44,38576.892
2025-09-06 10:00:00,111.43,111.48,111.17,111.23,21995.369
2025-09-06 10:30:00,111.22,111.55,111.18,111.55,9835.072
2025-09-06 11:00:00,111.55,111.55,111.31,111.4,5835.656
2025-09-06 11:30:00,111.4,111.65,111.3,111.64,8378.99
2025-09-06 12:00:00,111.64,111.75,111.46,111.58,14638.25
2025-09-06 12:30:00,111.58,111.64,111.39,111.4,67715.383
2025-09-06 13:00:00,111.4,111.6,111.36,111.45,78424.517
2025-09-06 13:30:00,111.45,111.47,111.23,111.45,79058.157
2025-09-06 14:00:00,111.45,111.68,111.35,111.6,22402.653
2025-09-06 14:30:00,111.61,111.7,111.49,111.54,13309.001
2025-09-06 15:00:00,111.54,112.0,111.29,111.85,38691.343
2025-09-06 15:30:00,111.86,112.2,111.36,111.39,38014.238
2025-09-06 16:00:00,111.4,112.04,111.3,111.94,49925.95
2025-09-06 16:30:00,111.95,112.36,111.92,111.93,37434.798
2025-09-06 17:00:00,111.93,112.22,111.78,112.04,19057.512
2025-09-06 17:30:00,112.05,112.05,111.72,111.94,11741.012
2025-09-06 18:00:00,111.93,112.2,111.89,112.12,11193.099
2025-09-06 18:30:00,112.12,112.24,111.87,112.22,10519.828
2025-09-06 19:00:00,112.23,112.35,112.12,112.12,13205.723
2025-09-06 19:30:00,112.13,112.25,111.93,112.25,17756.49
2025-09-06 20:00:00,112.26,112.37,111.9,111.92,33653.484
2025-09-06 20:30:00,111.91,112.38,111.87,112.37,19256.857
2025-09-06 21:00:00,112.38,112.42,111.72,111.93,41950.098
2025-09-06 21:30:00,111.93,111.94,111.66,111.85,15212.5
2025-09-06 22:00:00,111.85,111.94,111.75,111.75,15566.034
2025-09-06 22:30:00,111.75,111.81,111.52,111.8,12765.963
2025-09-06 23:00:00,111.81,112.13,111.41,112.0,53492.768
2025-09-06 23:30:00,112.01,112.17,111.99,112.09,12771.177
2025-09-07 00:00:00,112.09,112.36,112.09,112.27,21626.481
2025-09-07 00:30:00,112.28,112.47,112.19,112.4,22824.67
2025-09-07 01:00:00,112.41,112.55,112.38,112.53,19961.591
2025-09-07 01:30:00,112.53,112.83,112.45,112.7,19851.086
2025-09-07 02:00:00,112.71,112.71,112.5,112.58,10892.413
2025-09-07 02:30:00,112.59,113.07,112.54,113.0,16614.259
2025-09-07 03:00:00,113.01,113.07,112.84,112.96,14627.526
2025-09-07 03:30:00,112.96,113.0,112.66,112.79,13183.689
2025-09-07 04:00:00,112.8,112.86,112.61,112.68,11108.56
2025-09-07 04:30:00,112.69,112.9,112.65,112.89,9336.003
2025-09-07 05:00:00,112.9,113.05,112.79,113.03,16361.645
2025-09-07 05:30:00,113.04,113.67,112.93,113.52,32944.732
2025-09-07 06:00:00,113.53,113.71,113.42,113.58,62648.086
2025-09-07 06:30:00,113.58,113.7,113.26,113.34,24387.248
2025-09-07 07:00:00,113.34,113.66,113.25,113.63,14887.078
2025-09-07 07:30:00,113.63,114.05,113.6,113.71,34494.883
2025-09-07 08:00:00,113.71,113.91,113.68,113.72,23603.863
2025-09-07 08:30:00,113.72,113.99,113.71,113.87,35511.393
2025-09-07 09:00:00,113.88,114.13,113.72,113.88,22373.945
2025-09-07 09:30:00,113.88,114.16,113.64,114.15,18457.289
2025-09-07 10:00:00,114.16,114.35,113.68,113.78,30233.853
2025-09-07 10:30:00,113.79,114.24,113.79,114.19,15229.593
2025-09-07 11:00:00,114.19,114.25,113.91,113.91,11722.114
2025-09-07 11:30:00,113.92,114.15,113.85,114.14,14008.815
2025-09-07 12:00:00,114.14,114.44,114.1,114.41,30595.585
2025-09-07 12:30:00,114.42,114.87,114.36,114.87,31532.324
2025-09-07 13:00:00,114.86,114.91,114.21,114.46,51814.921
2025-09-07 13:30:00,114.47,115.31,114.44,115.23,41467.369
2025-09-07 14:00:00,115.23,115.38,114.51,114.77,60133.876
2025-09-07 14:30:00,114.78,115.31,114.63,114.68,66652.492
2025-09-07 15:00:00,114.69,114.86,114.47,114.69,29298.121
2025-09-07 15:30:00,114.69,114.77,114.56,114.66,14427.316
2025-09-07 16:00:00,114.66,114.75,114.29,114.37,26152.588
2025-09-07 16:30:00,114.38,114.58,114.3,114.48,17189.46
2025-09-07 17:00:00,114.47,115.08,114.27,114.33,40615.596
2025-09-07 17:30:00,114.34,114.82,114.22,114.25,22454.788
2025-09-07 18:00:00,114.26,114.52,114.12,114.22,16172.088
2025-09-07 18:30:00,114.22,114.34,113.92,114.15,24303.567
2025-09-07 19:00:00,114.15,114.33,113.89,114.06,18531.644
2025-09-07 19:30:00,114.06,114.45,114.03,114.33,13340.573
2025-09-07 20:00:00,114.34,114.47,114.1,114.25,8401.574
2025-09-07 20:30:00,114.25,114.34,114.03,114.33,9474.723
2025-09-07 21:00:00,114.32,114.46,114.12,114.18,16006.171
2025-09-07 21:30:00,114.19,114.25,113.96,113.99,12196.863
2025-09-07 22:00:00,113.99,114.76,113.96,114.74,27874.444
2025-09-07 22:30:00,114.75,114.97,114.54,114.76,39476.48
2025-09-07 23:00:00,114.77,115.15,114.48,114.97,49480.343
2025-09-07 23:30:00,114.98,115.1,114.64,114.86,34617.533
2025-09-08 00:00:00,114.86,115.02,114.31,114.78,36284.059
2025-09-08 00:30:00,114.79,114.86,114.31,114.37,13713.271
2025-09-08 01:00:00,114.37,114.5,114.02,114.03,17311.403
2025-09-08 01:30:00,114.03,114.16,113.77,113.91,31266.988
2025-09-08 02:00:00,113.91,114.19,113.71,113.96,17888.411
2025-09-08 02:30:00,113.96,114.94,113.92,114.89,31049.889
2025-09-08 03:00:00,114.9,115.48,114.83,115.04,91014.85
2025-09-08 03:30:00,115.05,115.37,114.35,114.61,120763.658
2025-09-08 04:00:00,114.62,114.63,112.82,113.66,369836.18
2025-09-08 04:30:00,113.66,113.91,112.64,113.06,115076.425
2025-09-08 05:00:00,113.06,113.48,112.91,113.21,45763.886
2025-09-08 05:30:00,113.21,113.23,112.82,112.92,50154.06
2025-09-08 06:00:00,112.92,113.02,111.79,112.5,232251.621
2025-09-08 06:30:00,112.51,112.55,112.3,112.52,24545.887
2025-09-08 07:00:00,112.53,112.92,112.42,112.88,31458.527
2025-09-08 07:30:00,112.89,113.01,112.52,112.8,33686.373
2025-09-08 08:00:00,112.81,113.06,112.65,112.96,25016.199
2025-09-08 08:30:00,112.95,113.2,112.86,112.97,40173.878
2025-09-08 09:00:00,112.97,113.42,112.76,113.24,53714.192
2025-09-08 09:30:00,113.24,113.45,113.12,113.4,42736.277
2025-09-08 10:00:00,113.39,113.68,113.16,113.48,41302.279
2025-09-08 10:30:00,113.48,113.75,113.36,113.44,38197.368
2025-09-08 11:00:00,113.45,113.46,113.04,113.21,48008.53
2025-09-08 11:30:00,113.21,113.37,113.01,113.29,30378.457
2025-09-08 12:00:00,113.29,113.43,113.05,113.22,23900.277
2025-09-08 12:30:00,113.21,113.4,113.0,113.06,46140.865
2025-09-08 13:00:00,113.05,113.63,113.01,113.46,74895.466
2025-09-08 13:30:00,113.47,113.7,112.83,112.89,78712.294
2025-09-08 14:00:00,112.88,113.41,112.84,113.35,38768.279
2025-09-08 14:30:00,113.35,113.66,113.02,113.32,79664.8
2025-09-08 15:00:00,113.32,113.85,113.28,113.58,78798.113
2025-09-08 15:30:00,113.57,113.6,113.14,113.39,54542.064
2025-09-08 16:00:00,113.38,113.45,112.89,113.42,57485.879
2025-09-08 16:30:00,113.42,113.43,112.95,113.03,36306.374
2025-09-08 17:00:00,113.02,113.24,112.37,113.19,113706.738
2025-09-08 17:30:00,113.18,113.19,112.62,112.71,40825.098
2025-09-08 18:00:00,112.72,112.9,112.46,112.8,30952.101
2025-09-08 18:30:00,112.8,113.18,112.71,113.13,36389.861
2025-09-08 19:00:00,113.12,113.15,112.58,112.62,29506.327
2025-09-08 19:30:00,112.62,112.72,112.11,112.37,60363.879
2025-09-08 20:00:00,112.38,112.42,111.94,112.25,49231.502
2025-09-08 20:30:00,112.24,112.35,111.84,112.03,35490.105
2025-09-08 21:00:00,112.04,112.49,111.95,112.25,27256.096
2025-09-08 21:30:00,112.26,112.64,112.25,112.57,22885.332
2025-09-08 22:00:00,112.57,112.8,112.41,112.69,27012.776
2025-09-08 22:30:00,112.69,112.71,112.25,112.37,20587.332
2025-09-08 23:00:00,112.36,112.63,112.27,112.42,25715.544
2025-09-08 23:30:00,112.42,112.78,112.28,112.69,23260.756
2025-09-09 00:00:00,112.69,113.24,112.66,112.95,50966.133
2025-09-09 00:30:00,112.94,113.25,112.4,113.22,47236.5
2025-09-09 01:00:00,113.23,113.94,112.64,112.9,176096.961
2025-09-09 01:30:00,112.89,113.07,112.38,112.69,74575.082
2025-09-09 02:00:00,112.69,112.79,112.05,112.18,53456.098
2025-09-09 02:30:00,112.19,112.56,111.53,111.83,73392.002
2025-09-09 03:00:00,111.82,112.12,111.66,112.0,33043.757
2025-09-09 03:30:00,112.0,112.32,111.82,112.26,30600.986
2025-09-09 04:00:00,112.26,113.08,111.95,112.91,111383.195
2025-09-09 04:30:00,112.9,112.99,112.57,112.81,31145.499
2025-09-09 05:00:00,112.81,112.86,112.3,112.44,23633.311
2025-09-09 05:30:00,112.44,112.99,112.36,112.98,20567.739
2025-09-09 06:00:00,112.98,113.68,112.88,113.45,89865.787
2025-09-09 06:30:00,113.45,113.83,113.42,113.61,66813.609
2025-09-09 07:00:00,113.62,114.27,113.61,114.27,94884.434
2025-09-09 07:30:00,114.27,114.3,113.58,113.98,58412.763
2025-09-09 08:00:00,113.98,114.34,113.91,114.13,46003.57
2025-09-09 08:30:00,114.13,114.39,113.98,114.32,41352.861
2025-09-09 09:00:00,114.33,114.67,114.2,114.43,35200.703
2025-09-09 09:30:00,114.43,114.43,114.02,114.1,31814.447
2025-09-09 10:00:00,114.1,114.3,113.63,113.64,38056.817
2025-09-09 10:30:00,113.64,113.99,113.2,113.58,84924.101
2025-09-09 11:00:00,113.58,113.93,113.52,113.75,15748.575
2025-09-09 11:30:00,113.75,113.93,113.37,113.45,50457.549
2025-09-09 12:00:00,113.44,113.75,113.26,113.61,47959.421
2025-09-09 12:30:00,113.61,113.65,113.17,113.5,62792.929
2025-09-09 13:00:00,113.5,113.61,113.07,113.43,43894.882
2025-09-09 13:30:00,113.42,113.85,113.39,113.74,40737.81
2025-09-09 14:00:00,113.75,113.96,112.59,113.02,184401.336
2025-09-09 14:30:00,113.01,113.03,111.79,112.25,193664.169
2025-09-09 15:00:00,112.24,112.39,111.42,111.76,87548.87
2025-09-09 15:30:00,111.76,111.85,110.7,111.27,176888.307
2025-09-09 16:00:00,111.28,111.38,110.88,111.09,80074.239
2025-09-09 16:30:00,111.1,111.68,111.06,111.66,30502.314
2025-09-09 17:00:00,111.65,112.1,111.57,111.59,44098.01
2025-09-09 17:30:00,111.59,111.83,111.46,111.59,16715.868
2025-09-09 18:00:00,111.6,111.99,111.48,111.91,27603.598
2025-09-09 18:30:00,111.92,111.97,111.73,111.87,20853.847
2025-09-09 19:00:00,111.87,112.0,111.71,111.92,21333.345
2025-09-09 19:30:00,111.92,112.11,111.76,111.79,16788.49
2025-09-09 20:00:00,111.79,112.01,111.66,111.85,30849.176
2025-09-09 20:30:00,111.85,112.21,111.77,112.15,14797.637
2025-09-09 21:00:00,112.16,112.18,111.64,111.71,26288.415
2025-09-09 21:30:00,111.71,111.92,111.3,111.48,30527.238
2025-09-09 22:00:00,111.47,111.79,111.42,111.57,15641.574
2025-09-09 22:30:00,111.57,111.89,111.56,111.81,12693.707
2025-09-09 23:00:00,111.81,111.94,111.67,111.75,11095.471
2025-09-09 23:30:00,111.75,112.02,111.7,111.88,14379.463
2025-09-10 00:00:00,111.88,111.93,111.47,111.61,18524.006
2025-09-10 00:30:00,111.62,112.09,111.48,111.63,22720.129
2025-09-10 01:00:00,111.63,112.36,111.63,112.24,23695.926
2025-09-10 01:30:00,112.25,112.44,111.98,112.08,20676.191
2025-09-10 02:00:00,112.09,112.96,112.09,112.89,54026.521
2025-09-10 02:30:00,112.9,113.2,112.85,113.06,42256.399
2025-09-10 03:00:00,113.07,113.15,112.74,112.82,29529.109
2025-09-10 03:30:00,112.82,113.07,112.74,112.87,10773.546
2025-09-10 04:00:00,112.87,112.92,112.57,112.83,23032.257
2025-09-10 04:30:00,112.82,112.87,112.46,112.69,11699.75
2025-09-10 05:00:00,112.69,112.7,112.13,112.42,21552.94
2025-09-10 05:30:00,112.41,112.81,112.32,112.79,18976.779
2025-09-10 06:00:00,112.79,112.81,112.44,112.72,14797.243
2025-09-10 06:30:00,112.72,113.22,112.57,112.73,33411.397
2025-09-10 07:00:00,112.73,113.23,112.62,113.13,17824.008
2025-09-10 07:30:00,113.13,113.22,112.88,113.09,23973.694
2025-09-10 08:00:00,113.09,113.2,112.9,113.16,28376.437
2025-09-10 08:30:00,113.16,113.18,112.9,112.91,21615.201
2025-09-10 09:00:00,112.91,113.16,112.55,113.0,29568.677
2025-09-10 09:30:00,113.0,113.14,112.98,113.04,13356.999
2025-09-10 10:00:00,113.04,113.08,112.76,112.91,22966.509
2025-09-10 10:30:00,112.91,113.09,112.79,112.87,17831.991
2025-09-10 11:00:00,112.87,113.14,112.76,112.98,15322.109
2025-09-10 11:30:00,112.97,112.97,112.67,112.95,13343.84
2025-09-10 12:00:00,112.95,113.27,112.89,113.26,21351.487
2025-09-10 12:30:00,113.26,113.92,113.24,113.82,165888.81
2025-09-10 13:00:00,113.81,114.89,113.7,114.49,176617.407
2025-09-10 13:30:00,114.49,115.21,114.0,114.8,171419.807
2025-09-10 14:00:00,114.81,115.18,114.54,114.64,57770.098
2025-09-10 14:30:00,114.63,114.76,113.95,114.03,74043.668
2025-09-10 15:00:00,114.03,114.53,114.03,114.43,42619.757
2025-09-10 15:30:00,114.42,114.56,114.19,114.31,25982.437
2025-09-10 16:00:00,114.31,118.14,114.29,117.75,464991.19
2025-09-10 16:30:00,117.76,118.73,115.74,116.34,402596.794
2025-09-10 17:00:00,116.34,117.29,116.2,116.23,155892.032
2025-09-10 17:30:00,116.23,116.56,115.79,116.42,64279.801
2025-09-10 18:00:00,116.41,116.72,116.04,116.15,76542.285
2025-09-10 18:30:00,116.14,116.25,115.61,115.92,51562.15
2025-09-10 19:00:00,115.92,116.0,114.84,115.01,65772.997
2025-09-10 19:30:00,115.0,115.48,114.86,115.4,56564.011
2025-09-10 20:00:00,115.4,115.71,115.34,115.42,33037.351
2025-09-10 20:30:00,115.41,115.51,115.11,115.26,20041.741
2025-09-10 21:00:00,115.26,115.9,115.12,115.57,36716.745
2025-09-10 21:30:00,115.57,115.85,115.52,115.83,17533.009
2025-09-10 22:00:00,115.83,116.42,115.83,116.29,47884.078
2025-09-10 22:30:00,116.3,116.46,116.01,116.15,28708.285
2025-09-10 23:00:00,116.15,116.78,116.15,116.77,25726.278
2025-09-10 23:30:00,116.77,117.66,116.73,117.59,88830.757
2025-09-11 00:00:00,117.59,117.76,116.69,116.91,83920.816
2025-09-11 00:30:00,116.92,117.02,116.5,116.71,46691.219
2025-09-11 01:00:00,116.71,116.92,116.41,116.73,43341.389
2025-09-11 01:30:00,116.73,116.81,116.47,116.7,21366.882
2025-09-11 02:00:00,116.7,116.86,116.0,116.29,49701.759
2025-09-11 02:30:00,116.29,116.31,116.0,116.01,50346.869
2025-09-11 03:00:00,116.0,116.34,115.96,116.22,25978.222
2025-09-11 03:30:00,116.23,116.68,115.97,116.57,42228.095
2025-09-11 04:00:00,116.56,116.63,116.14,116.55,39821.671
2025-09-11 04:30:00,116.56,116.81,116.34,116.46,31801.647
2025-09-11 05:00:00,116.46,116.53,116.08,116.18,25707.349
2025-09-11 05:30:00,116.18,116.33,116.01,116.25,23354.483
2025-09-11 06:00:00,116.24,116.86,116.18,116.69,30794.54
2025-09-11 06:30:00,116.69,116.95,116.66,116.8,34242.18
2025-09-11 07:00:00,116.8,116.96,116.43,116.78,42358.212
2025-09-11 07:30:00,116.77,117.65,116.63,117.21,84613.866
2025-09-11 08:00:00,117.2,117.28,116.8,116.98,28435.644
2025-09-11 08:30:00,116.99,117.18,116.87,116.87,19726.237
2025-09-11 09:00:00,116.87,117.08,116.7,116.78,38774.46
2025-09-11 09:30:00,116.77,116.83,116.53,116.71,24720.619
2025-09-11 10:00:00,116.72,117.02,116.55,116.65,24837.478
2025-09-11 10:30:00,116.65,117.47,116.45,117.31,45687.06
2025-09-11 11:00:00,117.31,117.42,117.14,117.14,28575.639
2025-09-11 11:30:00,117.14,117.27,116.76,116.89,23574.055
2025-09-11 12:00:00,116.88,117.43,116.62,117.43,75086.699
2025-09-11 12:30:00,117.43,117.51,115.0,116.35,328256.644
2025-09-11 13:00:00,116.36,116.43,115.52,115.99,103748.753
2025-09-11 13:30:00,115.99,116.55,115.66,116.24,74519.815
2025-09-11 14:00:00,116.25,116.27,112.83,113.34,687088.127
2025-09-11 14:30:00,113.35,114.16,113.32,113.83,160412.969
2025-09-11 15:00:00,113.83,114.18,113.56,113.67,69118.48
2025-09-11 15:30:00,113.67,114.14,113.65,113.83,58243.367
2025-09-11 16:00:00,113.84,114.19,113.72,113.76,43039.727
2025-09-11 16:30:00,113.76,114.34,113.76,114.19,33299.196
2025-09-11 17:00:00,114.18,114.66,114.04,114.35,44839.795
2025-09-11 17:30:00,114.34,114.77,114.29,114.73,25157.663
2025-09-11 18:00:00,114.74,114.75,114.32,114.69,26906.688
2025-09-11 18:30:00,114.68,114.86,114.54,114.75,31557.891
2025-09-11 19:00:00,114.74,115.0,114.58,114.91,28579.169
2025-09-11 19:30:00,114.91,115.14,114.84,114.94,15707.308
2025-09-11 20:00:00,114.95,115.15,114.83,115.07,21552.708
2025-09-11 20:30:00,115.07,115.28,114.91,115.13,48601.628
2025-09-11 21:00:00,115.13,115.46,115.08,115.18,29637.021
2025-09-11 21:30:00,115.19,115.41,115.04,115.23,23549.573
2025-09-11 22:00:00,115.23,115.89,115.2,115.86,36839.842
2025-09-11 22:30:00,115.85,116.07,115.71,115.87,37361.395
2025-09-11 23:00:00,115.87,116.02,115.82,115.86,28366.617
2025-09-11 23:30:00,115.86,115.94,115.69,115.76,30245.9
2025-09-12 00:00:00,115.76,116.09,115.51,115.98,43242.966
2025-09-12 00:30:00,115.98,116.87,115.98,116.26,88179.215
2025-09-12 01:00:00,116.26,116.58,116.25,116.32,40095.05
2025-09-12 01:30:00,116.33,116.33,114.67,114.93,194901.61
2025-09-12 02:00:00,114.93,115.35,114.88,115.1,52659.951
2025-09-12 02:30:00,115.1,116.05,115.08,115.84,111799.949
2025-09-12 03:00:00,115.84,115.89,115.54,115.7,26895.888
2025-09-12 03:30:00,115.69,115.8,115.44,115.52,36771.089
2025-09-12 04:00:00,115.52,115.61,115.22,115.54,28653.518
2025-09-12 04:30:00,115.54,115.58,115.36,115.52,27410.533
2025-09-12 05:00:00,115.52,115.8,115.32,115.66,36076.094
2025-09-12 05:30:00,115.66,116.24,115.61,116.22,42443.352
2025-09-12 06:00:00,116.22,116.39,116.01,116.3,32892.946
2025-09-12 06:30:00,116.31,116.43,115.87,115.97,32488.754
2025-09-12 07:00:00,115.96,116.26,115.93,115.99,24272.763
2025-09-12 07:30:00,115.98,115.98,115.58,115.68,38402.019
2025-09-12 08:00:00,115.68,115.86,115.41,115.72,34386.497
2025-09-12 08:30:00,115.71,115.78,115.53,115.7,19369.037
2025-09-12 09:00:00,115.69,115.87,115.38,115.68,29445.06
2025-09-12 09:30:00,115.69,115.82,115.52,115.68,22067.766
2025-09-12 10:00:00,115.67,115.9,115.32,115.53,34813.124
2025-09-12 10:30:00,115.52,115.65,115.4,115.46,29141.71
2025-09-12 11:00:00,115.45,116.16,115.36,116.02,53191.906
2025-09-12 11:30:00,116.02,116.02,115.32,115.37,31244.087
2025-09-12 12:00:00,115.38,115.42,114.86,115.13,76955.048
2025-09-12 12:30:00,115.14,115.66,115.01,115.5,46732.38
2025-09-12 13:00:00,115.49,115.75,115.37,115.62,25808.989
2025-09-12 13:30:00,115.63,115.96,115.36,115.87,28908.49
2025-09-12 14:00:00,115.87,116.74,115.69,116.73,112526.428
2025-09-12 14:30:00,116.73,116.84,116.01,116.66,63948.268
2025-09-12 15:00:00,116.65,116.68,115.77,115.99,40263.66
2025-09-12 15:30:00,115.98,116.52,115.9,116.47,28531.671
2025-09-12 16:00:00,116.47,117.04,116.34,116.86,57759.878
2025-09-12 16:30:00,116.85,117.16,116.6,117.16,45774.451
2025-09-12 17:00:00,117.15,117.67,116.9,117.55,89035.993
2025-09-12 17:30:00,117.54,117.69,117.22,117.39,71046.885
2025-09-12 18:00:00,117.39,117.8,117.27,117.66,38047.703
2025-09-12 18:30:00,117.66,117.71,117.0,117.15,179819.609
2025-09-12 19:00:00,117.15,117.21,116.97,117.11,37197.051
2025-09-12 19:30:00,117.11,117.3,117.02,117.21,49378.833
2025-09-12 20:00:00,117.21,117.38,116.84,116.9,64940.085
2025-09-12 20:30:00,116.89,117.84,116.88,117.64,53066.05
2025-09-12 21:00:00,117.63,117.67,117.08,117.3,25247.372
2025-09-12 21:30:00,117.31,117.34,117.1,117.28,11565.867
2025-09-12 22:00:00,117.28,117.99,117.26,117.8,44233.834
2025-09-12 22:30:00,117.8,117.99,117.64,117.77,30305.641
2025-09-12 23:00:00,117.77,118.18,117.65,118.15,32068.924
2025-09-12 23:30:00,118.16,118.23,117.96,117.97,27322.973
2025-09-13 00:00:00,117.97,118.17,117.65,117.66,40534.971
2025-09-13 00:30:00,117.67,118.29,117.55,118.26,36592.818
2025-09-13 01:00:00,118.27,118.5,117.99,118.02,45940.85
2025-09-13 01:30:00,118.03,118.19,117.64,117.7,34351.318
2025-09-13 02:00:00,117.7,117.97,117.4,117.96,34627.547
2025-09-13 02:30:00,117.96,118.03,117.79,117.79,19273.435
2025-09-13 03:00:00,117.8,117.96,117.67,117.85,25059.126
2025-09-13 03:30:00,117.86,118.22,117.76,118.0,48062.915
2025-09-13 04:00:00,118.01,118.08,117.66,117.75,29310.717
2025-09-13 04:30:00,117.74,118.03,117.71,117.79,22446.842
2025-09-13 05:00:00,117.79,118.05,117.58,118.01,22120.906
2025-09-13 05:30:00,118.01,118.42,117.97,118.31,32858.839
2025-09-13 06:00:00,118.32,118.61,118.28,118.58,44408.842
2025-09-13 06:30:00,118.58,119.44,118.56,118.94,103371.671
2025-09-13 07:00:00,118.95,118.95,118.46,118.66,34043.101
2025-09-13 07:30:00,118.65,118.88,118.62,118.73,43728.07
2025-09-13 08:00:00,118.73,120.12,118.64,120.09,182481.536
2025-09-13 08:30:00,120.09,120.11,119.42,119.57,92477.436
2025-09-13 09:00:00,119.58,119.81,119.41,119.64,57587.116
2025-09-13 09:30:00,119.64,120.12,119.6,120.05,57672.507
2025-09-13 10:00:00,120.05,120.5,119.64,120.15,77032.151
2025-09-13 10:30:00,120.15,120.35,119.61,119.87,61428.22
2025-09-13 11:00:00,119.87,119.89,119.44,119.85,44701.2
2025-09-13 11:30:00,119.85,120.61,119.74,120.59,51108.888
2025-09-13 12:00:00,120.59,120.63,119.96,119.99,39190.525
2025-09-13 12:30:00,120.0,120.2,119.87,120.05,38260.612
2025-09-13 13:00:00,120.04,120.76,119.67,120.69,82488.726
2025-09-13 13:30:00,120.7,120.72,118.0,119.38,215490.735
2025-09-13 14:00:00,119.37,120.29,118.61,120.0,122221.327
2025-09-13 14:30:00,120.0,120.12,119.51,119.79,39606.848
2025-09-13 15:00:00,119.78,120.32,119.56,119.68,49135.377
2025-09-13 15:30:00,119.67,119.7,118.55,119.07,96394.516
2025-09-13 16:00:00,119.06,119.6,118.54,119.03,110390.193
2025-09-13 16:30:00,119.02,119.24,118.2,118.62,82561.47
2025-09-13 17:00:00,118.62,118.84,117.75,118.67,127493.369
2025-09-13 17:30:00,118.66,120.7,118.64,119.89,151394.615
2025-09-13 18:00:00,119.89,119.99,118.71,119.26,72379.975
2025-09-13 18:30:00,119.26,119.61,118.67,119.6,36248.643
2025-09-13 19:00:00,119.61,119.82,119.12,119.15,54067.026
2025-09-13 19:30:00,119.15,119.58,119.11,119.26,42388.877
2025-09-13 20:00:00,119.27,119.73,119.23,119.61,27233.886
2025-09-13 20:30:00,119.61,119.79,119.39,119.61,13470.209
2025-09-13 21:00:00,119.61,120.14,119.56,119.98,27410.502
2025-09-13 21:30:00,119.98,119.99,119.74,119.9,10805.999
2025-09-13 22:00:00,119.91,120.14,119.85,119.99,21178.443
2025-09-13 22:30:00,119.99,120.14,119.0,119.27,116750.18
2025-09-13 23:00:00,119.27,119.65,119.02,119.18,68899.284
2025-09-13 23:30:00,119.19,119.45,119.06,119.17,35422.068
2025-09-14 00:00:00,119.17,119.3,118.87,118.97,29812.966
2025-09-14 00:30:00,118.98,119.06,118.5,118.71,48129.777
2025-09-14 01:00:00,118.71,118.71,117.19,117.82,156891.686
2025-09-14 01:30:00,117.82,118.39,117.77,118.31,42639.455
2025-09-14 02:00:00,118.32,118.81,118.28,118.43,47629.303
2025-09-14 02:30:00,118.43,118.43,117.15,117.68,107418.006
2025-09-14 03:00:00,117.68,117.94,117.24,117.4,49699.175
2025-09-14 03:30:00,117.4,117.53,116.05,116.34,164540.336
2025-09-14 04:00:00,116.34,116.7,115.99,116.65,83279.532
2025-09-14 04:30:00,116.66,116.97,116.64,116.82,38511.464
2025-09-14 05:00:00,116.81,117.38,116.81,117.28,26822.887
2025-09-14 05:30:00,117.29,117.43,117.2,117.39,22088.824
2025-09-14 06:00:00,117.39,117.47,116.91,117.07,26931.755
2025-09-14 06:30:00,117.07,117.13,116.71,117.12,21200.514
2025-09-14 07:00:00,117.12,117.21,116.84,117.07,16906.363
2025-09-14 07:30:00,117.07,117.15,116.42,116.72,28638.388
2025-09-14 08:00:00,116.73,116.73,116.2,116.58,49516.562
2025-09-14 08:30:00,116.59,117.04,116.57,116.71,30367.72
2025-09-14 09:00:00,116.71,116.99,116.49,116.91,20730.194
2025-09-14 09:30:00,116.92,117.17,116.76,116.9,22960.39
2025-09-14 10:00:00,116.9,116.96,116.51,116.61,34901.317
2025-09-14 10:30:00,116.6,116.71,116.39,116.51,25482.371
2025-09-14 11:00:00,116.52,116.66,115.72,115.85,65693.976
2025-09-14 11:30:00,115.85,115.97,115.34,115.45,69173.921
2025-09-14 12:00:00,115.45,115.9,115.42,115.84,49815.822
2025-09-14 12:30:00,115.85,115.91,114.82,115.27,100028.54
2025-09-14 13:00:00,115.28,115.38,114.78,114.95,43834.552
2025-09-14 13:30:00,114.95,115.29,114.47,114.83,57961.467
2025-09-14 14:00:00,114.84,115.33,114.33,114.64,61822.049
2025-09-14 14:30:00,114.65,114.84,113.84,114.58,122768.582
2025-09-14 15:00:00,114.58,114.7,114.1,114.5,69990.777
2025-09-14 15:30:00,114.5,114.94,114.32,114.67,42294.04
2025-09-14 16:00:00,114.68,115.09,114.51,115.07,33747.766
2025-09-14 16:30:00,115.06,115.21,114.76,114.84,32071.924
2025-09-14 17:00:00,114.85,115.38,114.68,115.3,39529.251
2025-09-14 17:30:00,115.3,115.48,115.22,115.31,27243.565
2025-09-14 18:00:00,115.32,115.41,114.79,114.95,32349.93
2025-09-14 18:30:00,114.95,115.15,114.87,114.96,13508.069
2025-09-14 19:00:00,114.97,115.2,114.71,115.2,13207.174
2025-09-14 19:30:00,115.2,115.3,114.91,115.07,12810.898
2025-09-14 20:00:00,115.07,115.4,115.02,115.2,14658.812
2025-09-14 20:30:00,115.2,115.37,115.09,115.22,11315.226
2025-09-14 21:00:00,115.22,115.34,114.91,115.3,40609.82
2025-09-14 21:30:00,115.3,115.7,115.23,115.53,17900.284
2025-09-14 22:00:00,115.54,115.63,115.14,115.35,20915.357
2025-09-14 22:30:00,115.35,116.06,115.29,115.8,25784.951
2025-09-14 23:00:00,115.81,115.81,115.0,115.17,32140.91
2025-09-14 23:30:00,115.17,115.19,114.8,115.02,22136.514
2025-09-15 00:00:00,115.02,115.85,114.99,115.83,30637.344
2025-09-15 00:30:00,115.82,115.85,115.24,115.34,24104.129
2025-09-15 01:00:00,115.34,115.37,114.52,115.24,37398.261
2025-09-15 01:30:00,115.25,115.85,115.23,115.49,25163.393
2025-09-15 02:00:00,115.49,116.03,115.48,115.68,30278.302
2025-09-15 02:30:00,115.68,115.79,115.45,115.67,15625.611
2025-09-15 03:00:00,115.68,116.15,115.61,115.76,18764.159
2025-09-15 03:30:00,115.77,115.79,115.55,115.62,17161.756
2025-09-15 04:00:00,115.62,116.15,115.5,115.99,34135.719
2025-09-15 04:30:00,116.0,116.1,115.74,115.86,15403.003
2025-09-15 05:00:00,115.86,116.58,115.79,116.44,60187.273
2025-09-15 05:30:00,116.44,116.71,116.41,116.59,38961.066
2025-09-15 06:00:00,116.6,116.65,116.08,116.1,61719.525
2025-09-15 06:30:00,116.1,116.17,115.21,115.64,67113.342
2025-09-15 07:00:00,115.65,116.27,115.5,115.54,30979.502
2025-09-15 07:30:00,115.53,115.53,114.55,114.84,95718.338
2025-09-15 08:00:00,114.83,114.84,113.33,114.0,215744.374
2025-09-15 08:30:00,114.0,114.22,112.34,112.78,220239.703
2025-09-15 09:00:00,112.78,113.68,112.6,113.52,115837.157
2025-09-15 09:30:00,113.51,113.75,113.3,113.63,30455.13
2025-09-15 10:00:00,113.63,113.65,112.77,113.2,42437.746
2025-09-15 10:30:00,113.2,113.6,113.03,113.4,18715.669
2025-09-15 11:00:00,113.41,113.64,113.06,113.31,26407.34
2025-09-15 11:30:00,113.31,114.06,113.2,113.83,288886.12
2025-09-15 12:00:00,113.83,113.99,113.34,113.34,30857.521
2025-09-15 12:30:00,113.35,113.57,113.11,113.19,28542.968
2025-09-15 13:00:00,113.19,113.36,112.97,113.16,32346.065
2025-09-15 13:30:00,113.16,114.03,112.9,113.79,69163.975
2025-09-15 14:00:00,113.79,113.82,112.97,113.4,62783.261
2025-09-15 14:30:00,113.4,113.55,112.71,112.77,37610.569
2025-09-15 15:00:00,112.78,113.22,112.57,112.84,73635.946
2025-09-15 15:30:00,112.85,113.21,112.31,113.06,59224.707
2025-09-15 16:00:00,113.05,113.05,111.84,112.36,118116.523
2025-09-15 16:30:00,112.34,112.97,111.95,112.13,35091.158
2025-09-15 17:00:00,112.13,112.65,112.08,112.36,26590.393
2025-09-15 17:30:00,112.36,113.11,112.28,113.05,40457.767
2025-09-15 18:00:00,113.04,113.08,112.61,112.9,20747.735
2025-09-15 18:30:00,112.9,113.46,112.84,113.34,20384.287
2025-09-15 19:00:00,113.34,113.67,112.99,113.01,21198.465
2025-09-15 19:30:00,113.01,113.45,112.82,113.2,15725.167
2025-09-15 20:00:00,113.2,113.51,113.09,113.31,14418.533
2025-09-15 20:30:00,113.32,113.44,113.29,113.4,10625.428
2025-09-15 21:00:00,113.41,113.64,113.19,113.55,22872.615
2025-09-15 21:30:00,113.56,113.67,113.41,113.57,13271.807
2025-09-15 22:00:00,113.58,113.67,113.27,113.53,15071.549
2025-09-15 22:30:00,113.54,113.6,113.24,113.5,14112.765
2025-09-15 23:00:00,113.51,113.74,113.38,113.71,14793.852
2025-09-15 23:30:00,113.7,113.74,113.57,113.66,12861.439
2025-09-16 00:00:00,113.66,113.7,113.23,113.23,26823.918
2025-09-16 00:30:00,113.23,113.44,113.09,113.35,15529.854
2025-09-16 01:00:00,113.35,113.9,113.31,113.82,32917.877
2025-09-16 01:30:00,113.83,113.96,113.06,113.1,35458.945
2025-09-16 02:00:00,113.11,113.51,113.08,113.18,20550.29
2025-09-16 02:30:00,113.18,113.35,112.78,112.86,22066.336
2025-09-16 03:00:00,112.86,113.04,112.61,112.68,44243.362
2025-09-16 03:30:00,112.68,112.94,112.48,112.48,28055.217
2025-09-16 04:00:00,112.48,113.01,111.89,112.95,106856.035
2025-09-16 04:30:00,112.96,113.09,112.72,113.04,23050.511
2025-09-16 05:00:00,113.04,113.64,113.0,113.64,51336.544
2025-09-16 05:30:00,113.64,114.46,113.62,114.2,97434.56
2025-09-16 06:00:00,114.21,114.4,113.88,113.93,51873.793
2025-09-16 06:30:00,113.94,113.96,113.57,113.8,43817.235
2025-09-16 07:00:00,113.8,114.85,113.8,114.77,72425.264
2025-09-16 07:30:00,114.77,115.13,114.5,114.74,46048.225
2025-09-16 08:00:00,114.75,115.2,114.57,114.63,41297.216
2025-09-16 08:30:00,114.62,114.85,114.18,114.55,49742.026
2025-09-16 09:00:00,114.56,114.92,114.35,114.69,38239.483
2025-09-16 09:30:00,114.68,115.01,114.45,114.94,31839.127
2025-09-16 10:00:00,114.94,115.01,114.74,114.89,24440.409
2025-09-16 10:30:00,114.9,114.96,114.18,114.21,27417.003
2025-09-16 11:00:00,114.22,114.36,113.93,114.3,30602.811
2025-09-16 11:30:00,114.29,114.55,114.23,114.3,29732.919
2025-09-16 12:00:00,114.31,114.53,114.24,114.3,18406.708
2025-09-16 12:30:00,114.31,114.47,114.12,114.25,16147.597
2025-09-16 13:00:00,114.26,114.65,114.13,114.57,20287.149
2025-09-16 13:30:00,114.57,114.66,113.55,114.46,112814.102
2025-09-16 14:00:00,114.45,114.45,113.19,113.87,87779.249
2025-09-16 14:30:00,113.87,114.58,113.62,114.49,73662.985
2025-09-16 15:00:00,114.48,114.86,114.09,114.77,64451.105
2025-09-16 15:30:00,114.78,115.07,114.43,115.0,51372.105
2025-09-16 16:00:00,115.0,115.02,114.44,114.83,74813.539
2025-09-16 16:30:00,114.83,115.28,114.62,115.1,60789.09
2025-09-16 17:00:00,115.09,115.77,114.98,115.52,87503.09
2025-09-16 17:30:00,115.53,115.58,115.02,115.12,37725.266
2025-09-16 18:00:00,115.12,115.53,115.04,115.1,34478.096
2025-09-16 18:30:00,115.1,115.1,114.74,114.89,34716.007
2025-09-16 19:00:00,114.89,115.0,114.74,114.86,18662.681
2025-09-16 19:30:00,114.87,115.22,114.8,115.15,22955.858
2025-09-16 20:00:00,115.14,115.22,114.84,114.98,17894.777
2025-09-16 20:30:00,114.98,114.99,114.68,114.83,19426.915
2025-09-16 21:00:00,114.83,115.22,114.8,115.13,35569.831
2025-09-16 21:30:00,115.14,115.43,115.04,115.41,20670.963
2025-09-16 22:00:00,115.41,115.52,115.19,115.23,21368.742
2025-09-16 22:30:00,115.23,115.29,115.04,115.21,16548.063
2025-09-16 23:00:00,115.21,115.24,114.96,114.99,11430.025
2025-09-16 23:30:00,114.99,115.24,114.79,114.96,21426.741
2025-09-17 00:00:00,114.97,115.28,114.9,115.14,14560.842
2025-09-17 00:30:00,115.13,115.28,114.98,114.99,8348.95
2025-09-17 01:00:00,114.98,115.23,114.82,115.06,16252.001
2025-09-17 01:30:00,115.06,115.15,114.85,115.14,9773.831
2025-09-17 02:00:00,115.15,115.37,115.0,115.16,15993.248
2025-09-17 02:30:00,115.16,115.83,115.13,115.52,40305.876
2025-09-17 03:00:00,115.52,115.67,115.25,115.27,27745.396
2025-09-17 03:30:00,115.28,115.31,114.54,114.64,49313.838
2025-09-17 04:00:00,114.64,114.81,114.3,114.3,31594.394
2025-09-17 04:30:00,114.3,114.43,113.7,113.99,77112.094
2025-09-17 05:00:00,113.99,114.26,113.89,113.95,41075.484
2025-09-17 05:30:00,113.95,114.73,113.94,114.69,44377.201
2025-09-17 06:00:00,114.69,114.88,114.47,114.79,37685.496
2025-09-17 06:30:00,114.79,115.3,114.75,115.26,38348.524
2025-09-17 07:00:00,115.26,115.41,114.94,115.24,21393.792
2025-09-17 07:30:00,115.25,115.35,115.14,115.19,27093.472
2025-09-17 08:00:00,115.19,115.3,114.97,115.27,42528.393
2025-09-17 08:30:00,115.27,115.28,114.67,115.08,30844.132
2025-09-17 09:00:00,115.07,115.12,114.7,114.78,14050.791
2025-09-17 09:30:00,114.79,114.89,114.46,114.49,22019.953
2025-09-17 10:00:00,114.5,114.67,113.99,114.04,34871.604
2025-09-17 10:30:00,114.04,114.15,113.89,114.04,27507.7
2025-09-17 11:00:00,114.04,114.48,114.0,114.3,20116.173
2025-09-17 11:30:00,114.3,114.33,114.1,114.13,10696.616
2025-09-17 12:00:00,114.13,114.22,113.71,114.1,35050.258
2025-09-17 12:30:00,114.1,114.44,114.08,114.27,30531.295
2025-09-17 13:00:00,114.26,114.61,114.21,114.41,26697.467
2025-09-17 13:30:00,114.4,114.49,113.97,114.22,25868.718
2025-09-17 14:00:00,114.23,114.24,113.46,113.67,48339.874
2025-09-17 14:30:00,113.68,114.6,113.47,113.84,98384.538
2025-09-17 15:00:00,113.85,114.23,113.74,113.75,29756.409
2025-09-17 15:30:00,113.76,114.09,113.74,113.82,25129.168
2025-09-17 16:00:00,113.81,113.94,113.32,113.91,48509.262
2025-09-17 16:30:00,113.91,114.33,113.77,114.21,26207.776
2025-09-17 17:00:00,114.21,114.3,114.03,114.14,17861.261
2025-09-17 17:30:00,114.14,115.28,113.51,113.7,89660.785
2025-09-17 18:00:00,113.7,115.13,113.38,114.48,252269.817
2025-09-17 18:30:00,114.48,114.51,113.05,113.68,93103.777
2025-09-17 19:00:00,113.67,114.94,113.63,114.81,62370.813
2025-09-17 19:30:00,114.79,115.05,114.54,114.91,51299.504
2025-09-17 20:00:00,114.91,115.5,114.91,115.06,55511.297
2025-09-17 20:30:00,115.07,115.17,114.31,114.42,34450.766
2025-09-17 21:00:00,114.42,115.18,113.95,115.14,47476.203
2025-09-17 21:30:00,115.15,115.62,115.03,115.51,31248.937
2025-09-17 22:00:00,115.52,117.14,115.52,117.1,152804.43
2025-09-17 22:30:00,117.1,117.27,116.87,117.08,75928.62
2025-09-17 23:00:00,117.09,117.56,116.66,116.82,100369.451
2025-09-17 23:30:00,116.83,117.29,116.76,116.97,37425.843
2025-09-18 00:00:00,116.97,117.74,116.97,117.27,76293.255
2025-09-18 00:30:00,117.27,117.39,116.74,116.89,49155.542
2025-09-18 01:00:00,116.89,117.61,116.75,117.27,29816.223
2025-09-18 01:30:00,117.27,117.59,117.12,117.33,31094.802
2025-09-18 02:00:00,117.33,117.38,116.95,117.01,20749.353
2025-09-18 02:30:00,117.01,117.56,117.0,117.53,19312.327
2025-09-18 03:00:00,117.53,118.01,117.42,117.95,62671.379
2025-09-18 03:30:00,117.96,118.07,117.69,117.76,46202.909
2025-09-18 04:00:00,117.77,117.97,117.44,117.5,42463.322
2025-09-18 04:30:00,117.51,117.63,117.29,117.44,33441.098
2025-09-18 05:00:00,117.45,117.45,116.96,117.0,28756.917
2025-09-18 05:30:00,117.0,117.01,116.64,116.86,33323.653
2025-09-18 06:00:00,116.86,116.94,115.82,115.89,70592.338
2025-09-18 06:30:00,115.9,116.35,114.84,114.98,318778.45
2025-09-18 07:00:00,114.98,115.38,114.95,115.19,88061.181
2025-09-18 07:30:00,115.2,115.81,115.2,115.43,46053.718
2025-09-18 08:00:00,115.43,116.03,115.37,115.95,44053.651
2025-09-18 08:30:00,115.96,116.12,115.81,116.08,48111.05
2025-09-18 09:00:00,116.07,116.18,115.79,116.01,32804.619
2025-09-18 09:30:00,116.01,116.2,115.76,115.84,39002.184
2025-09-18 10:00:00,115.84,116.0,115.08,115.13,91764.311
2025-09-18 10:30:00,115.12,115.33,115.08,115.27,46103.929
2025-09-18 11:00:00,115.28,115.6,115.23,115.52,51538.109
2025-09-18 11:30:00,115.53,115.72,115.42,115.7,22072.471
2025-09-18 12:00:00,115.7,115.88,115.31,115.84,46656.773
2025-09-18 12:30:00,115.84,115.87,115.43,115.67,25169.572
2025-09-18 13:00:00,115.67,116.29,115.55,116.02,59715.212
2025-09-18 13:30:00,116.02,116.4,115.4,115.96,76143.778
2025-09-18 14:00:00,115.95,116.46,115.92,116.25,43749.15
2025-09-18 14:30:00,116.25,116.36,115.89,116.21,48276.302
2025-09-18 15:00:00,116.22,116.58,116.03,116.37,50469.33
2025-09-18 15:30:00,116.37,117.45,116.37,116.97,133700.108
2025-09-18 16:00:00,116.97,117.77,116.92,117.37,91511.62
2025-09-18 16:30:00,117.38,117.55,117.12,117.17,35726.337
2025-09-18 17:00:00,117.17,118.32,117.0,117.7,130015.445
2025-09-18 17:30:00,117.7,118.25,117.66,118.14,44944.626
2025-09-18 18:00:00,118.14,118.45,117.97,118.3,47111.613
2025-09-18 18:30:00,118.3,118.76,118.08,118.67,59394.474
2025-09-18 19:00:00,118.67,118.73,118.11,118.12,41621.504
2025-09-18 19:30:00,118.12,118.5,117.8,118.44,59598.45
2025-09-18 20:00:00,118.45,119.06,118.37,118.9,60320.442
2025-09-18 20:30:00,118.91,119.07,118.67,118.74,26836.787
2025-09-18 21:00:00,118.75,118.82,118.3,118.43,27615.51
2025-09-18 21:30:00,118.43,118.46,118.07,118.11,26033.724
2025-09-18 22:00:00,118.12,118.32,117.86,118.26,25090.962
2025-09-18 22:30:00,118.27,118.6,117.95,118.03,30258.838
2025-09-18 23:00:00,118.03,118.15,117.56,117.99,47869.156
2025-09-18 23:30:00,118.0,118.32,117.98,118.14,17372.961
2025-09-19 00:00:00,118.15,118.68,118.15,118.63,29372.605
2025-09-19 00:30:00,118.64,119.14,118.53,119.13,38629.75
2025-09-19 01:00:00,119.14,119.43,118.88,119.15,60809.507
2025-09-19 01:30:00,119.15,119.23,118.39,118.62,40589.372
2025-09-19 02:00:00,118.61,119.0,118.0,118.15,63802.962
2025-09-19 02:30:00,118.15,118.27,117.76,117.84,44984.581
2025-09-19 03:00:00,117.84,118.29,117.46,117.58,34429.749
2025-09-19 03:30:00,117.58,117.62,117.07,117.14,56838.74
2025-09-19 04:00:00,117.13,117.13,116.22,116.84,116210.184
2025-09-19 04:30:00,116.84,117.33,116.7,117.32,60675.156
2025-09-19 05:00:00,117.32,117.34,116.57,116.58,42880.957
2025-09-19 05:30:00,116.57,117.3,116.39,117.28,41600.988
2025-09-19 06:00:00,117.29,117.69,117.1,117.26,41892.45
2025-09-19 06:30:00,117.26,117.26,116.62,116.64,46029.336
2025-09-19 07:00:00,116.63,117.41,116.55,117.27,44552.434
2025-09-19 07:30:00,117.27,117.66,117.12,117.49,31703.936
2025-09-19 08:00:00,117.49,117.74,117.44,117.5,25002.193
2025-09-19 08:30:00,117.5,117.54,116.8,117.05,43509.477
2025-09-19 09:00:00,117.04,117.51,116.75,116.89,34040.426
2025-09-19 09:30:00,116.9,117.03,116.06,116.39,65915.373
2025-09-19 10:00:00,116.39,116.79,116.16,116.46,34771.577
2025-09-19 10:30:00,116.45,116.66,116.33,116.55,24586.543
2025-09-19 11:00:00,116.55,116.56,115.79,115.82,52174.366
2025-09-19 11:30:00,115.81,115.92,115.42,115.71,61186.256
2025-09-19 12:00:00,115.72,116.24,115.54,115.58,39443.778
2025-09-19 12:30:00,115.57,116.01,115.52,115.76,26015.493
2025-09-19 13:00:00,115.75,116.33,115.73,116.04,29406.476
2025-09-19 13:30:00,116.05,116.48,115.74,116.16,38567.863
2025-09-19 14:00:00,116.15,116.43,115.96,116.12,30682.186
2025-09-19 14:30:00,116.12,116.36,115.2,115.55,105635.548
2025-09-19 15:00:00,115.55,115.56,114.54,115.22,120406.714
2025-09-19 15:30:00,115.21,115.6,114.87,115.43,37587.088
2025-09-19 16:00:00,115.43,115.79,115.3,115.61,36249.391
2025-09-19 16:30:00,115.61,115.68,115.35,115.4,17776.162
2025-09-19 17:00:00,115.4,115.42,114.9,115.02,26112.204
2025-09-19 17:30:00,115.02,115.02,114.4,114.48,42844.184
2025-09-19 18:00:00,114.47,114.61,114.07,114.25,54969.342
2025-09-19 18:30:00,114.25,114.49,113.83,113.96,36479.655
2025-09-19 19:00:00,113.96,114.56,113.93,114.43,25316.421
2025-09-19 19:30:00,114.43,114.44,113.76,113.77,38025.67
2025-09-19 20:00:00,113.77,114.17,113.77,114.13,25004.098
2025-09-19 20:30:00,114.14,114.19,113.75,113.76,26517.404
2025-09-19 21:00:00,113.75,114.03,113.54,113.95,29450.636
2025-09-19 21:30:00,113.95,114.23,113.95,114.19,14311.101
2025-09-19 22:00:00,114.19,114.42,114.16,114.31,13465.095
2025-09-19 22:30:00,114.32,114.43,114.18,114.18,27534.257
2025-09-19 23:00:00,114.19,114.24,113.31,113.35,41761.81
2025-09-19 23:30:00,113.36,114.05,113.3,113.95,26159.738
2025-09-20 00:00:00,113.95,114.21,113.81,113.88,25457.889
2025-09-20 00:30:00,113.89,114.48,113.85,114.47,19491.435
2025-09-20 01:00:00,114.47,114.52,114.0,114.27,35727.165
2025-09-20 01:30:00,114.27,114.29,113.85,114.01,13319.875
2025-09-20 02:00:00,114.02,114.02,113.42,113.77,20170.216
2025-09-20 02:30:00,113.77,114.23,113.56,114.17,18819.356
2025-09-20 03:00:00,114.17,114.33,113.9,114.07,17094.636
2025-09-20 03:30:00,114.06,114.46,114.04,114.22,18400.065
2025-09-20 04:00:00,114.22,114.43,114.14,114.27,18785.177
2025-09-20 04:30:00,114.27,114.53,114.17,114.25,23312.149
2025-09-20 05:00:00,114.25,114.45,114.13,114.37,15031.448
2025-09-20 05:30:00,114.38,114.6,114.3,114.58,18095.244
2025-09-20 06:00:00,114.59,114.59,114.29,114.36,11302.037
2025-09-20 06:30:00,114.36,114.52,114.35,114.5,13063.093
2025-09-20 07:00:00,114.5,115.25,114.47,114.79,94580.19
2025-09-20 07:30:00,114.79,115.12,114.71,115.1,30965.875
2025-09-20 08:00:00,115.1,115.1,114.66,114.72,24787.369
2025-09-20 08:30:00,114.73,114.9,114.21,114.24,39920.61
2025-09-20 09:00:00,114.24,114.5,114.1,114.18,21302.832
2025-09-20 09:30:00,114.18,114.18,113.72,113.86,27301.006
2025-09-20 10:00:00,113.86,114.18,113.86,113.86,15934.594
2025-09-20 10:30:00,113.87,113.88,113.52,113.54,35544.773
2025-09-20 11:00:00,113.54,113.89,113.35,113.47,21736.93
2025-09-20 11:30:00,113.47,113.93,113.46,113.89,16841.928
2025-09-20 12:00:00,113.89,114.01,113.76,113.78,16125.145
2025-09-20 12:30:00,113.79,113.98,113.73,113.87,11597.879
2025-09-20 13:00:00,113.87,113.87,113.46,113.71,30009.561
2025-09-20 13:30:00,113.72,113.94,113.65,113.69,12150.955
2025-09-20 14:00:00,113.69,113.8,113.36,113.76,19248.031
2025-09-20 14:30:00,113.76,114.34,113.64,114.26,25697.557
2025-09-20 15:00:00,114.26,114.79,114.25,114.73,44268.821
2025-09-20 15:30:00,114.74,114.78,114.45,114.63,33544.861
2025-09-20 16:00:00,114.64,114.83,114.15,114.3,28477.291
2025-09-20 16:30:00,114.3,114.63,114.19,114.51,11093.881
2025-09-20 17:00:00,114.51,114.55,114.01,114.16,16679.373
2025-09-20 17:30:00,114.17,114.28,114.06,114.11,9998.534
2025-09-20 18:00:00,114.1,114.1,113.72,113.96,18142.495
2025-09-20 18:30:00,113.97,113.98,113.58,113.7,16103.01
2025-09-20 19:00:00,113.69,114.03,113.56,113.97,13795.359
2025-09-20 19:30:00,113.98,114.01,113.55,113.73,8825.833
2025-09-20 20:00:00,113.74,113.95,113.63,113.95,11020.5
2025-09-20 20:30:00,113.94,114.09,113.89,114.0,10437.702
2025-09-20 21:00:00,114.01,114.25,113.91,114.25,13367.668
2025-09-20 21:30:00,114.25,114.38,113.96,114.04,11458.812
2025-09-20 22:00:00,114.03,114.1,113.95,114.03,9811.016
2025-09-20 22:30:00,114.04,114.17,113.87,114.1,9337.718
2025-09-20 23:00:00,114.11,114.12,113.71,113.75,10780.625
2025-09-20 23:30:00,113.74,113.89,113.62,113.85,9183.077
2025-09-21 00:00:00,113.85,114.05,113.8,113.88,16737.647
2025-09-21 00:30:00,113.88,114.36,113.67,114.24,18239.481
2025-09-21 01:00:00,114.24,114.33,114.02,114.05,12587.896
2025-09-21 01:30:00,114.04,114.06,113.78,113.91,10080.541
2025-09-21 02:00:00,113.91,114.35,113.77,114.11,18509.239
2025-09-21 02:30:00,114.1,114.32,114.04,114.27,11312.134
2025-09-21 03:00:00,114.28,114.34,114.16,114.3,14068.496
2025-09-21 03:30:00,114.3,114.39,114.18,114.38,6277.36
2025-09-21 04:00:00,114.39,114.4,114.0,114.09,11342.771
2025-09-21 04:30:00,114.09,114.27,114.06,114.26,8408.722
2025-09-21 05:00:00,114.27,114.36,114.12,114.22,7074.911
2025-09-21 05:30:00,114.22,114.75,114.15,114.73,14971.29
2025-09-21 06:00:00,114.74,114.9,114.63,114.82,28549.558
2025-09-21 06:30:00,114.83,114.96,114.72,114.82,20347.507
2025-09-21 07:00:00,114.83,115.31,114.69,115.23,32608.381
2025-09-21 07:30:00,115.24,115.36,115.12,115.32,27261.225
2025-09-21 08:00:00,115.33,115.45,114.84,114.89,41571.373
2025-09-21 08:30:00,114.9,115.3,114.86,115.13,25359.059
2025-09-21 09:00:00,115.14,115.29,114.67,114.75,44950.552
2025-09-21 09:30:00,114.75,115.4,114.4,115.26,44210.84
2025-09-21 10:00:00,115.27,116.2,115.22,115.61,96151.912
2025-09-21 10:30:00,115.62,115.79,114.82,114.89,52827.007
2025-09-21 11:00:00,114.88,115.12,114.73,114.85,33847.745
2025-09-21 11:30:00,114.85,115.02,114.6,114.67,18651.564
2025-09-21 12:00:00,114.68,115.35,114.67,115.09,23711.585
2025-09-21 12:30:00,115.1,115.17,114.52,114.64,21899.543
2025-09-21 13:00:00,114.64,115.07,114.61,114.91,14553.135
2025-09-21 13:30:00,114.91,115.04,114.77,115.03,14230.089
2025-09-21 14:00:00,115.02,115.23,114.7,114.72,13427.235
2025-09-21 14:30:00,114.72,115.15,114.65,114.7,13799.785
2025-09-21 15:00:00,114.69,115.13,114.68,114.98,16160.455
2025-09-21 15:30:00,114.97,115.52,114.79,115.37,45404.209
2025-09-21 16:00:00,115.38,115.53,114.9,115.31,34689.53
2025-09-21 16:30:00,115.31,115.35,114.68,115.03,41797.518
2025-09-21 17:00:00,115.02,115.1,114.53,115.01,32424.722
2025-09-21 17:30:00,115.0,115.83,114.93,115.78,36928.297
2025-09-21 18:00:00,115.78,115.89,115.52,115.61,32273.222
2025-09-21 18:30:00,115.62,115.7,115.18,115.3,16740.068
2025-09-21 19:00:00,115.3,115.36,114.8,115.1,27314.812
2025-09-21 19:30:00,115.11,115.19,114.9,115.18,10649.294
2025-09-21 20:00:00,115.17,115.31,114.87,115.28,17167.709
2025-09-21 20:30:00,115.28,115.28,114.82,115.02,16536.302
2025-09-21 21:00:00,115.03,115.08,114.68,114.68,19728.369
2025-09-21 21:30:00,114.69,115.15,114.66,114.86,13592.538
2025-09-21 22:00:00,114.87,115.08,114.2,114.53,33850.113
2025-09-21 22:30:00,114.54,114.89,114.36,114.84,11352.366
2025-09-21 23:00:00,114.85,114.85,114.08,114.21,22218.666
2025-09-21 23:30:00,114.21,114.25,113.86,113.92,22470.59
2025-09-22 00:00:00,113.92,114.46,113.41,113.49,57745.908
2025-09-22 00:30:00,113.49,113.52,111.24,111.55,318380.003
2025-09-22 01:00:00,111.55,112.25,111.43,112.03,118792.348
2025-09-22 01:30:00,112.03,112.56,111.77,111.85,49755.971
2025-09-22 02:00:00,111.86,112.14,111.16,111.43,74080.267
2025-09-22 02:30:00,111.43,111.44,109.94,110.64,180629.571
2025-09-22 03:00:00,110.64,111.32,110.64,111.31,39899.317
2025-09-22 03:30:00,111.31,111.43,110.92,111.33,24591.22
2025-09-22 04:00:00,111.32,111.34,110.8,111.3,46816.21
2025-09-22 04:30:00,111.3,111.49,111.1,111.12,30976.234
2025-09-22 05:00:00,111.12,111.14,110.63,110.87,43529.331
2025-09-22 05:30:00,110.87,110.87,109.27,109.28,65136.587
2025-09-22 06:00:00,109.28,109.51,100.55,106.77,881210.479
2025-09-22 06:30:00,106.76,107.08,106.56,106.85,109552.113
2025-09-22 07:00:00,106.85,106.85,105.95,106.36,90830.641
2025-09-22 07:30:00,106.36,106.42,105.29,105.44,96813.483
2025-09-22 08:00:00,105.45,105.79,104.82,105.48,112870.361
2025-09-22 08:30:00,105.48,105.95,105.3,105.58,52337.883
2025-09-22 09:00:00,105.58,105.61,105.13,105.24,44431.772
2025-09-22 09:30:00,105.25,105.4,104.74,104.97,106328.436
2025-09-22 10:00:00,104.97,105.86,104.72,105.62,49872.665
2025-09-22 10:30:00,105.62,105.86,104.85,105.68,66481.075
2025-09-22 11:00:00,105.68,105.79,105.25,105.3,46303.321
2025-09-22 11:30:00,105.3,105.67,105.22,105.57,32212.227
2025-09-22 12:00:00,105.57,105.99,105.25,105.86,32460.522
2025-09-22 12:30:00,105.87,106.2,105.64,106.0,51254.333
2025-09-22 13:00:00,106.0,106.38,105.93,106.12,42321.229
2025-09-22 13:30:00,106.12,106.41,105.55,106.37,45782.709
2025-09-22 14:00:00,106.37,106.45,105.94,106.43,52626.258
2025-09-22 14:30:00,106.43,106.64,105.61,105.8,45883.268
2025-09-22 15:00:00,105.81,105.95,105.19,105.44,55227.736
2025-09-22 15:30:00,105.44,105.46,104.77,105.21,46897.83
2025-09-22 16:00:00,105.21,105.7,105.06,105.38,44317.797
2025-09-22 16:30:00,105.39,105.4,104.92,105.04,31428.279
2025-09-22 17:00:00,105.04,105.23,104.52,104.92,52213.009
2025-09-22 17:30:00,104.92,105.42,104.73,105.32,27290.026
2025-09-22 18:00:00,105.31,105.46,105.16,105.28,19865.651
2025-09-22 18:30:00,105.27,105.56,104.85,104.85,45403.442
2025-09-22 19:00:00,104.85,105.08,104.67,104.83,24284.874
2025-09-22 19:30:00,104.82,104.89,104.52,104.7,42548.907
2025-09-22 20:00:00,104.69,105.22,104.55,105.2,22292.671
2025-09-22 20:30:00,105.21,105.99,105.18,105.82,37146.152
2025-09-22 21:00:00,105.83,105.87,105.4,105.69,22518.253
2025-09-22 21:30:00,105.69,106.11,105.63,106.08,20366.519
2025-09-22 22:00:00,106.08,106.08,105.67,105.67,14857.903
2025-09-22 22:30:00,105.68,105.78,105.61,105.67,10541.027
2025-09-22 23:00:00,105.66,105.86,105.6,105.77,15520.616
2025-09-22 23:30:00,105.77,105.88,105.57,105.61,21299.367
2025-09-23 00:00:00,105.61,105.96,105.19,105.74,111565.082
2025-09-23 00:30:00,105.74,105.88,105.29,105.43,52874.611
2025-09-23 01:00:00,105.43,105.95,105.12,105.95,42542.411
2025-09-23 01:30:00,105.94,106.08,105.27,105.34,40736.381
2025-09-23 02:00:00,105.34,106.13,105.34,105.4,52548.688
2025-09-23 02:30:00,105.4,105.49,104.68,104.76,54501.522
2025-09-23 03:00:00,104.76,106.17,104.34,106.05,106887.274
2025-09-23 03:30:00,106.06,106.59,106.06,106.09,62255.178
2025-09-23 04:00:00,106.09,106.4,105.76,105.83,49638.865
2025-09-23 04:30:00,105.82,106.02,105.45,105.89,34529.147
2025-09-23 05:00:00,105.88,106.2,105.57,105.86,43629.161
2025-09-23 05:30:00,105.86,106.09,105.64,105.66,27602.938
2025-09-23 06:00:00,105.66,106.21,105.57,106.13,49079.745
2025-09-23 06:30:00,106.12,106.52,105.99,106.38,42858.855
2025-09-23 07:00:00,106.38,106.53,106.0,106.23,34257.65
2025-09-23 07:30:00,106.22,106.44,106.1,106.19,32399.012
2025-09-23 08:00:00,106.19,106.44,106.02,106.27,28601.188
2025-09-23 08:30:00,106.27,106.46,106.05,106.37,14343.403
2025-09-23 09:00:00,106.37,106.63,105.75,105.91,70100.987
2025-09-23 09:30:00,105.91,106.14,105.7,105.9,37887.419
2025-09-23 10:00:00,105.9,106.21,105.75,106.01,16606.139
2025-09-23 10:30:00,106.01,106.38,105.93,106.3,14935.156
2025-09-23 11:00:00,106.31,106.31,105.86,106.24,17820.418
2025-09-23 11:30:00,106.23,106.58,106.18,106.44,17629.783
2025-09-23 12:00:00,106.43,106.78,106.32,106.57,52155.805
2025-09-23 12:30:00,106.56,107.16,106.5,106.92,41961.936
2025-09-23 13:00:00,106.91,106.99,106.38,106.57,43968.613
2025-09-23 13:30:00,106.57,106.83,106.08,106.36,54610.447
2025-09-23 14:00:00,106.36,106.88,106.27,106.53,34924.435
2025-09-23 14:30:00,106.54,106.59,106.04,106.35,30893.319
2025-09-23 15:00:00,106.34,106.8,106.13,106.73,37364.605
2025-09-23 15:30:00,106.73,106.93,106.59,106.72,19457.814
2025-09-23 16:00:00,106.72,106.78,106.09,106.36,30417.781
2025-09-23 16:30:00,106.36,106.77,105.85,106.54,52299.915
2025-09-23 17:00:00,106.53,106.6,106.0,106.0,29946.764
2025-09-23 17:30:00,105.99,106.05,105.31,105.51,64768.959
2025-09-23 18:00:00,105.51,106.08,105.49,105.89,63593.133
2025-09-23 18:30:00,105.88,106.18,105.72,105.95,64564.382
2025-09-23 19:00:00,105.94,106.63,105.92,106.3,34789.705
2025-09-23 19:30:00,106.29,106.31,105.6,105.96,24324.157
2025-09-23 20:00:00,105.96,106.38,105.77,105.78,22419.697
2025-09-23 20:30:00,105.77,106.51,105.61,106.48,30639.557
2025-09-23 21:00:00,106.48,106.48,105.7,106.27,32431.484
2025-09-23 21:30:00,106.27,106.69,106.24,106.36,19307.998
2025-09-23 22:00:00,106.36,106.42,106.0,106.05,14329.658
2025-09-23 22:30:00,106.05,106.41,106.03,106.26,12359.739
2025-09-23 23:00:00,106.26,106.53,106.01,106.1,20749.235
2025-09-23 23:30:00,106.1,106.33,106.0,106.01,13141.609
2025-09-24 00:00:00,106.02,106.81,105.99,106.76,20394.465
2025-09-24 00:30:00,106.77,106.78,106.51,106.57,28215.349
2025-09-24 01:00:00,106.57,107.04,106.44,107.02,19577.576
2025-09-24 01:30:00,107.03,107.55,106.98,107.48,30365.493
2025-09-24 02:00:00,107.49,107.54,106.95,107.43,41035.499
2025-09-24 02:30:00,107.44,107.49,106.75,107.04,36611.857
2025-09-24 03:00:00,107.05,107.18,105.8,106.05,58457.165
2025-09-24 03:30:00,106.05,106.58,105.65,105.76,90367.956
2025-09-24 04:00:00,105.75,106.08,104.5,106.06,175744.38
2025-09-24 04:30:00,106.06,106.88,106.06,106.53,72999.717
2025-09-24 05:00:00,106.52,106.98,106.35,106.82,27269.903
2025-09-24 05:30:00,106.82,107.31,106.6,107.22,32315.999
2025-09-24 06:00:00,107.21,107.4,106.18,106.69,446035.848
2025-09-24 06:30:00,106.68,107.27,106.58,106.89,146896.16
2025-09-24 07:00:00,106.89,107.01,106.5,106.54,34889.111
2025-09-24 07:30:00,106.55,106.88,106.5,106.83,17095.9
2025-09-24 08:00:00,106.83,107.02,106.72,106.77,19884.059
2025-09-24 08:30:00,106.77,106.98,106.65,106.73,11109.26
2025-09-24 09:00:00,106.73,106.73,106.54,106.7,15531.537
2025-09-24 09:30:00,106.7,106.99,106.67,106.86,22226.197
2025-09-24 10:00:00,106.85,106.93,106.69,106.73,35344.204
2025-09-24 10:30:00,106.73,107.08,106.65,107.06,29641.38
2025-09-24 11:00:00,107.05,107.31,106.93,107.13,19221.238
2025-09-24 11:30:00,107.14,107.37,107.06,107.14,31076.36
2025-09-24 12:00:00,107.14,107.25,105.91,106.0,149571.479
2025-09-24 12:30:00,106.0,106.47,105.87,106.36,54435.451
2025-09-24 13:00:00,106.36,106.57,106.34,106.47,16021.277
2025-09-24 13:30:00,106.46,106.76,106.1,106.24,38493.222
2025-09-24 14:00:00,106.25,106.99,106.23,106.93,26476.592
2025-09-24 14:30:00,106.93,107.63,106.87,107.26,65297.303
2025-09-24 15:00:00,107.27,107.4,106.88,107.2,32537.475
2025-09-24 15:30:00,107.2,107.32,106.7,106.78,28494.719
2025-09-24 16:00:00,106.78,106.83,106.44,106.57,31368.534
2025-09-24 16:30:00,106.57,106.66,106.44,106.56,17319.567
2025-09-24 17:00:00,106.57,106.9,106.44,106.7,17013.354
2025-09-24 17:30:00,106.71,107.04,106.62,106.64,16580.665
2025-09-24 18:00:00,106.63,106.66,106.22,106.45,23572.398
2025-09-24 18:30:00,106.45,106.47,106.2,106.24,12310.506
2025-09-24 19:00:00,106.23,106.25,105.77,105.9,29374.633
2025-09-24 19:30:00,105.89,106.14,105.77,106.05,16315.151
2025-09-24 20:00:00,106.05,106.2,106.0,106.07,14218.898
2025-09-24 20:30:00,106.07,106.29,105.72,106.23,22819.868
2025-09-24 21:00:00,106.23,106.46,106.16,106.39,18981.92
2025-09-24 21:30:00,106.39,106.39,105.74,105.85,18121.214
2025-09-24 22:00:00,105.86,106.23,105.75,105.94,24222.935
2025-09-24 22:30:00,105.95,106.09,105.75,105.83,12091.625
2025-09-24 23:00:00,105.84,106.06,105.77,105.78,17316.176
2025-09-24 23:30:00,105.77,105.83,105.4,105.49,28856.785
2025-09-25 00:00:00,105.49,105.79,105.15,105.22,27004.989
2025-09-25 00:30:00,105.22,105.71,105.09,105.19,31225.192
2025-09-25 01:00:00,105.18,105.51,104.92,105.22,44067.039
2025-09-25 01:30:00,105.22,105.24,104.57,104.92,66552.332
2025-09-25 02:00:00,104.93,105.46,104.46,104.87,36188.282
2025-09-25 02:30:00,104.86,105.77,104.84,105.38,41570.586
2025-09-25 03:00:00,105.39,105.39,104.2,104.28,46930.883
2025-09-25 03:30:00,104.28,104.81,104.12,104.78,44781.166
2025-09-25 04:00:00,104.77,105.07,103.51,104.24,134552.072
2025-09-25 04:30:00,104.24,104.27,103.24,103.75,74603.153
2025-09-25 05:00:00,103.74,104.69,103.34,104.59,46344.615
2025-09-25 05:30:00,104.59,104.76,104.32,104.54,21909.776
2025-09-25 06:00:00,104.54,104.56,103.75,103.93,33137.028
2025-09-25 06:30:00,103.93,104.29,103.72,103.77,21633.646
2025-09-25 07:00:00,103.78,104.3,103.58,104.18,32679.667
2025-09-25 07:30:00,104.18,104.23,103.8,103.91,17632.665
2025-09-25 08:00:00,103.91,104.53,103.86,104.51,28018.532
2025-09-25 08:30:00,104.51,104.51,103.68,103.93,25680.082
2025-09-25 09:00:00,103.93,104.62,103.83,104.37,38552.636
2025-09-25 09:30:00,104.37,104.58,103.75,103.78,28308.522
2025-09-25 10:00:00,103.79,104.23,103.73,103.87,38869.619
2025-09-25 10:30:00,103.86,103.89,103.3,103.31,29511.791
2025-09-25 11:00:00,103.31,103.55,102.86,103.26,75426.012
2025-09-25 11:30:00,103.26,103.54,103.13,103.41,37348.939
2025-09-25 12:00:00,103.4,103.89,102.04,102.11,84034.037
2025-09-25 12:30:00,102.11,104.14,101.78,103.84,160159.462
2025-09-25 13:00:00,103.84,104.76,103.38,104.63,108629.376
2025-09-25 13:30:00,104.62,104.62,103.48,103.82,78942.234
2025-09-25 14:00:00,103.82,105.18,103.82,104.97,59080.433
2025-09-25 14:30:00,104.98,105.23,104.58,104.7,33311.052
2025-09-25 15:00:00,104.7,104.79,104.09,104.24,39253.039
2025-09-25 15:30:00,104.24,104.58,104.17,104.49,25848.873
2025-09-25 16:00:00,104.48,104.67,103.58,103.62,40653.017
2025-09-25 16:30:00,103.63,103.88,102.98,103.11,53051.398
2025-09-25 17:00:00,103.1,103.12,101.4,101.98,211346.877
2025-09-25 17:30:00,101.97,102.28,100.19,100.85,246248.579
2025-09-25 18:00:00,100.85,102.46,100.41,102.34,156113.894
2025-09-25 18:30:00,102.35,103.17,102.06,103.13,78744.394
2025-09-25 19:00:00,103.14,103.72,103.06,103.46,58864.074
2025-09-25 19:30:00,103.47,103.62,102.54,102.74,36621.922
2025-09-25 20:00:00,102.75,102.9,102.44,102.58,31944.077
2025-09-25 20:30:00,102.58,102.58,102.12,102.24,32534.288
2025-09-25 21:00:00,102.25,103.1,102.24,102.38,37179.343
2025-09-25 21:30:00,102.37,102.86,101.89,102.83,29809.975
2025-09-25 22:00:00,102.82,103.14,102.56,102.67,34731.997
2025-09-25 22:30:00,102.67,102.76,102.12,102.35,26316.932
2025-09-25 23:00:00,102.36,102.93,102.15,102.35,29176.906
2025-09-25 23:30:00,102.35,102.35,101.47,102.23,58995.71
2025-09-26 00:00:00,102.22,103.28,102.21,103.08,40677.05
2025-09-26 00:30:00,103.07,103.64,102.37,103.49,38395.565
2025-09-26 01:00:00,103.5,103.87,103.27,103.47,32448.469
2025-09-26 01:30:00,103.47,103.76,103.27,103.47,28774.34
2025-09-26 02:00:00,103.48,103.83,103.05,103.12,28280.185
2025-09-26 02:30:00,103.11,103.48,102.97,103.26,14890.362
2025-09-26 03:00:00,103.25,103.36,102.82,102.96,18619.421
2025-09-26 03:30:00,102.95,103.16,102.63,103.15,20643.442
2025-09-26 04:00:00,103.15,103.45,102.93,103.18,20817.781
2025-09-26 04:30:00,103.17,103.17,102.77,103.06,14893.633
2025-09-26 05:00:00,103.06,103.57,102.97,103.42,15825.558
2025-09-26 05:30:00,103.43,103.43,102.56,102.88,32320.477
2025-09-26 06:00:00,102.89,103.54,102.59,103.32,30075.418
2025-09-26 06:30:00,103.31,103.46,102.85,102.93,56690.482
2025-09-26 07:00:00,102.93,103.31,102.93,102.97,22562.103
2025-09-26 07:30:00,102.97,103.06,102.36,103.02,38052.842
2025-09-26 08:00:00,103.03,103.26,102.66,102.88,26408.723
2025-09-26 08:30:00,102.88,103.05,102.73,102.77,26108.121
2025-09-26 09:00:00,102.77,102.87,102.26,102.35,39951.822
2025-09-26 09:30:00,102.34,102.43,101.63,101.99,51698.631
2025-09-26 10:00:00,101.99,102.04,101.21,101.38,54753.036
2025-09-26 10:30:00,101.38,101.63,101.15,101.44,23676.073
2025-09-26 11:00:00,101.44,101.59,100.93,101.4,37653.643
2025-09-26 11:30:00,101.4,102.05,101.4,101.86,37392.173
2025-09-26 12:00:00,101.86,102.14,101.25,101.99,33264.176
2025-09-26 12:30:00,101.99,103.13,101.59,102.73,141670.111
2025-09-26 13:00:00,102.73,102.82,102.33,102.45,34835.801
2025-09-26 13:30:00,102.45,103.44,102.23,103.26,71943.052
2025-09-26 14:00:00,103.25,103.36,102.5,102.77,48743.325
2025-09-26 14:30:00,102.78,103.01,102.3,102.82,46521.11
2025-09-26 15:00:00,102.82,103.58,102.75,103.58,47412.002
2025-09-26 15:30:00,103.58,103.67,103.27,103.34,20154.984
2025-09-26 16:00:00,103.33,104.06,103.31,103.79,47222.998
2025-09-26 16:30:00,103.78,104.03,103.63,103.93,22382.607
2025-09-26 17:00:00,103.92,104.72,103.91,104.63,39417.181
2025-09-26 17:30:00,104.63,104.72,104.39,104.67,38402.997
2025-09-26 18:00:00,104.66,104.85,104.44,104.74,33594.465
2025-09-26 18:30:00,104.75,104.78,104.38,104.49,21723.74
2025-09-26 19:00:00,104.49,104.53,104.04,104.06,23794.122
2025-09-26 19:30:00,104.06,104.17,103.73,104.06,33088.547
2025-09-26 20:00:00,104.06,104.25,103.9,103.99,16635.992
2025-09-26 20:30:00,103.98,104.03,103.84,103.86,13745.526
2025-09-26 21:00:00,103.86,104.29,103.75,104.23,20821.253
2025-09-26 21:30:00,104.24,104.34,104.08,104.29,10925.218
2025-09-26 22:00:00,104.3,104.76,104.19,104.46,52374.12
2025-09-26 22:30:00,104.46,104.57,104.37,104.39,13869.779
2025-09-26 23:00:00,104.39,104.5,104.27,104.43,11739.984
2025-09-26 23:30:00,104.44,104.63,104.41,104.5,12881.863
2025-09-27 00:00:00,104.51,104.51,104.09,104.23,25686.71
2025-09-27 00:30:00,104.23,104.32,104.03,104.27,12717.716
2025-09-27 01:00:00,104.26,104.28,103.75,103.86,14980.248
2025-09-27 01:30:00,103.86,103.87,103.74,103.85,13661.023
2025-09-27 02:00:00,103.84,103.93,103.68,103.73,11041.029
2025-09-27 02:30:00,103.73,103.99,103.39,103.57,41278.731
2025-09-27 03:00:00,103.57,103.99,103.55,103.95,19878.604
2025-09-27 03:30:00,103.95,104.05,103.79,103.81,14827.184
2025-09-27 04:00:00,103.81,103.93,103.7,103.93,14914.052
2025-09-27 04:30:00,103.93,103.96,103.72,103.83,10520.361
2025-09-27 05:00:00,103.84,103.84,103.6,103.7,9066.579
2025-09-27 05:30:00,103.69,103.89,103.65,103.78,8606.618
2025-09-27 06:00:00,103.78,103.79,103.6,103.65,10021.378
2025-09-27 06:30:00,103.65,103.85,103.61,103.84,7169.018
2025-09-27 07:00:00,103.84,103.97,103.66,103.69,12799.696
2025-09-27 07:30:00,103.69,103.75,103.5,103.69,25829.417
2025-09-27 08:00:00,103.69,103.84,103.42,103.84,24027.767
2025-09-27 08:30:00,103.83,103.85,103.52,103.58,15938.205
2025-09-27 09:00:00,103.58,103.7,103.28,103.65,28807.03
2025-09-27 09:30:00,103.65,104.12,103.64,104.03,44984.892
2025-09-27 10:00:00,104.04,104.23,103.9,104.05,47125.532
2025-09-27 10:30:00,104.06,104.47,104.05,104.21,29967.278
2025-09-27 11:00:00,104.21,104.21,104.02,104.12,10711.288
2025-09-27 11:30:00,104.12,104.12,103.89,103.92,10134.501
2025-09-27 12:00:00,103.92,104.15,103.89,104.08,12238.186
2025-09-27 12:30:00,104.08,104.42,104.04,104.35,18782.606
2025-09-27 13:00:00,104.35,104.42,104.25,104.34,11226.66
2025-09-27 13:30:00,104.34,104.37,104.21,104.28,6086.261
2025-09-27 14:00:00,104.28,104.78,104.25,104.76,23760.467
2025-09-27 14:30:00,104.76,104.82,104.52,104.55,27922.252
2025-09-27 15:00:00,104.55,104.64,104.32,104.61,22490.714
2025-09-27 15:30:00,104.61,104.88,104.52,104.86,20128.27
2025-09-27 16:00:00,104.86,104.91,104.73,104.78,16657.401
2025-09-27 16:30:00,104.79,104.88,104.65,104.7,19844.331
2025-09-27 17:00:00,104.7,104.71,104.02,104.14,30361.254
2025-09-27 17:30:00,104.14,104.57,104.08,104.53,13456.387
2025-09-27 18:00:00,104.53,104.6,104.32,104.44,10665.842
2025-09-27 18:30:00,104.45,104.57,104.32,104.42,14903.79
2025-09-27 19:00:00,104.42,104.46,104.21,104.46,12402.413
2025-09-27 19:30:00,104.46,104.55,104.38,104.53,7947.097
2025-09-27 20:00:00,104.53,104.66,104.42,104.54,9864.034
2025-09-27 20:30:00,104.53,104.67,104.42,104.55,6782.11
2025-09-27 21:00:00,104.56,104.59,104.47,104.59,8206.559
2025-09-27 21:30:00,104.59,104.7,104.53,104.61,11835.323
2025-09-27 22:00:00,104.61,104.89,104.58,104.86,18019.523
2025-09-27 22:30:00,104.86,104.88,104.57,104.65,8976.069
2025-09-27 23:00:00,104.64,104.76,104.42,104.47,10468.75
2025-09-27 23:30:00,104.47,104.55,104.36,104.42,7821.119
2025-09-28 00:00:00,104.42,104.59,104.13,104.52,22100.397
2025-09-28 00:30:00,104.51,104.56,104.09,104.16,13384.583
2025-09-28 01:00:00,104.16,104.19,103.87,103.92,15392.008
2025-09-28 01:30:00,103.92,103.95,103.63,103.82,14548.497
2025-09-28 02:00:00,103.82,103.96,103.77,103.94,11820.704
2025-09-28 02:30:00,103.94,104.02,103.62,103.75,13728.431
2025-09-28 03:00:00,103.74,103.87,103.67,103.7,7542.431
2025-09-28 03:30:00,103.7,103.89,103.52,103.81,10835.182
2025-09-28 04:00:00,103.81,103.84,103.65,103.66,8837.463
2025-09-28 04:30:00,103.65,103.98,103.65,103.96,8660.237
2025-09-28 05:00:00,103.96,104.14,103.61,104.14,22368.462
2025-09-28 05:30:00,104.14,104.18,103.88,103.94,8787.829
2025-09-28 06:00:00,103.94,104.06,103.77,103.78,9750.6
2025-09-28 06:30:00,103.77,104.04,103.66,103.84,14721.03
2025-09-28 07:00:00,103.84,104.1,103.68,104.03,12653.9
2025-09-28 07:30:00,104.02,104.2,103.98,104.06,18700.245
2025-09-28 08:00:00,104.05,104.13,103.57,103.67,23291.015
2025-09-28 08:30:00,103.67,103.88,103.5,103.61,17718.213
2025-09-28 09:00:00,103.6,103.69,103.3,103.4,24868.875
2025-09-28 09:30:00,103.4,103.67,103.4,103.45,12500.315
2025-09-28 10:00:00,103.44,103.48,103.12,103.3,25028.544
2025-09-28 10:30:00,103.3,103.59,103.29,103.57,8938.552
2025-09-28 11:00:00,103.57,103.62,103.09,103.17,16513.786
2025-09-28 11:30:00,103.17,103.34,103.08,103.3,25270.966
2025-09-28 12:00:00,103.3,103.33,103.01,103.11,19480.205
2025-09-28 12:30:00,103.12,103.24,102.71,103.13,35060.603
2025-09-28 13:00:00,103.14,103.75,103.05,103.67,22901.601
2025-09-28 13:30:00,103.68,104.14,103.63,103.98,25179.655
2025-09-28 14:00:00,103.98,104.42,103.88,104.38,21678.126
2025-09-28 14:30:00,104.38,104.39,104.1,104.16,21145.267
2025-09-28 15:00:00,104.16,104.46,104.14,104.43,19417.163
2025-09-28 15:30:00,104.43,104.51,104.29,104.51,13230.657
2025-09-28 16:00:00,104.51,104.89,104.39,104.47,37917.343
2025-09-28 16:30:00,104.46,104.81,104.32,104.81,23687.35
2025-09-28 17:00:00,104.8,105.2,104.77,104.96,40559.649
2025-09-28 17:30:00,104.96,105.21,104.92,105.06,19077.652
2025-09-28 18:00:00,105.06,105.1,104.88,104.89,19818.366
2025-09-28 18:30:00,104.89,105.35,104.88,105.35,18513.807
2025-09-28 19:00:00,105.36,105.42,105.12,105.36,28814.814
2025-09-28 19:30:00,105.36,105.58,105.33,105.58,16154.711
2025-09-28 20:00:00,105.58,105.96,105.57,105.88,37528.634
2025-09-28 20:30:00,105.88,106.03,105.74,105.81,42488.973
2025-09-28 21:00:00,105.81,106.33,105.79,106.17,37465.146
2025-09-28 21:30:00,106.17,106.17,105.88,106.04,20650.884
2025-09-28 22:00:00,106.04,106.97,106.04,106.89,63726.485
2025-09-28 22:30:00,106.9,107.0,106.7,106.9,35520.64
2025-09-28 23:00:00,106.9,107.08,106.7,106.87,33115.787
2025-09-28 23:30:00,106.87,106.93,106.67,106.82,22473.607
2025-09-29 00:00:00,106.82,106.84,106.42,106.72,44953.523
2025-09-29 00:30:00,106.72,106.97,106.69,106.84,38002.091
2025-09-29 01:00:00,106.84,106.86,106.53,106.58,17572.756
2025-09-29 01:30:00,106.58,106.82,106.57,106.6,29845.276
2025-09-29 02:00:00,106.6,107.21,106.48,107.09,28370.09
2025-09-29 02:30:00,107.09,107.13,106.65,106.74,20704.363
2025-09-29 03:00:00,106.74,106.74,106.41,106.67,19358.275
2025-09-29 03:30:00,106.68,106.72,106.44,106.53,9994.268
2025-09-29 04:00:00,106.53,106.55,106.2,106.24,19661.774
2025-09-29 04:30:00,106.24,106.41,106.2,106.21,12118.746
2025-09-29 05:00:00,106.21,106.24,105.76,105.92,36046.363
2025-09-29 05:30:00,105.92,106.16,105.85,106.13,13335.205
2025-09-29 06:00:00,106.13,106.14,105.77,105.93,18950.337
2025-09-29 06:30:00,105.92,106.0,105.65,105.66,15532.558
2025-09-29 07:00:00,105.66,105.8,105.52,105.78,14413.094
2025-09-29 07:30:00,105.78,106.18,105.78,105.99,14630.393
2025-09-29 08:00:00,105.99,106.18,105.75,106.18,23606.915
2025-09-29 08:30:00,106.18,106.42,106.11,106.24,26233.525
2025-09-29 09:00:00,106.25,106.45,106.14,106.4,18394.089
2025-09-29 09:30:00,106.39,106.39,105.64,105.92,27012.224
2025-09-29 10:00:00,105.92,106.09,105.78,106.02,12017.214
2025-09-29 10:30:00,106.02,106.07,105.65,105.69,21703.863
2025-09-29 11:00:00,105.69,105.92,105.37,105.91,31829.944
2025-09-29 11:30:00,105.92,106.06,105.66,105.67,36051.191
2025-09-29 12:00:00,105.67,105.9,105.53,105.86,28315.947
2025-09-29 12:30:00,105.87,106.02,105.22,105.48,45495.231
2025-09-29 13:00:00,105.48,105.89,105.23,105.8,25103.944
2025-09-29 13:30:00,105.79,106.64,105.71,106.47,73261.86
2025-09-29 14:00:00,106.48,107.65,106.38,106.85,169833.321
2025-09-29 14:30:00,106.84,107.42,106.49,106.53,142740.782
2025-09-29 15:00:00,106.53,106.69,106.18,106.29,61738.14
2025-09-29 15:30:00,106.29,106.52,106.15,106.32,33682.06
2025-09-29 16:00:00,106.32,106.73,106.31,106.32,27299.772
2025-09-29 16:30:00,106.33,106.56,105.74,105.82,27546.164
2025-09-29 17:00:00,105.82,105.94,105.4,105.74,62222.913
2025-09-29 17:30:00,105.74,106.18,105.6,106.07,30948.221
2025-09-29 18:00:00,106.07,106.08,105.63,105.78,16735.073
2025-09-29 18:30:00,105.79,105.92,105.69,105.79,11423.489
2025-09-29 19:00:00,105.8,106.09,105.74,106.0,18110.275
2025-09-29 19:30:00,106.0,106.41,105.85,106.31,21673.893
2025-09-29 20:00:00,106.3,106.68,106.21,106.64,23018.042
2025-09-29 20:30:00,106.65,107.13,106.52,107.1,39314.667
2025-09-29 21:00:00,107.1,107.14,106.84,107.05,18804.885
2025-09-29 21:30:00,107.05,107.06,106.82,106.9,11632.743
2025-09-29 22:00:00,106.91,106.95,106.71,106.82,17506.354
2025-09-29 22:30:00,106.82,107.04,106.74,106.94,17601.041
2025-09-29 23:00:00,106.93,106.98,106.6,106.64,17812.612
2025-09-29 23:30:00,106.63,106.81,106.6,106.72,12236.396
2025-09-30 00:00:00,106.72,106.99,106.43,106.57,36869.013
2025-09-30 00:30:00,106.57,107.28,106.49,106.57,40827.499
2025-09-30 01:00:00,106.58,107.07,106.48,106.79,23705.691
2025-09-30 01:30:00,106.78,106.94,106.32,106.89,25426.812
2025-09-30 02:00:00,106.89,106.92,106.52,106.55,13330.901
2025-09-30 02:30:00,106.56,106.67,106.24,106.28,13987.191
2025-09-30 03:00:00,106.29,106.58,106.15,106.49,21161.086
2025-09-30 03:30:00,106.5,106.67,106.28,106.34,14121.242
2025-09-30 04:00:00,106.35,106.44,106.15,106.27,23602.21
2025-09-30 04:30:00,106.27,106.37,106.2,106.31,11568.208
2025-09-30 05:00:00,106.3,106.4,106.09,106.22,17310.596
2025-09-30 05:30:00,106.23,106.41,105.99,106.32,21369.45
2025-09-30 06:00:00,106.33,106.64,106.23,106.4,22549.323
2025-09-30 06:30:00,106.41,106.63,106.11,106.14,14593.772
2025-09-30 07:00:00,106.15,106.26,105.76,105.82,24511.993
2025-09-30 07:30:00,105.82,105.86,105.46,105.79,43378.323
2025-09-30 08:00:00,105.79,105.89,105.63,105.82,22601.116
2025-09-30 08:30:00,105.82,105.94,105.49,105.49,31598.256
2025-09-30 09:00:00,105.49,105.57,105.08,105.53,70369.168
2025-09-30 09:30:00,105.53,105.67,105.27,105.41,38586.351
2025-09-30 10:00:00,105.41,105.48,105.21,105.25,25394.235
2025-09-30 10:30:00,105.25,105.51,105.19,105.35,16267.176
2025-09-30 11:00:00,105.35,105.44,105.05,105.24,16881.313
2025-09-30 11:30:00,105.24,105.56,105.21,105.37,23589.152
2025-09-30 12:00:00,105.38,105.45,105.2,105.28,16182.794
2025-09-30 12:30:00,105.28,105.39,105.08,105.11,15716.629
2025-09-30 13:00:00,105.12,105.6,105.05,105.56,23281.984
2025-09-30 13:30:00,105.56,105.82,104.94,105.09,51475.487
2025-09-30 14:00:00,105.09,105.27,104.66,104.84,41080.43
2025-09-30 14:30:00,104.84,105.15,104.66,105.1,33916.753
2025-09-30 15:00:00,105.1,105.12,103.78,104.0,92948.912
2025-09-30 15:30:00,103.99,104.47,103.97,104.46,27668.746
2025-09-30 16:00:00,104.45,104.66,104.15,104.58,26178.297
2025-09-30 16:30:00,104.59,104.62,104.17,104.45,18811.719
2025-09-30 17:00:00,104.45,104.63,104.39,104.55,21854.175
2025-09-30 17:30:00,104.55,104.76,104.26,104.41,36865.149
2025-09-30 18:00:00,104.42,104.89,104.25,104.83,28154.981
2025-09-30 18:30:00,104.83,105.25,104.75,105.2,26640.039
2025-09-30 19:00:00,105.2,105.69,105.14,105.67,23433.074
2025-09-30 19:30:00,105.68,106.81,105.67,106.79,68612.962
2025-09-30 20:00:00,106.79,107.16,106.52,107.1,62117.052
2025-09-30 20:30:00,107.1,107.56,107.03,107.37,63666.737
2025-09-30 21:00:00,107.38,107.5,107.13,107.14,36963.966
2025-09-30 21:30:00,107.14,107.14,106.57,106.57,30927.245
2025-09-30 22:00:00,106.57,107.18,106.57,106.87,28656.081
2025-09-30 22:30:00,106.87,106.92,106.26,106.36,25902.396
2025-09-30 23:00:00,106.37,106.76,106.16,106.73,25273.301
2025-09-30 23:30:00,106.74,107.06,106.71,106.83,20311.636
2025-10-01 00:00:00,106.83,107.01,106.41,106.42,23478.987
2025-10-01 00:30:00,106.42,106.53,106.07,106.45,21125.656
2025-10-01 01:00:00,106.46,106.67,106.22,106.59,17822.378
2025-10-01 01:30:00,106.6,107.02,106.41,107.0,16999.736
2025-10-01 02:00:00,107.0,107.07,106.53,106.62,16550.062
2025-10-01 02:30:00,106.63,106.63,105.93,106.12,26751.339
2025-10-01 03:00:00,106.12,106.35,106.01,106.12,17370.524
2025-10-01 03:30:00,106.13,106.19,105.71,105.75,23957.056
2025-10-01 04:00:00,105.75,106.34,105.65,106.31,19267.631
2025-10-01 04:30:00,106.32,106.44,106.08,106.14,17251.407
2025-10-01 05:00:00,106.14,106.56,106.14,106.42,13245.222
2025-10-01 05:30:00,106.41,106.64,106.33,106.37,14611.494
2025-10-01 06:00:00,106.39,106.48,106.01,106.26,25341.65
2025-10-01 06:30:00,106.26,106.27,105.29,105.46,71891.347
2025-10-01 07:00:00,105.45,105.72,105.39,105.69,26406.646
2025-10-01 07:30:00,105.69,105.98,105.63,105.9,27428.386
2025-10-01 08:00:00,105.9,106.45,105.77,106.45,43833.35
2025-10-01 08:30:00,106.46,109.06,106.45,109.05,372186.3
2025-10-01 09:00:00,109.05,109.53,108.74,109.5,166169.028
2025-10-01 09:30:00,109.5,110.73,109.35,110.47,173945.528
2025-10-01 10:00:00,110.47,110.56,109.52,109.63,82750.058
2025-10-01 10:30:00,109.63,109.79,109.27,109.41,50660.213
2025-10-01 11:00:00,109.42,110.77,109.39,110.5,90574.62
2025-10-01 11:30:00,110.51,110.59,110.01,110.32,94716.187
2025-10-01 12:00:00,110.32,110.74,109.92,110.56,51697.645
2025-10-01 12:30:00,110.57,110.84,110.27,110.76,50763.433
2025-10-01 13:00:00,110.77,111.13,110.46,111.01,72529.359
2025-10-01 13:30:00,111.02,111.22,110.42,110.83,70225.629
2025-10-01 14:00:00,110.83,111.55,110.64,111.52,97951.773
2025-10-01 14:30:00,111.53,111.55,110.82,111.07,65177.737
2025-10-01 15:00:00,111.07,111.7,110.83,111.38,48441.587
2025-10-01 15:30:00,111.37,111.68,111.11,111.27,76425.669
2025-10-01 16:00:00,111.28,111.69,111.07,111.62,39203.69
2025-10-01 16:30:00,111.62,111.85,111.31,111.62,81586.101
2025-10-01 17:00:00,111.62,111.69,110.71,110.84,79874.715
2025-10-01 17:30:00,110.84,110.93,110.44,110.58,41656.272
2025-10-01 18:00:00,110.58,111.27,110.58,111.22,39176.792
2025-10-01 18:30:00,111.22,111.4,111.14,111.26,17871.144
2025-10-01 19:00:00,111.26,112.0,111.12,111.9,57422.151
2025-10-01 19:30:00,111.9,112.61,111.74,112.09,63167.374
2025-10-01 20:00:00,112.09,112.13,111.64,111.81,28845.083
2025-10-01 20:30:00,111.82,112.01,111.76,112.0,13087.705
2025-10-01 21:00:00,111.99,112.15,111.56,111.94,43317.178
2025-10-01 21:30:00,111.94,112.36,111.72,112.34,32534.454
2025-10-01 22:00:00,112.35,112.7,112.23,112.66,32389.417
2025-10-01 22:30:00,112.67,115.0,112.43,114.8,226182.655
2025-10-01 23:00:00,114.8,115.03,113.93,114.67,124380.277
2025-10-01 23:30:00,114.67,115.31,114.46,115.06,79425.282
2025-10-02 00:00:00,115.06,117.98,115.06,117.59,251718.606
2025-10-02 00:30:00,117.58,118.37,117.26,117.97,222916.008
2025-10-02 01:00:00,117.97,119.81,117.7,119.5,222725.192
2025-10-02 01:30:00,119.51,121.45,119.31,121.29,248167.711
2025-10-02 02:00:00,121.29,121.48,119.6,120.85,215229.255
2025-10-02 02:30:00,120.86,121.23,117.78,118.32,371881.277
2025-10-02 03:00:00,118.32,119.1,117.9,118.96,145603.184
2025-10-02 03:30:00,118.96,118.97,117.66,118.4,125946.985
2025-10-02 04:00:00,118.41,118.57,117.54,117.87,74694.333
2025-10-02 04:30:00,117.87,118.13,117.38,117.84,72804.281
2025-10-02 05:00:00,117.84,118.63,117.66,118.4,50795.039
2025-10-02 05:30:00,118.41,118.45,117.7,117.84,41344.124
2025-10-02 06:00:00,117.83,118.43,117.83,118.33,31790.048
2025-10-02 06:30:00,118.32,118.44,117.9,117.91,39189.369
2025-10-02 07:00:00,117.92,120.11,117.88,118.86,218276.373
2025-10-02 07:30:00,118.85,119.4,118.55,119.33,58988.217
2025-10-02 08:00:00,119.34,119.93,118.72,118.98,90171.394
2025-10-02 08:30:00,118.98,119.39,118.74,119.1,61705.351
2025-10-02 09:00:00,119.1,119.4,118.93,119.36,33693.036
2025-10-02 09:30:00,119.37,120.12,118.79,120.11,92936.4
2025-10-02 10:00:00,120.11,120.99,119.93,120.4,97575.6
2025-10-02 10:30:00,120.41,122.52,120.36,122.07,237737.548
2025-10-02 11:00:00,122.08,122.58,121.71,122.09,113269.723
2025-10-02 11:30:00,122.09,122.65,119.63,119.82,244815.862
2025-10-02 12:00:00,119.82,120.2,119.28,120.06,109739.181
2025-10-02 12:30:00,120.05,120.15,119.69,119.77,50357.129
2025-10-02 13:00:00,119.78,119.83,118.7,119.43,113225.78
2025-10-02 13:30:00,119.43,119.45,117.94,118.61,190874.193
2025-10-02 14:00:00,118.61,119.1,118.51,118.7,84463.797
2025-10-02 14:30:00,118.69,118.86,117.03,117.66,209259.364
2025-10-02 15:00:00,117.65,118.54,117.38,117.95,129963.458
2025-10-02 15:30:00,117.95,119.16,117.52,118.75,121535.714
2025-10-02 16:00:00,118.75,119.61,118.64,119.3,113528.559
2025-10-02 16:30:00,119.31,119.65,117.73,119.13,141890.417
2025-10-02 17:00:00,119.12,119.24,118.45,118.67,39995.105
2025-10-02 17:30:00,118.67,119.32,118.55,119.13,50898.851
2025-10-02 18:00:00,119.13,119.44,119.04,119.39,50508.154
2025-10-02 18:30:00,119.39,119.82,119.14,119.18,109003.362
2025-10-02 19:00:00,119.19,119.64,118.94,119.14,58673.702
2025-10-02 19:30:00,119.14,119.82,119.09,119.39,44419.928
2025-10-02 20:00:00,119.4,119.84,119.24,119.71,30059.275
2025-10-02 20:30:00,119.71,119.96,119.41,119.84,35738.858
2025-10-02 21:00:00,119.84,120.13,119.57,119.95,39619.506
2025-10-02 21:30:00,119.96,119.99,119.4,119.84,45649.558
2025-10-02 22:00:00,119.84,119.92,118.96,119.24,50191.157
2025-10-02 22:30:00,119.25,119.42,118.91,118.99,28463.814
2025-10-02 23:00:00,119.0,119.41,118.96,119.3,25595.877
2025-10-02 23:30:00,119.3,119.64,119.08,119.5,25398.02
2025-10-03 00:00:00,119.5,119.5,118.49,118.8,65141.514
2025-10-03 00:30:00,118.8,118.81,117.81,118.17,94718.704
2025-10-03 01:00:00,118.17,118.32,117.78,117.93,49300.995
2025-10-03 01:30:00,117.94,118.43,117.62,117.76,47899.852
2025-10-03 02:00:00,117.76,117.99,117.44,117.46,43943.617
2025-10-03 02:30:00,117.46,117.95,117.18,117.51,47795.606
2025-10-03 03:00:00,117.51,118.25,117.41,117.55,51108.062
2025-10-03 03:30:00,117.55,117.89,117.13,117.36,53451.413
2025-10-03 04:00:00,117.35,118.5,117.21,117.98,47002.752
2025-10-03 04:30:00,117.99,118.01,117.61,117.78,35032.944
2025-10-03 05:00:00,117.77,117.85,117.56,117.61,20795.414
2025-10-03 05:30:00,117.61,117.68,117.0,117.23,61768.164
2025-10-03 06:00:00,117.23,117.37,116.53,117.03,131192.724
2025-10-03 06:30:00,117.03,117.22,116.31,116.77,48233.339
2025-10-03 07:00:00,116.78,116.94,116.08,116.21,94000.78
2025-10-03 07:30:00,116.21,116.48,115.9,116.4,66207.088
2025-10-03 08:00:00,116.4,116.41,115.73,116.27,53606.44
2025-10-03 08:30:00,116.28,116.93,116.14,116.77,45868.162
2025-10-03 09:00:00,116.78,117.16,116.65,117.08,49958.175
2025-10-03 09:30:00,117.07,117.27,116.71,117.11,38902.188
2025-10-03 10:00:00,117.12,117.54,117.03,117.4,43308.273
2025-10-03 10:30:00,117.41,117.49,117.07,117.31,30967.07
2025-10-03 11:00:00,117.32,117.49,117.01,117.39,46201.6
2025-10-03 11:30:00,117.4,117.66,117.15,117.38,33751.122
2025-10-03 12:00:00,117.37,118.07,117.26,117.98,64925.656
2025-10-03 12:30:00,117.98,118.3,117.62,117.99,40189.786
2025-10-03 13:00:00,117.99,118.42,117.72,118.14,58913.274
2025-10-03 13:30:00,118.14,118.34,117.77,117.98,59204.585
2025-10-03 14:00:00,117.97,118.2,117.35,118.07,84905.209
2025-10-03 14:30:00,118.07,119.99,117.88,118.98,156412.252
2025-10-03 15:00:00,118.97,119.5,118.69,119.08,75067.471
2025-10-03 15:30:00,119.07,120.15,119.07,119.98,74185.859
2025-10-03 16:00:00,119.98,120.99,119.84,120.92,113630.107
2025-10-03 16:30:00,120.93,121.05,119.94,120.4,131221.129
2025-10-03 17:00:00,120.39,122.06,118.26,121.9,391871.132
2025-10-03 17:30:00,121.9,123.07,121.13,121.41,260690.907
2025-10-03 18:00:00,121.42,123.03,120.92,122.64,112589.642
2025-10-03 18:30:00,122.64,124.87,122.1,123.31,237088.852
2025-10-03 19:00:00,123.32,123.85,122.38,122.56,128451.32
2025-10-03 19:30:00,122.56,123.24,122.13,122.38,70263.501
2025-10-03 20:00:00,122.39,122.43,121.41,121.54,101166.392
2025-10-03 20:30:00,121.55,122.49,121.55,122.46,27673.091
2025-10-03 21:00:00,122.45,122.52,121.46,121.73,29205.467
2025-10-03 21:30:00,121.73,121.87,120.99,121.45,35700.382
2025-10-03 22:00:00,121.46,121.65,120.85,120.97,30251.04
2025-10-03 22:30:00,120.97,121.1,120.56,120.86,41254.329
2025-10-03 23:00:00,120.86,120.92,120.4,120.48,42506.482
2025-10-03 23:30:00,120.47,120.6,120.22,120.52,27602.517
2025-10-04 00:00:00,120.53,120.97,120.32,120.32,45491.892
2025-10-04 00:30:00,120.33,120.47,120.11,120.39,33440.913
2025-10-04 01:00:00,120.4,120.48,119.69,119.87,62090.029
2025-10-04 01:30:00,119.88,119.95,118.97,119.65,129219.366
2025-10-04 02:00:00,119.65,119.9,119.04,119.45,40558.752
2025-10-04 02:30:00,119.46,120.18,119.39,119.75,39483.685
2025-10-04 03:00:00,119.75,119.92,119.38,119.67,23525.933
2025-10-04 03:30:00,119.67,119.88,119.3,119.44,26395.865
2025-10-04 04:00:00,119.44,119.46,118.95,119.08,29972.782
2025-10-04 04:30:00,119.08,119.31,118.98,119.07,18271.331
2025-10-04 05:00:00,119.07,119.48,118.98,119.22,32124.889
2025-10-04 05:30:00,119.22,119.22,118.8,118.88,20533.306
2025-10-04 06:00:00,118.88,119.55,118.87,119.29,35148.514
2025-10-04 06:30:00,119.3,119.6,119.01,119.06,30372.416
2025-10-04 07:00:00,119.07,119.18,118.54,118.6,28223.226
2025-10-04 07:30:00,118.6,118.74,118.2,118.46,43531.017
2025-10-04 08:00:00,118.47,118.7,118.3,118.53,31735.241
2025-10-04 08:30:00,118.54,118.54,118.1,118.35,37012.391
2025-10-04 09:00:00,118.34,118.65,118.19,118.56,23604.822
2025-10-04 09:30:00,118.55,118.6,118.25,118.27,19874.335
2025-10-04 10:00:00,118.28,118.83,118.19,118.74,37737.209
2025-10-04 10:30:00,118.75,118.89,118.01,118.2,56855.885
2025-10-04 11:00:00,118.2,118.32,117.71,117.91,43695.171
2025-10-04 11:30:00,117.91,118.13,117.63,117.77,26654.623
2025-10-04 12:00:00,117.77,118.22,117.74,118.0,24848.812
2025-10-04 12:30:00,117.99,118.11,117.81,117.98,24598.378
2025-10-04 13:00:00,117.98,118.68,117.98,118.45,71593.227
2025-10-04 13:30:00,118.44,118.54,118.24,118.33,25077.699
2025-10-04 14:00:00,118.33,118.85,118.3,118.56,34052.017
2025-10-04 14:30:00,118.56,118.71,117.81,117.83,30544.867
2025-10-04 15:00:00,117.82,118.13,117.55,117.69,55257.201
2025-10-04 15:30:00,117.68,118.05,117.39,117.76,52509.47
2025-10-04 16:00:00,117.77,118.36,117.7,118.22,36438.484
2025-10-04 16:30:00,118.22,118.67,118.21,118.63,32745.498
2025-10-04 17:00:00,118.62,118.64,118.2,118.28,24358.428
2025-10-04 17:30:00,118.28,118.4,118.0,118.3,17678.131
2025-10-04 18:00:00,118.3,118.54,118.21,118.49,15907.863
2025-10-04 18:30:00,118.48,118.61,118.37,118.49,14305.275
2025-10-04 19:00:00,118.49,119.23,118.48,119.02,40341.904
2025-10-04 19:30:00,119.02,119.04,118.73,118.74,31425.161
2025-10-04 20:00:00,118.74,119.18,118.74,119.07,21193.048
2025-10-04 20:30:00,119.07,119.2,118.92,119.0,27222.926
2025-10-04 21:00:00,119.01,119.53,119.0,119.23,27050.846
2025-10-04 21:30:00,119.24,119.44,119.05,119.38,18218.259
2025-10-04 22:00:00,119.39,119.93,119.38,119.86,28498.005
2025-10-04 22:30:00,119.86,120.08,119.77,119.93,34317.352
2025-10-04 23:00:00,119.94,120.32,119.83,120.13,33844.722
2025-10-04 23:30:00,120.12,120.5,119.92,120.43,33249.004
2025-10-05 00:00:00,120.43,121.55,120.12,121.37,68701.176
2025-10-05 00:30:00,121.37,121.9,120.27,120.71,87677.153
2025-10-05 01:00:00,120.7,121.84,120.47,121.41,69190.354
2025-10-05 01:30:00,121.42,122.11,121.07,121.96,51910.804
2025-10-05 02:00:00,121.95,122.63,121.67,122.62,60960.627
2025-10-05 02:30:00,122.63,124.13,122.61,123.83,159209.067
2025-10-05 03:00:00,123.84,124.14,123.0,123.34,102169.713
2025-10-05 03:30:00,123.34,124.03,122.31,122.67,116555.716
2025-10-05 04:00:00,122.66,122.83,121.3,121.38,143967.366
2025-10-05 04:30:00,121.37,122.04,120.82,121.19,142134.944
2025-10-05 05:00:00,121.19,121.57,120.47,121.09,91999.149
2025-10-05 05:30:00,121.1,121.68,120.9,121.57,65249.485
2025-10-05 06:00:00,121.57,121.8,121.3,121.34,59698.603
2025-10-05 06:30:00,121.35,121.44,120.83,120.99,28886.866
2025-10-05 07:00:00,120.98,122.41,120.98,121.94,73472.132
2025-10-05 07:30:00,121.93,122.22,121.87,122.05,36563.127
2025-10-05 08:00:00,122.04,122.52,121.57,121.98,69769.38
2025-10-05 08:30:00,121.98,122.13,121.68,122.01,37743.849
2025-10-05 09:00:00,122.01,122.02,121.43,121.54,40568.32
2025-10-05 09:30:00,121.54,121.63,120.51,120.76,109113.483
2025-10-05 10:00:00,120.76,120.94,120.05,120.47,78860.936
2025-10-05 10:30:00,120.47,120.47,119.88,120.01,56001.083
2025-10-05 11:00:00,120.01,120.37,119.55,120.19,62246.836
2025-10-05 11:30:00,120.18,120.32,119.97,120.03,24490.13
2025-10-05 12:00:00,120.02,120.04,119.5,119.74,36532.66
2025-10-05 12:30:00,119.73,119.95,119.33,119.7,36453.702
2025-10-05 13:00:00,119.71,120.03,119.66,120.01,28071.268
2025-10-05 13:30:00,120.01,120.42,119.91,120.29,36201.533
2025-10-05 14:00:00,120.28,120.54,119.99,120.15,29473.616
2025-10-05 14:30:00,120.14,120.19,119.6,119.95,37933.261
2025-10-05 15:00:00,119.94,120.03,119.6,119.68,24057.255
2025-10-05 15:30:00,119.67,119.79,119.48,119.76,36614.198
2025-10-05 16:00:00,119.76,120.28,119.72,119.9,25096.439
2025-10-05 16:30:00,119.9,119.98,119.13,119.9,68737.424
2025-10-05 17:00:00,119.9,120.08,119.6,119.9,21390.659
2025-10-05 17:30:00,119.9,119.9,119.14,119.23,25775.903
2025-10-05 18:00:00,119.22,119.37,118.74,119.14,54933.039
2025-10-05 18:30:00,119.14,119.43,119.09,119.38,17564.561
2025-10-05 19:00:00,119.38,119.42,118.46,118.8,49557.64
2025-10-05 19:30:00,118.8,118.83,118.25,118.54,42220.066
2025-10-05 20:00:00,118.54,118.98,118.42,118.68,35904.991
2025-10-05 20:30:00,118.68,119.04,118.67,118.82,26538.728
2025-10-05 21:00:00,118.81,118.95,118.48,118.54,19139.67
2025-10-05 21:30:00,118.53,118.68,118.44,118.55,9374.131
2025-10-05 22:00:00,118.55,118.92,118.5,118.61,21709.09
2025-10-05 22:30:00,118.6,118.66,118.46,118.55,12611.453
2025-10-05 23:00:00,118.54,118.94,118.52,118.85,35082.24
2025-10-05 23:30:00,118.84,118.93,118.61,118.78,15113.076
2025-10-06 00:00:00,118.78,119.92,118.5,118.81,80408.279
2025-10-06 00:30:00,118.8,118.96,118.03,118.32,54531.788
2025-10-06 01:00:00,118.33,119.36,118.03,119.17,39511.334
2025-10-06 01:30:00,119.18,119.51,118.91,119.17,41214.813
2025-10-06 02:00:00,119.16,120.35,119.15,120.01,99270.854
2025-10-06 02:30:00,120.0,120.43,119.29,120.2,77157.66
2025-10-06 03:00:00,120.21,121.08,120.06,121.01,49027.297
2025-10-06 03:30:00,121.01,121.21,120.6,120.6,48618.875
2025-10-06 04:00:00,120.6,120.76,120.14,120.51,31716.931
2025-10-06 04:30:00,120.52,120.59,119.64,119.69,41719.552
2025-10-06 05:00:00,119.69,120.74,119.37,120.62,41838.081
2025-10-06 05:30:00,120.63,120.87,120.36,120.85,32439.867
2025-10-06 06:00:00,120.85,121.43,120.35,120.61,56947.549
2025-10-06 06:30:00,120.62,121.02,120.09,120.49,46600.6
2025-10-06 07:00:00,120.48,120.62,120.15,120.26,24220.72
2025-10-06 07:30:00,120.27,120.28,119.73,119.82,46555.633
2025-10-06 08:00:00,119.83,120.17,119.65,120.11,29177.087
2025-10-06 08:30:00,120.12,120.44,119.97,120.16,26963.187
2025-10-06 09:00:00,120.17,120.66,120.14,120.57,28806.729
2025-10-06 09:30:00,120.57,120.68,120.27,120.64,27206.733
2025-10-06 10:00:00,120.64,120.87,120.26,120.32,23440.142
2025-10-06 10:30:00,120.33,120.41,120.03,120.08,21101.497
2025-10-06 11:00:00,120.07,120.32,119.74,120.27,39163.01
2025-10-06 11:30:00,120.28,120.33,119.83,119.88,35131.065
2025-10-06 12:00:00,119.88,120.44,119.73,119.99,49461.37
2025-10-06 12:30:00,119.99,120.04,119.63,119.75,47848.997
2025-10-06 13:00:00,119.74,120.14,119.62,120.01,76237.668
2025-10-06 13:30:00,120.02,120.56,119.71,120.39,72845.018
2025-10-06 14:00:00,120.4,120.74,119.68,120.22,67212.69
2025-10-06 14:30:00,120.23,120.53,119.8,120.03,57686.753
2025-10-06 15:00:00,120.02,121.14,119.88,121.1,74002.521
2025-10-06 15:30:00,121.09,121.33,120.4,120.49,71294.77
2025-10-06 16:00:00,120.49,120.65,118.72,118.9,138931.081
2025-10-06 16:30:00,118.89,119.58,118.87,119.53,74390.294
2025-10-06 17:00:00,119.53,120.18,119.29,120.05,79138.183
2025-10-06 17:30:00,120.05,120.1,119.36,119.66,61648.961
2025-10-06 18:00:00,119.66,119.73,119.22,119.61,64216.762
2025-10-06 18:30:00,119.6,120.52,119.47,120.17,52197.387
2025-10-06 19:00:00,120.16,120.25,119.67,120.06,43122.364
2025-10-06 19:30:00,120.06,120.2,119.74,119.82,26477.376
2025-10-06 20:00:00,119.81,120.14,119.31,119.38,49526.465
2025-10-06 20:30:00,119.37,119.74,119.33,119.61,45971.499
2025-10-06 21:00:00,119.6,119.6,118.78,119.06,60734.971
2025-10-06 21:30:00,119.06,119.23,118.54,118.99,43063.083
2025-10-06 22:00:00,119.0,119.11,118.61,118.74,35041.068
2025-10-06 22:30:00,118.73,118.84,118.0,118.41,66917.004
2025-10-06 23:00:00,118.4,118.48,118.04,118.33,33364.386
2025-10-06 23:30:00,118.32,118.71,118.18,118.25,38039.301
2025-10-07 00:00:00,118.25,118.31,117.58,117.99,71268.539
2025-10-07 00:30:00,117.98,118.6,117.86,118.59,44571.77
2025-10-07 01:00:00,118.6,118.99,118.43,118.76,58361.172
2025-10-07 01:30:00,118.76,118.84,117.94,118.05,33690.429
2025-10-07 02:00:00,118.05,118.4,117.88,118.31,28064.697
2025-10-07 02:30:00,118.3,118.46,117.71,117.89,30476.507
2025-10-07 03:00:00,117.9,118.3,117.87,118.03,32852.643
2025-10-07 03:30:00,118.03,118.46,117.92,118.14,22041.733
2025-10-07 04:00:00,118.14,118.28,117.87,118.15,23766.237
2025-10-07 04:30:00,118.14,118.69,118.13,118.47,54888.899
2025-10-07 05:00:00,118.46,119.05,118.13,118.85,46237.343
2025-10-07 05:30:00,118.85,119.2,118.59,118.64,48350.601
2025-10-07 06:00:00,118.64,118.91,117.95,118.25,49960.984
2025-10-07 06:30:00,118.25,118.51,117.3,117.94,133114.001
2025-10-07 07:00:00,117.95,118.43,117.56,117.72,74928.862
2025-10-07 07:30:00,117.73,117.89,117.52,117.73,29107.829
2025-10-07 08:00:00,117.74,118.01,117.41,117.83,51756.315
2025-10-07 08:30:00,117.84,118.21,117.49,118.03,46987.255
2025-10-07 09:00:00,118.04,118.65,117.8,118.23,49430.48
2025-10-07 09:30:00,118.24,118.41,118.0,118.1,22126.613
2025-10-07 10:00:00,118.09,118.38,117.77,117.97,28812.034
2025-10-07 10:30:00,117.97,118.24,117.71,117.93,21271.244
2025-10-07 11:00:00,117.93,118.17,117.88,118.07,18387.365
2025-10-07 11:30:00,118.07,118.36,117.85,118.16,29252.767
2025-10-07 12:00:00,118.16,118.3,117.92,118.02,23205.759
2025-10-07 12:30:00,118.02,118.95,117.88,118.89,42917.127
2025-10-07 13:00:00,118.9,119.14,118.75,118.97,66750.338
2025-10-07 13:30:00,118.96,119.08,117.44,118.21,142518.008
2025-10-07 14:00:00,118.2,118.29,116.47,116.87,178127.535
2025-10-07 14:30:00,116.88,117.25,116.24,116.57,126496.348
2025-10-07 15:00:00,116.58,116.84,115.08,116.24,231986.319
2025-10-07 15:30:00,116.24,116.3,115.27,116.08,99394.763
2025-10-07 16:00:00,116.08,116.09,115.36,115.63,75474.262
2025-10-07 16:30:00,115.62,116.76,115.53,116.29,69416.274
2025-10-07 17:00:00,116.28,116.51,115.82,115.97,49590.052
2025-10-07 17:30:00,115.96,116.2,115.68,115.77,32020.082
2025-10-07 18:00:00,115.77,116.18,115.48,115.6,45656.768
2025-10-07 18:30:00,115.6,115.74,115.38,115.42,24654.355
2025-10-07 19:00:00,115.42,115.91,115.36,115.59,30561.656
2025-10-07 19:30:00,115.59,116.24,115.55,115.91,32260.152
2025-10-07 20:00:00,115.92,116.74,115.92,116.39,43706.91
2025-10-07 20:30:00,116.38,117.0,116.32,116.81,37746.147
2025-10-07 21:00:00,116.8,117.22,116.64,117.21,32622.012
2025-10-07 21:30:00,117.21,117.36,116.83,117.14,29782.811
2025-10-07 22:00:00,117.14,117.42,116.88,117.25,22074.13
2025-10-07 22:30:00,117.25,117.4,116.91,117.34,20598.933
2025-10-07 23:00:00,117.33,117.42,116.93,117.12,32816.467
2025-10-07 23:30:00,117.11,117.11,116.5,116.85,40602.177
2025-10-08 00:00:00,116.85,117.73,116.83,117.54,46766.768
2025-10-08 00:30:00,117.53,117.95,117.01,117.71,59036.255
2025-10-08 01:00:00,117.71,118.0,117.33,117.72,35665.614
2025-10-08 01:30:00,117.72,118.0,117.43,117.7,23349.376
2025-10-08 02:00:00,117.71,118.28,117.53,118.27,33511.333
2025-10-08 02:30:00,118.26,118.28,117.6,117.7,39684.943
2025-10-08 03:00:00,117.7,117.79,116.5,116.83,61136.66
2025-10-08 03:30:00,116.83,117.32,116.72,116.94,38648.019
2025-10-08 04:00:00,116.94,117.5,116.27,117.04,60992.848
2025-10-08 04:30:00,117.04,117.26,116.49,116.79,76518.969
2025-10-08 05:00:00,116.79,116.79,115.71,115.92,55380.273
2025-10-08 05:30:00,115.92,116.09,115.28,115.74,49965.262
2025-10-08 06:00:00,115.74,115.97,115.37,115.7,30870.465
2025-10-08 06:30:00,115.71,116.13,115.6,115.81,61858.971
2025-10-08 07:00:00,115.8,116.0,115.5,115.72,40633.471
2025-10-08 07:30:00,115.72,116.28,115.51,116.27,40667.089
2025-10-08 08:00:00,116.27,116.4,115.84,115.89,28524.243
2025-10-08 08:30:00,115.89,116.57,115.71,116.46,48920.897
2025-10-08 09:00:00,116.46,116.53,116.21,116.42,24774.042
2025-10-08 09:30:00,116.42,117.34,116.25,116.89,74440.096
2025-10-08 10:00:00,116.9,117.01,116.32,116.7,31766.166
2025-10-08 10:30:00,116.7,116.99,116.56,116.66,19963.215
2025-10-08 11:00:00,116.67,116.79,116.15,116.16,28711.518
2025-10-08 11:30:00,116.17,116.28,115.99,116.18,26764.095
2025-10-08 12:00:00,116.19,116.37,115.74,115.85,34604.456
2025-10-08 12:30:00,115.85,116.68,115.77,116.67,34824.212
2025-10-08 13:00:00,116.67,117.17,116.46,116.47,56420.515
2025-10-08 13:30:00,116.47,116.96,115.88,116.93,52173.019
2025-10-08 14:00:00,116.92,117.64,116.9,117.12,73214.716
2025-10-08 14:30:00,117.12,117.39,116.26,116.47,36983.441
2025-10-08 15:00:00,116.47,116.85,116.29,116.58,33927.972
2025-10-08 15:30:00,116.57,116.85,116.23,116.31,38682.505
2025-10-08 16:00:00,116.31,117.05,116.13,117.01,35622.751
2025-10-08 16:30:00,117.0,117.75,116.76,117.62,66742.629
2025-10-08 17:00:00,117.61,118.67,117.55,118.55,95944.273
2025-10-08 17:30:00,118.55,119.58,118.55,119.19,133165.25
2025-10-08 18:00:00,119.19,119.48,118.55,118.69,99145.649
2025-10-08 18:30:00,118.7,119.0,118.34,118.59,66179.509
2025-10-08 19:00:00,118.6,118.85,118.26,118.67,40563.428
2025-10-08 19:30:00,118.68,118.86,118.38,118.59,26791.418
2025-10-08 20:00:00,118.6,118.68,118.06,118.22,24530.368
2025-10-08 20:30:00,118.23,118.4,117.94,118.01,19804.631
2025-10-08 21:00:00,118.0,118.28,117.72,117.93,32243.659
2025-10-08 21:30:00,117.93,118.62,117.92,118.3,22165.616
2025-10-08 22:00:00,118.29,118.53,118.13,118.34,14693.776
2025-10-08 22:30:00,118.34,118.68,118.26,118.33,17421.386
2025-10-08 23:00:00,118.33,118.44,117.8,118.4,31484.139
2025-10-08 23:30:00,118.41,118.77,118.29,118.55,25653.427
2025-10-09 00:00:00,118.54,119.06,118.4,118.48,34628.361
2025-10-09 00:30:00,118.47,119.36,118.26,118.9,72350.288
2025-10-09 01:00:00,118.9,118.97,118.19,118.23,78509.269
2025-10-09 01:30:00,118.22,118.8,118.06,118.75,27829.195
2025-10-09 02:00:00,118.74,118.81,117.79,118.02,45921.089
2025-10-09 02:30:00,118.03,118.29,116.81,117.04,89853.457
2025-10-09 03:00:00,117.05,118.96,117.05,118.61,85247.062
2025-10-09 03:30:00,118.61,119.75,118.28,118.38,111458.717
2025-10-09 04:00:00,118.38,119.52,118.34,119.43,61554.356
2025-10-09 04:30:00,119.44,119.46,118.79,119.27,34009.184
2025-10-09 05:00:00,119.27,119.65,118.93,119.07,45064.041
2025-10-09 05:30:00,119.07,119.37,118.61,118.73,32719.405
2025-10-09 06:00:00,118.74,118.76,118.02,118.25,41072.551
2025-10-09 06:30:00,118.25,118.59,117.63,117.67,33938.548
2025-10-09 07:00:00,117.68,117.87,117.39,117.65,34870.448
2025-10-09 07:30:00,117.66,117.99,117.16,117.28,37580.954
2025-10-09 08:00:00,117.28,117.31,115.76,115.8,151438.882
2025-10-09 08:30:00,115.81,116.37,115.36,115.63,105293.498
2025-10-09 09:00:00,115.64,116.23,115.6,115.93,55047.09
2025-10-09 09:30:00,115.93,116.29,115.86,116.21,36925.419
2025-10-09 10:00:00,116.21,116.54,116.0,116.16,35981.959
2025-10-09 10:30:00,116.16,116.85,116.16,116.57,53104.062
2025-10-09 11:00:00,116.57,116.94,116.45,116.87,42179.333
2025-10-09 11:30:00,116.87,116.89,116.28,116.6,37218.138
2025-10-09 12:00:00,116.59,117.68,116.54,117.62,46500.706
2025-10-09 12:30:00,117.62,118.52,117.47,118.15,83461.896
2025-10-09 13:00:00,118.15,118.99,117.69,118.75,75940.137
2025-10-09 13:30:00,118.74,118.85,117.44,117.82,155586.62
2025-10-09 14:00:00,117.82,118.54,117.19,117.3,104857.08
2025-10-09 14:30:00,117.32,118.1,116.52,117.97,180182.079
2025-10-09 15:00:00,117.97,119.11,117.97,118.23,162693.491
2025-10-09 15:30:00,118.24,118.8,117.73,118.25,110846.175
2025-10-09 16:00:00,118.25,118.89,117.13,117.41,87380.193
2025-10-09 16:30:00,117.4,117.67,115.52,115.79,117252.748
2025-10-09 17:00:00,115.79,117.1,115.52,116.91,83473.715
2025-10-09 17:30:00,116.9,118.0,116.82,117.97,55480.031
2025-10-09 18:00:00,117.97,118.12,117.47,117.54,53285.972
2025-10-09 18:30:00,117.54,117.83,117.11,117.26,44234.432
2025-10-09 19:00:00,117.25,118.27,117.22,118.15,28592.381
2025-10-09 19:30:00,118.15,118.99,118.15,118.95,51616.93
2025-10-09 20:00:00,118.95,119.43,118.35,118.9,73412.403
2025-10-09 20:30:00,118.9,119.06,118.56,119.03,30821.008
2025-10-09 21:00:00,119.03,119.46,118.7,118.72,47537.368
2025-10-09 21:30:00,118.72,119.43,118.59,119.31,28578.179
2025-10-09 22:00:00,119.31,123.0,119.2,122.94,280182.53
2025-10-09 22:30:00,122.95,128.15,122.92,126.61,600980.886
2025-10-09 23:00:00,126.61,126.91,124.83,126.0,256186.124
2025-10-09 23:30:00,126.01,126.18,125.19,125.84,132728.103
2025-10-10 00:00:00,125.83,127.14,125.57,127.11,221111.718
2025-10-10 00:30:00,127.1,129.46,126.79,128.38,330828.462
2025-10-10 01:00:00,128.38,128.69,127.2,128.49,160896.46
2025-10-10 01:30:00,128.5,128.55,127.02,128.36,113188.873
2025-10-10 02:00:00,128.36,129.13,127.47,128.84,124173.777
2025-10-10 02:30:00,128.84,128.98,127.8,128.04,118552.184
2025-10-10 03:00:00,128.04,132.07,127.55,131.73,318058.469
2025-10-10 03:30:00,131.75,132.79,130.91,131.22,269168.825
2025-10-10 04:00:00,131.22,132.17,129.85,129.99,210567.827
2025-10-10 04:30:00,129.98,130.32,129.01,129.64,117727.823
2025-10-10 05:00:00,129.64,129.72,127.8,128.76,304560.612
2025-10-10 05:30:00,128.75,130.08,128.37,130.04,131181.916
2025-10-10 06:00:00,130.03,131.72,129.84,130.09,263377.66
2025-10-10 06:30:00,130.09,130.9,125.76,127.67,697836.082
2025-10-10 07:00:00,127.66,127.98,126.97,127.95,109734.349
2025-10-10 07:30:00,127.95,128.97,127.68,128.24,106292.482
2025-10-10 08:00:00,128.24,130.29,128.08,129.84,195708.775
2025-10-10 08:30:00,129.82,129.86,128.66,128.99,105237.092
2025-10-10 09:00:00,129.0,130.17,128.5,130.1,99164.422
2025-10-10 09:30:00,130.1,130.21,128.89,129.78,71860.782
2025-10-10 10:00:00,129.78,130.88,129.57,129.92,80996.999
2025-10-10 10:30:00,129.92,130.0,128.7,129.72,79195.1
2025-10-10 11:00:00,129.72,131.45,129.72,131.12,156198.304
2025-10-10 11:30:00,131.12,133.33,131.06,132.13,294397.548
2025-10-10 12:00:00,132.13,133.26,131.29,131.51,159146.479
2025-10-10 12:30:00,131.51,133.21,131.46,133.17,125395.025
2025-10-10 13:00:00,133.16,136.03,132.43,135.15,371135.74
2025-10-10 13:30:00,135.15,135.36,133.64,133.8,251020.846
2025-10-10 14:00:00,133.79,135.32,132.75,132.88,239735.291
2025-10-10 14:30:00,132.87,133.69,131.5,131.82,233095.693
2025-10-10 15:00:00,131.83,132.12,126.28,126.98,925240.476
2025-10-10 15:30:00,126.97,129.52,125.85,127.04,759651.724
2025-10-10 16:00:00,127.04,129.23,126.53,127.94,494126.753
2025-10-10 16:30:00,127.93,128.34,125.07,125.32,233141.007
2025-10-10 17:00:00,125.31,128.4,124.94,128.2,499116.196
2025-10-10 17:30:00,128.21,128.51,126.82,127.43,174856.966
2025-10-10 18:00:00,127.44,127.62,126.25,126.78,109937.101
2025-10-10 18:30:00,126.78,127.12,126.27,126.39,84399.922
2025-10-10 19:00:00,126.39,128.26,125.42,125.5,227819.262
2025-10-10 19:30:00,125.5,127.94,125.41,126.73,229819.23
2025-10-10 20:00:00,126.73,127.6,125.78,127.26,118461.501
2025-10-10 20:30:00,127.27,127.28,119.18,121.54,677630.498
2025-10-10 21:00:00,121.53,123.54,51.6,84.66,2881712.462
2025-10-10 21:30:00,84.66,102.4,81.25,99.22,1216033.853
2025-10-10 22:00:00,99.25,99.36,84.3,91.47,1242981.801
2025-10-10 22:30:00,91.48,98.6,91.39,98.02,672267.971
2025-10-10 23:00:00,98.03,98.84,95.3,98.41,558838.991
2025-10-10 23:30:00,98.43,101.0,95.29,96.77,601125.573
2025-10-11 00:00:00,96.79,98.13,94.2,97.33,411113.942
2025-10-11 00:30:00,97.32,97.87,96.31,96.43,264013.709
2025-10-11 01:00:00,96.43,96.57,94.61,95.07,263632.272
2025-10-11 01:30:00,95.08,96.41,94.81,96.08,177818.965
2025-10-11 02:00:00,96.09,100.07,96.04,99.64,266880.345
2025-10-11 02:30:00,99.64,102.7,99.52,101.22,266959.004
2025-10-11 03:00:00,101.21,101.42,97.9,98.3,239975.475
2025-10-11 03:30:00,98.3,100.77,98.04,100.59,191677.802
2025-10-11 04:00:00,100.58,100.65,99.46,99.85,153023.704
2025-10-11 04:30:00,99.84,101.05,99.32,100.52,112622.962
2025-10-11 05:00:00,100.51,100.75,98.01,98.09,141500.988
2025-10-11 05:30:00,98.09,98.94,97.64,98.38,152124.53
2025-10-11 06:00:00,98.39,99.7,98.09,99.63,89580.621
2025-10-11 06:30:00,99.63,100.23,98.31,98.79,113876.202
2025-10-11 07:00:00,98.79,99.63,98.45,98.91,92113.866
2025-10-11 07:30:00,98.9,99.13,98.13,98.38,80839.454
2025-10-11 08:00:00,98.38,99.69,97.53,98.98,118673.365
2025-10-11 08:30:00,98.98,99.83,98.7,99.33,113049.418
2025-10-11 09:00:00,99.34,100.62,98.57,98.85,207644.803
2025-10-11 09:30:00,98.86,99.32,98.1,98.19,113284.795
2025-10-11 10:00:00,98.19,98.88,97.93,98.86,100958.369
2025-10-11 10:30:00,98.86,98.95,97.91,98.42,95021.265
2025-10-11 11:00:00,98.44,98.58,97.17,98.2,109074.803
2025-10-11 11:30:00,98.19,98.59,97.74,98.02,65427.614
2025-10-11 12:00:00,98.02,98.11,97.37,98.08,74921.183
2025-10-11 12:30:00,98.08,98.08,96.38,97.32,98552.068
2025-10-11 13:00:00,97.32,97.65,96.82,97.05,88836.654
2025-10-11 13:30:00,97.05,97.1,95.09,96.39,189834.395
2025-10-11 14:00:00,96.39,96.43,95.31,95.49,173162.311
2025-10-11 14:30:00,95.5,96.48,95.37,95.98,116209.57
2025-10-11 15:00:00,95.98,97.46,95.98,97.12,124726.607
2025-10-11 15:30:00,97.12,97.23,95.86,95.96,80286.366
2025-10-11 16:00:00,95.96,96.79,95.86,95.98,77607.563
2025-10-11 16:30:00,95.98,96.17,95.36,96.07,60629.103
2025-10-11 17:00:00,96.07,97.35,96.01,97.15,73211.545
2025-10-11 17:30:00,97.15,97.41,96.5,97.4,67462.981
2025-10-11 18:00:00,97.4,97.81,97.24,97.77,60226.666
2025-10-11 18:30:00,97.77,97.91,97.08,97.08,45614.113
2025-10-11 19:00:00,97.09,97.1,94.75,95.11,152252.326
2025-10-11 19:30:00,95.11,95.11,93.08,93.68,171135.597
2025-10-11 20:00:00,93.68,93.99,92.28,92.52,122243.316
2025-10-11 20:30:00,92.52,92.6,91.11,91.61,165971.694
2025-10-11 21:00:00,91.62,93.3,90.04,92.11,255501.858
2025-10-11 21:30:00,92.1,93.58,91.71,93.49,90663.732
2025-10-11 22:00:00,93.49,93.91,93.0,93.75,74266.789
2025-10-11 22:30:00,93.75,94.22,93.4,93.86,57694.039
2025-10-11 23:00:00,93.86,94.24,93.33,94.07,40284.125
2025-10-11 23:30:00,94.07,94.09,93.07,93.28,52792.471
2025-10-12 00:00:00,93.28,93.52,92.33,92.44,72124.199
2025-10-12 00:30:00,92.44,93.25,91.55,91.65,70779.995
2025-10-12 01:00:00,91.65,92.71,91.62,92.38,55669.663
2025-10-12 01:30:00,92.38,93.59,92.18,92.28,100220.5
2025-10-12 02:00:00,92.28,93.25,91.77,93.19,65452.342
2025-10-12 02:30:00,93.2,93.6,91.95,92.52,53153.54
2025-10-12 03:00:00,92.52,93.91,92.41,93.56,74072.257
2025-10-12 03:30:00,93.57,94.27,93.43,93.69,47413.072
2025-10-12 04:00:00,93.69,94.74,93.45,94.4,59673.499
2025-10-12 04:30:00,94.4,94.74,94.03,94.4,53975.928
2025-10-12 05:00:00,94.41,94.42,93.81,94.2,38471.925
2025-10-12 05:30:00,94.2,94.64,94.14,94.29,30200.909
2025-10-12 06:00:00,94.3,95.61,94.23,95.58,59910.927
2025-10-12 06:30:00,95.57,96.0,95.36,95.87,56824.05
2025-10-12 07:00:00,95.86,96.55,95.67,95.71,70155.031
2025-10-12 07:30:00,95.71,95.74,94.97,95.26,99059.442
2025-10-12 08:00:00,95.25,95.75,95.11,95.61,54838.113
2025-10-12 08:30:00,95.61,95.82,95.17,95.5,60968.944
2025-10-12 09:00:00,95.51,95.51,94.19,94.36,92489.943
2025-10-12 09:30:00,94.36,95.0,93.91,94.85,90408.2
2025-10-12 10:00:00,94.85,95.47,94.78,95.2,61484.124
2025-10-12 10:30:00,95.19,95.81,95.06,95.45,50957.07
2025-10-12 11:00:00,95.46,95.9,95.06,95.63,38231.479
2025-10-12 11:30:00,95.63,95.93,95.36,95.52,37240.939
2025-10-12 12:00:00,95.51,95.98,95.34,95.47,52243.526
2025-10-12 12:30:00,95.46,96.14,95.45,95.9,47922.197
2025-10-12 13:00:00,95.9,96.51,95.56,95.66,66063.028
2025-10-12 13:30:00,95.66,95.66,94.44,94.84,87827.454
2025-10-12 14:00:00,94.85,95.54,94.43,94.77,60758.451
2025-10-12 14:30:00,94.77,97.88,94.05,96.36,388270.961
2025-10-12 15:00:00,96.37,98.59,96.15,98.31,336350.247
2025-10-12 15:30:00,98.31,98.34,96.77,98.12,177742.028
2025-10-12 16:00:00,98.12,99.32,97.64,98.19,226883.228
2025-10-12 16:30:00,98.19,99.88,98.02,99.02,245781.141
2025-10-12 17:00:00,99.03,99.73,98.86,99.31,125904.093
2025-10-12 17:30:00,99.31,99.57,98.32,99.36,127194.799
2025-10-12 18:00:00,99.36,99.8,98.9,99.05,118229.111
2025-10-12 18:30:00,99.04,99.54,98.47,98.97,83871.662
2025-10-12 19:00:00,98.97,99.96,98.85,99.93,54198.106
2025-10-12 19:30:00,99.93,100.98,99.82,100.75,117557.927
2025-10-12 20:00:00,100.75,101.32,100.48,101.28,100785.44
2025-10-12 20:30:00,101.28,102.1,100.58,100.62,140365.526
2025-10-12 21:00:00,100.61,101.21,99.26,99.81,116270.973
2025-10-12 21:30:00,99.8,99.92,98.58,99.39,82175.526
2025-10-12 22:00:00,99.4,100.22,98.34,98.66,111048.802
2025-10-12 22:30:00,98.66,99.29,98.56,98.79,51891.98
2025-10-12 23:00:00,98.79,98.96,97.93,98.57,64659.727
2025-10-12 23:30:00,98.58,98.95,98.03,98.89,49810.234
2025-10-13 00:00:00,98.88,99.39,98.01,98.65,82812.04
2025-10-13 00:30:00,98.65,98.76,97.77,98.19,71719.528
2025-10-13 01:00:00,98.19,98.83,97.57,98.64,76315.057
2025-10-13 01:30:00,98.64,99.64,98.59,99.34,73495.26
2025-10-13 02:00:00,99.33,99.61,98.45,98.62,95430.665
2025-10-13 02:30:00,98.62,99.01,98.28,98.78,39955.374
2025-10-13 03:00:00,98.78,100.01,98.72,99.92,70735.14
2025-10-13 03:30:00,99.92,99.98,98.62,98.94,69745.939
2025-10-13 04:00:00,98.96,99.09,97.73,97.91,79204.841
2025-10-13 04:30:00,97.91,98.59,97.7,98.42,53358.214
2025-10-13 05:00:00,98.41,98.53,96.23,96.59,169337.424
2025-10-13 05:30:00,96.58,96.71,95.75,96.62,136523.013
2025-10-13 06:00:00,96.61,97.08,96.05,97.01,95168.448
2025-10-13 06:30:00,97.02,97.75,96.48,97.25,124492.436
2025-10-13 07:00:00,97.26,98.05,96.91,97.83,115795.091
2025-10-13 07:30:00,97.84,97.98,96.6,97.32,113344.885
2025-10-13 08:00:00,97.31,97.72,96.96,97.67,78118.723
2025-10-13 08:30:00,97.67,98.5,97.54,98.11,110312.494
2025-10-13 09:00:00,98.11,98.47,97.24,97.76,109957.886
2025-10-13 09:30:00,97.75,98.4,97.74,98.38,51329.352
2025-10-13 10:00:00,98.38,98.56,97.65,98.05,106666.125
2025-10-13 10:30:00,98.04,98.23,97.61,97.87,46565.227
2025-10-13 11:00:00,97.86,98.0,94.69,94.89,252675.886
2025-10-13 11:30:00,94.88,96.66,94.51,96.21,167998.627
2025-10-13 12:00:00,96.21,97.34,95.55,96.93,103689.58
2025-10-13 12:30:00,96.91,97.65,96.49,96.68,88874.307
2025-10-13 13:00:00,96.67,97.38,96.54,96.76,73374.468
2025-10-13 13:30:00,96.77,98.74,96.69,98.16,284408.214
2025-10-13 14:00:00,98.15,98.36,95.8,96.36,121769.328
2025-10-13 14:30:00,96.35,96.96,95.59,96.02,122900.908
2025-10-13 15:00:00,96.02,97.33,96.0,96.99,119628.605
2025-10-13 15:30:00,97.0,97.99,96.99,97.79,82913.796
2025-10-13 16:00:00,97.8,98.48,97.17,97.74,171799.234
2025-10-13 16:30:00,97.75,98.52,97.34,98.23,71625.993
2025-10-13 17:00:00,98.23,99.02,98.15,98.74,88784.245
2025-10-13 17:30:00,98.74,99.74,98.5,99.7,97310.528
2025-10-13 18:00:00,99.69,99.99,99.05,99.87,107295.77
2025-10-13 18:30:00,99.86,99.94,99.06,99.15,78703.435
2025-10-13 19:00:00,99.15,100.14,98.74,99.78,81783.111
2025-10-13 19:30:00,99.78,100.38,99.7,100.14,81094.846
2025-10-13 20:00:00,100.14,100.51,99.76,100.37,59380.446
2025-10-13 20:30:00,100.37,101.21,100.03,101.16,80491.924
2025-10-13 21:00:00,101.16,101.29,100.35,100.43,88430.27
2025-10-13 21:30:00,100.43,100.45,99.62,100.2,94552.106
2025-10-13 22:00:00,100.2,100.76,99.77,100.42,130626.231
2025-10-13 22:30:00,100.42,100.57,99.9,100.07,68670.39
2025-10-13 23:00:00,100.07,100.25,99.59,99.87,68739.018
2025-10-13 23:30:00,99.88,100.02,99.05,99.4,68050.178
2025-10-14 00:00:00,99.41,99.99,98.83,99.92,78908.348
2025-10-14 00:30:00,99.92,100.49,99.57,100.15,78391.31
2025-10-14 01:00:00,100.15,100.4,99.23,99.38,66686.61
2025-10-14 01:30:00,99.38,99.6,98.8,98.96,50801.633
2025-10-14 02:00:00,98.95,98.96,98.14,98.72,86368.61
2025-10-14 02:30:00,98.73,99.55,98.33,99.04,105928.304
2025-10-14 03:00:00,99.05,99.15,97.73,97.81,106465.007
2025-10-14 03:30:00,97.8,98.3,97.72,98.11,54165.65
2025-10-14 04:00:00,98.11,98.32,97.22,97.64,69690.234
2025-10-14 04:30:00,97.64,97.64,96.21,96.68,118005.31
2025-10-14 05:00:00,96.68,97.58,96.53,96.63,97347.849
2025-10-14 05:30:00,96.64,96.7,95.18,95.5,121974.613
2025-10-14 06:00:00,95.5,95.98,94.73,94.86,109429.487
2025-10-14 06:30:00,94.85,95.31,91.75,93.65,427069.921
2025-10-14 07:00:00,93.65,94.33,93.0,93.79,124840.198
2025-10-14 07:30:00,93.79,93.81,92.71,93.61,119548.077
2025-10-14 08:00:00,93.61,94.06,92.88,93.91,130634.536
2025-10-14 08:30:00,93.9,94.56,93.75,94.25,79830.563
2025-10-14 09:00:00,94.25,94.88,94.17,94.65,60413.027
2025-10-14 09:30:00,94.65,94.96,93.56,93.99,127293.396
2025-10-14 10:00:00,93.99,94.02,92.62,92.93,129639.773
2025-10-14 10:30:00,92.94,93.3,91.76,92.87,174721.894
2025-10-14 11:00:00,92.88,94.05,92.82,93.77,107140.031
2025-10-14 11:30:00,93.76,94.16,93.13,93.2,51632.252
2025-10-14 12:00:00,93.2,93.24,91.84,92.21,125502.831
2025-10-14 12:30:00,92.21,92.56,91.68,92.12,82901.34
2025-10-14 13:00:00,92.11,92.85,91.89,92.69,89363.261
2025-10-14 13:30:00,92.69,93.28,91.01,92.93,270009.774
2025-10-14 14:00:00,92.92,94.39,92.67,93.63,153390.502
2025-10-14 14:30:00,93.63,94.6,92.88,93.62,89982.749
2025-10-14 15:00:00,93.62,94.26,93.2,94.07,86845.409
2025-10-14 15:30:00,94.07,95.65,94.05,95.52,129148.174
2025-10-14 16:00:00,95.53,96.27,94.8,95.74,165373.771
2025-10-14 16:30:00,95.75,96.12,95.0,95.25,85103.896
2025-10-14 17:00:00,95.24,96.41,94.01,96.03,151277.557
2025-10-14 17:30:00,96.04,96.73,95.64,96.44,85089.604
2025-10-14 18:00:00,96.44,96.85,96.35,96.64,83281.45
2025-10-14 18:30:00,96.64,97.26,96.27,97.19,88999.88
2025-10-14 19:00:00,97.19,98.08,97.19,97.85,101869.346
2025-10-14 19:30:00,97.85,98.17,95.99,98.04,282665.162
2025-10-14 20:00:00,98.05,98.26,97.44,97.68,80901.97
2025-10-14 20:30:00,97.67,98.01,97.37,97.96,34450.186
2025-10-14 21:00:00,97.97,98.05,97.11,97.69,54687.519
2025-10-14 21:30:00,97.69,97.8,97.18,97.79,22452.135
2025-10-14 22:00:00,97.79,98.44,97.79,98.06,45742.049
2025-10-14 22:30:00,98.06,98.31,97.54,97.59,35946.69
2025-10-14 23:00:00,97.59,98.02,97.56,97.85,27515.136
2025-10-14 23:30:00,97.85,97.88,97.16,97.29,31186.272
2025-10-15 00:00:00,97.28,97.45,96.57,97.11,81226.199
2025-10-15 00:30:00,97.11,97.56,96.67,97.52,46775.189
2025-10-15 01:00:00,97.51,97.71,96.67,96.72,45085.227
2025-10-15 01:30:00,96.71,97.01,96.45,96.96,40517.442
2025-10-15 02:00:00,96.95,98.19,96.92,98.08,42695.901
2025-10-15 02:30:00,98.08,98.31,97.84,97.92,37221.576
2025-10-15 03:00:00,97.91,98.0,97.2,97.49,54625.73
2025-10-15 03:30:00,97.49,97.49,96.71,97.12,47654.414
2025-10-15 04:00:00,97.13,97.55,96.67,97.53,42041.47
2025-10-15 04:30:00,97.54,97.9,97.42,97.61,35365.246
2025-10-15 05:00:00,97.61,98.21,97.61,98.08,49819.433
2025-10-15 05:30:00,98.07,98.31,97.74,98.16,46434.761
2025-10-15 06:00:00,98.16,98.65,97.17,97.42,62090.877
2025-10-15 06:30:00,97.41,98.36,97.27,98.27,51510.829
2025-10-15 07:00:00,98.27,98.47,97.83,98.13,32318.057
2025-10-15 07:30:00,98.13,98.13,97.73,98.1,22531.051
2025-10-15 08:00:00,98.1,99.23,98.07,99.23,75405.008
2025-10-15 08:30:00,99.22,99.91,98.52,98.68,94220.831
2025-10-15 09:00:00,98.69,98.86,97.62,97.73,63823.619
2025-10-15 09:30:00,97.74,98.07,97.38,97.71,57465.941
2025-10-15 10:00:00,97.71,98.03,97.38,97.69,33395.461
2025-10-15 10:30:00,97.69,97.88,97.4,97.67,51132.997
2025-10-15 11:00:00,97.66,97.87,96.63,97.07,80747.415
2025-10-15 11:30:00,97.07,97.51,96.87,97.01,37549.881
2025-10-15 12:00:00,97.0,97.17,96.3,96.59,85345.888
2025-10-15 12:30:00,96.58,97.06,96.42,96.97,44690.469
2025-10-15 13:00:00,96.97,97.0,96.25,96.76,62683.271
2025-10-15 13:30:00,96.75,97.85,95.34,96.6,230133.478
2025-10-15 14:00:00,96.6,97.38,96.38,96.72,78319.824
2025-10-15 14:30:00,96.73,96.76,95.48,95.89,84422.764
2025-10-15 15:00:00,95.88,96.3,95.27,95.57,94437.435
2025-10-15 15:30:00,95.56,95.61,94.22,94.66,142955.786
2025-10-15 16:00:00,94.66,94.88,94.17,94.7,87656.44
2025-10-15 16:30:00,94.69,94.72,93.96,94.08,75690.795
2025-10-15 17:00:00,94.08,94.11,93.31,93.81,87251.369
2025-10-15 17:30:00,93.8,94.58,93.54,94.57,62574.262
2025-10-15 18:00:00,94.57,94.94,94.26,94.81,43389.781
2025-10-15 18:30:00,94.8,95.34,94.62,95.27,36308.181
2025-10-15 19:00:00,95.27,95.27,94.58,94.97,35191.119
2025-10-15 19:30:00,94.98,94.98,94.12,94.4,37952.125
2025-10-15 20:00:00,94.4,95.04,94.19,94.31,28505.755
2025-10-15 20:30:00,94.31,94.79,93.3,94.12,92748.219
2025-10-15 21:00:00,94.13,94.62,93.5,94.5,45075.062
2025-10-15 21:30:00,94.51,94.83,93.72,93.99,40224.352
2025-10-15 22:00:00,94.0,94.97,93.97,94.54,31462.601
2025-10-15 22:30:00,94.55,94.94,94.21,94.37,26258.852
2025-10-15 23:00:00,94.38,95.18,94.35,94.96,38434.556
2025-10-15 23:30:00,94.96,95.5,94.94,95.43,47003.335
2025-10-16 00:00:00,95.43,95.61,94.82,95.46,41425.016
2025-10-16 00:30:00,95.46,95.52,94.97,95.06,30811.568
2025-10-16 01:00:00,95.05,95.91,95.0,95.75,33614.886
2025-10-16 01:30:00,95.75,96.28,95.64,95.96,41063.065
2025-10-16 02:00:00,95.96,96.32,95.66,95.94,36158.799
2025-10-16 02:30:00,95.95,95.96,95.35,95.87,23014.851
2025-10-16 03:00:00,95.87,95.9,94.5,95.28,53290.839
2025-10-16 03:30:00,95.29,95.3,94.68,94.76,24578.161
2025-10-16 04:00:00,94.77,95.07,94.69,95.03,30720.451
2025-10-16 04:30:00,95.03,95.19,94.31,94.4,35517.833
2025-10-16 05:00:00,94.4,94.53,93.94,94.21,45666.745
2025-10-16 05:30:00,94.21,94.73,93.77,94.38,37204.12
2025-10-16 06:00:00,94.39,94.88,94.28,94.87,27258.657
2025-10-16 06:30:00,94.88,95.54,94.87,95.43,30706.078
2025-10-16 07:00:00,95.44,95.52,94.53,94.55,32738.757
2025-10-16 07:30:00,94.56,94.96,94.54,94.79,25991.555
2025-10-16 08:00:00,94.79,94.92,94.27,94.31,23099.786
2025-10-16 08:30:00,94.32,94.44,93.93,94.14,32715.305
2025-10-16 09:00:00,94.14,94.78,94.0,94.22,24382.559
2025-10-16 09:30:00,94.21,95.34,91.8,95.01,364791.119
2025-10-16 10:00:00,95.01,96.19,94.96,95.62,85411.362
2025-10-16 10:30:00,95.61,95.71,95.28,95.35,31007.738
2025-10-16 11:00:00,95.34,95.62,95.04,95.09,36454.639
2025-10-16 11:30:00,95.08,95.98,94.84,95.98,45280.094
2025-10-16 12:00:00,95.98,96.46,95.62,96.12,87940.014
2025-10-16 12:30:00,96.13,96.85,95.85,96.11,77690.227
2025-10-16 13:00:00,96.11,96.26,95.61,95.79,47988.756
2025-10-16 13:30:00,95.78,96.27,95.18,95.48,72022.412
2025-10-16 14:00:00,95.48,95.59,94.06,94.48,140607.412
2025-10-16 14:30:00,94.47,96.08,94.43,94.76,92392.991
2025-10-16 15:00:00,94.76,95.01,93.79,93.89,61217.722
2025-10-16 15:30:00,93.88,94.15,91.55,91.74,284476.651
2025-10-16 16:00:00,91.74,92.24,90.51,91.84,299339.36
2025-10-16 16:30:00,91.84,93.18,91.22,93.12,156919.019
2025-10-16 17:00:00,93.13,93.16,91.8,92.26,106151.656
2025-10-16 17:30:00,92.25,92.37,91.53,91.77,65391.441
2025-10-16 18:00:00,91.77,91.82,90.84,91.05,87450.486
2025-10-16 18:30:00,91.05,92.0,90.82,91.72,99861.433
2025-10-16 19:00:00,91.73,91.87,90.17,90.66,124071.285
2025-10-16 19:30:00,90.66,91.15,89.57,90.48,157534.387
2025-10-16 20:00:00,90.49,90.97,90.17,90.54,64646.725
2025-10-16 20:30:00,90.54,90.68,89.73,90.09,77127.36
2025-10-16 21:00:00,90.09,91.0,89.88,90.87,59751.442
2025-10-16 21:30:00,90.87,91.36,90.79,91.31,38375.934
2025-10-16 22:00:00,91.32,91.43,90.81,91.01,28609.436
2025-10-16 22:30:00,91.01,91.21,90.7,90.72,29546.03
2025-10-16 23:00:00,90.72,91.7,90.62,91.59,32881.662
2025-10-16 23:30:00,91.59,91.79,91.36,91.73,26872.314
2025-10-17 00:00:00,91.73,92.22,91.46,92.13,43321.089
2025-10-17 00:30:00,92.13,92.41,91.8,92.26,68304.354
2025-10-17 01:00:00,92.26,93.14,92.2,92.28,62584.836
2025-10-17 01:30:00,92.28,92.46,91.74,92.14,26358.75
2025-10-17 02:00:00,92.14,92.29,91.54,91.65,27155.829
2025-10-17 02:30:00,91.64,92.43,91.61,92.18,34470.085
2025-10-17 03:00:00,92.19,92.43,91.99,92.08,24936.79
2025-10-17 03:30:00,92.08,92.16,91.74,92.06,28755.247
2025-10-17 04:00:00,92.07,92.11,91.75,91.8,18336.471
2025-10-17 04:30:00,91.81,92.11,91.73,91.85,22069.66
2025-10-17 05:00:00,91.85,91.93,91.45,91.89,21388.88
2025-10-17 05:30:00,91.9,92.0,91.17,91.31,33331.921
2025-10-17 06:00:00,91.31,91.64,90.48,90.49,56234.017
2025-10-17 06:30:00,90.5,90.69,88.05,88.56,337332.594
2025-10-17 07:00:00,88.57,88.79,87.24,87.55,286284.489
2025-10-17 07:30:00,87.54,87.76,84.3,85.18,665942.573
2025-10-17 08:00:00,85.19,85.91,84.2,85.17,387070.807
2025-10-17 08:30:00,85.16,86.03,84.72,84.85,147489.332
2025-10-17 09:00:00,84.85,85.69,84.74,85.68,147579.881
2025-10-17 09:30:00,85.67,86.96,85.54,85.55,104689.873
2025-10-17 10:00:00,85.56,85.99,84.22,84.69,124632.491
2025-10-17 10:30:00,84.69,85.94,84.56,85.73,96817.277
2025-10-17 11:00:00,85.73,88.09,85.62,87.63,241840.618
2025-10-17 11:30:00,87.64,87.78,87.07,87.58,106711.354
2025-10-17 12:00:00,87.58,88.38,87.46,87.91,97022.933
2025-10-17 12:30:00,87.91,88.47,87.74,88.25,84852.959
2025-10-17 13:00:00,88.25,88.67,87.59,88.57,111692.602
2025-10-17 13:30:00,88.57,89.3,87.68,88.91,144143.321
2025-10-17 14:00:00,88.91,89.24,87.97,88.08,81299.96
2025-10-17 14:30:00,88.08,89.19,87.4,88.49,126529.304
2025-10-17 15:00:00,88.49,89.96,88.43,89.66,103663.952
2025-10-17 15:30:00,89.67,89.98,88.87,89.94,84963.0
2025-10-17 16:00:00,89.95,90.86,89.86,89.96,168815.628
2025-10-17 16:30:00,89.96,90.4,89.42,90.37,80294.474
2025-10-17 17:00:00,90.38,90.51,89.67,89.8,68228.794
2025-10-17 17:30:00,89.8,90.34,89.64,90.25,59914.636
2025-10-17 18:00:00,90.25,90.94,90.25,90.64,62761.21
2025-10-17 18:30:00,90.63,90.82,90.27,90.63,47673.535
2025-10-17 19:00:00,90.63,91.12,90.47,90.59,66074.559
2025-10-17 19:30:00,90.58,90.63,90.08,90.53,56605.387
2025-10-17 20:00:00,90.54,91.4,90.35,91.26,63359.879
2025-10-17 20:30:00,91.26,91.45,90.99,91.03,45729.412
2025-10-17 21:00:00,91.04,91.78,91.02,91.35,62488.239
2025-10-17 21:30:00,91.35,91.38,90.76,90.92,37815.818
2025-10-17 22:00:00,90.92,91.26,90.41,90.57,50063.686
2025-10-17 22:30:00,90.58,90.69,90.21,90.52,37237.713
2025-10-17 23:00:00,90.53,90.53,90.21,90.37,23668.431
2025-10-17 23:30:00,90.36,90.36,89.93,90.08,26902.319
2025-10-18 00:00:00,90.08,90.37,89.91,90.36,36082.963
2025-10-18 00:30:00,90.36,90.54,90.15,90.42,29014.671
2025-10-18 01:00:00,90.43,90.92,90.39,90.88,42106.501
2025-10-18 01:30:00,90.88,90.92,90.58,90.85,19228.928
2025-10-18 02:00:00,90.85,91.28,90.4,90.72,51094.636
2025-10-18 02:30:00,90.72,90.75,90.32,90.55,34668.778
2025-10-18 03:00:00,90.54,90.89,90.54,90.76,17944.797
2025-10-18 03:30:00,90.76,90.95,90.38,90.45,21227.035
2025-10-18 04:00:00,90.45,90.49,89.83,90.24,72798.663
2025-10-18 04:30:00,90.23,90.28,90.1,90.14,20794.106
2025-10-18 05:00:00,90.13,90.59,90.13,90.36,27191.067
2025-10-18 05:30:00,90.36,90.78,90.2,90.66,24153.615
2025-10-18 06:00:00,90.66,90.98,90.55,90.69,34036.692
2025-10-18 06:30:00,90.69,90.82,90.41,90.76,20667.233
2025-10-18 07:00:00,90.76,91.86,90.75,91.22,70549.449
2025-10-18 07:30:00,91.21,91.55,90.73,90.9,42290.055
2025-10-18 08:00:00,90.9,91.19,90.64,90.68,38716.24
2025-10-18 08:30:00,90.68,90.79,90.59,90.69,22346.072
2025-10-18 09:00:00,90.69,91.43,90.65,91.26,42309.718
2025-10-18 09:30:00,91.26,91.43,91.2,91.23,34849.831
2025-10-18 10:00:00,91.24,91.25,90.88,91.17,30183.526
2025-10-18 10:30:00,91.16,91.51,91.02,91.27,26416.473
2025-10-18 11:00:00,91.26,91.61,91.02,91.07,27890.848
2025-10-18 11:30:00,91.06,91.42,90.97,91.41,23529.671
2025-10-18 12:00:00,91.41,91.53,91.02,91.05,27020.654
2025-10-18 12:30:00,91.05,91.05,90.77,90.83,28247.132
2025-10-18 13:00:00,90.83,90.83,90.32,90.47,34099.882
2025-10-18 13:30:00,90.47,90.53,90.13,90.25,37926.931
2025-10-18 14:00:00,90.25,90.46,89.96,90.44,37167.307
2025-10-18 14:30:00,90.44,90.84,90.44,90.64,24370.076
2025-10-18 15:00:00,90.64,90.91,90.53,90.77,21620.105
2025-10-18 15:30:00,90.76,91.15,90.48,91.05,32504.817
2025-10-18 16:00:00,91.05,91.28,90.51,90.72,41630.492
2025-10-18 16:30:00,90.71,91.06,90.4,91.01,36036.813
2025-10-18 17:00:00,91.01,91.67,90.73,91.54,43074.888
2025-10-18 17:30:00,91.54,91.81,91.37,91.72,37368.307
2025-10-18 18:00:00,91.73,91.89,91.54,91.6,23505.175
2025-10-18 18:30:00,91.59,91.81,91.48,91.72,19317.307
2025-10-18 19:00:00,91.71,92.13,91.57,91.87,37961.199
2025-10-18 19:30:00,91.88,92.02,91.83,91.89,19638.395
2025-10-18 20:00:00,91.9,92.04,91.79,91.97,22410.518
2025-10-18 20:30:00,91.98,92.16,91.79,91.81,29865.374
2025-10-18 21:00:00,91.81,91.98,91.6,91.89,26149.006
2025-10-18 21:30:00,91.89,92.0,91.74,91.8,13481.018
2025-10-18 22:00:00,91.8,91.91,91.72,91.87,13654.069
2025-10-18 22:30:00,91.87,91.95,91.51,91.56,13712.177
2025-10-18 23:00:00,91.55,91.62,91.41,91.6,19586.267
2025-10-18 23:30:00,91.6,91.66,91.55,91.62,8577.566
2025-10-19 00:00:00,91.62,91.68,91.15,91.16,34535.002
2025-10-19 00:30:00,91.16,91.17,90.7,91.02,32179.794
2025-10-19 01:00:00,91.01,91.23,90.74,91.16,21820.596
2025-10-19 01:30:00,91.16,91.18,90.89,91.04,12205.37
2025-10-19 02:00:00,91.03,91.76,90.98,91.34,35538.305
2025-10-19 02:30:00,91.34,91.51,91.16,91.49,12847.448
2025-10-19 03:00:00,91.5,92.11,91.36,92.1,23601.428
2025-10-19 03:30:00,92.11,92.55,92.07,92.15,53880.047
2025-10-19 04:00:00,92.15,92.2,91.7,91.84,30234.777
2025-10-19 04:30:00,91.84,91.94,91.72,91.86,13239.904
2025-10-19 05:00:00,91.87,92.1,91.68,91.99,17611.548
2025-10-19 05:30:00,92.0,92.4,91.99,92.35,31392.24
2025-10-19 06:00:00,92.35,92.58,91.81,91.97,27978.651
2025-10-19 06:30:00,91.98,92.16,91.74,91.96,33662.656
2025-10-19 07:00:00,91.96,92.02,91.63,91.76,23804.944
2025-10-19 07:30:00,91.77,91.9,91.64,91.82,17336.723
2025-10-19 08:00:00,91.83,92.56,90.93,91.56,104828.154
2025-10-19 08:30:00,91.55,91.57,90.96,91.18,43164.519
2025-10-19 09:00:00,91.19,91.22,90.64,90.75,47823.351
2025-10-19 09:30:00,90.75,92.78,90.74,92.21,128441.203
2025-10-19 10:00:00,92.21,93.44,91.96,93.19,93229.137
2025-10-19 10:30:00,93.2,93.28,92.79,93.17,67953.54
2025-10-19 11:00:00,93.16,93.74,93.15,93.21,61955.979
2025-10-19 11:30:00,93.22,93.51,93.18,93.36,29667.735
2025-10-19 12:00:00,93.37,93.44,92.96,93.16,37015.303
2025-10-19 12:30:00,93.17,93.6,93.12,93.54,24680.603
2025-10-19 13:00:00,93.54,93.58,92.83,93.12,30320.419
2025-10-19 13:30:00,93.12,94.47,93.12,94.23,76818.895
2025-10-19 14:00:00,94.24,94.52,93.71,94.37,63355.451
2025-10-19 14:30:00,94.38,94.59,93.96,94.37,68726.187
2025-10-19 15:00:00,94.37,94.43,93.92,94.24,32084.508
2025-10-19 15:30:00,94.25,94.34,94.02,94.09,21806.193
2025-10-19 16:00:00,94.1,94.11,93.6,93.75,28528.857
2025-10-19 16:30:00,93.75,94.29,93.67,93.97,34968.145
2025-10-19 17:00:00,93.97,94.74,93.86,94.19,62609.985
2025-10-19 17:30:00,94.2,94.29,93.68,93.8,34544.401
2025-10-19 18:00:00,93.8,94.01,93.77,93.91,29504.641
2025-10-19 18:30:00,93.9,94.3,93.85,94.23,20098.644
2025-10-19 19:00:00,94.24,94.27,93.9,94.15,22042.658
2025-10-19 19:30:00,94.15,94.2,93.98,94.1,16467.033
2025-10-19 20:00:00,94.09,94.23,93.98,94.15,16657.245
2025-10-19 20:30:00,94.15,94.26,94.0,94.22,12966.923
2025-10-19 21:00:00,94.22,94.25,93.68,93.68,26303.709
2025-10-19 21:30:00,93.69,93.78,93.52,93.75,23840.787
2025-10-19 22:00:00,93.76,94.19,93.73,94.13,24270.798
2025-10-19 22:30:00,94.14,94.36,94.01,94.02,14085.839
2025-10-19 23:00:00,94.03,94.04,93.58,93.62,16845.877
2025-10-19 23:30:00,93.62,93.66,93.14,93.27,35073.082
2025-10-20 00:00:00,93.28,93.28,92.28,92.56,77330.947
2025-10-20 00:30:00,92.56,93.12,92.19,93.07,47079.431
2025-10-20 01:00:00,93.07,93.48,92.96,93.02,46655.705
2025-10-20 01:30:00,93.02,93.12,92.75,92.94,23510.359
2025-10-20 02:00:00,92.93,93.17,92.48,93.06,28587.336
2025-10-20 02:30:00,93.06,93.51,92.9,93.32,27968.667
2025-10-20 03:00:00,93.31,93.39,92.91,93.12,26044.469
2025-10-20 03:30:00,93.12,94.79,92.95,94.57,74341.847
2025-10-20 04:00:00,94.58,94.91,94.36,94.4,54484.61
2025-10-20 04:30:00,94.4,94.68,94.33,94.63,35120.235
2025-10-20 05:00:00,94.63,94.87,94.47,94.77,27811.14
2025-10-20 05:30:00,94.77,95.3,94.76,95.2,46616.391
2025-10-20 06:00:00,95.21,95.46,95.08,95.36,51846.598
2025-10-20 06:30:00,95.37,95.75,95.35,95.52,40600.352
2025-10-20 07:00:00,95.53,95.53,95.08,95.23,39619.73
2025-10-20 07:30:00,95.23,95.24,94.79,95.07,38430.484
2025-10-20 08:00:00,95.06,95.06,94.69,94.91,35788.281
2025-10-20 08:30:00,94.92,95.39,94.69,94.73,53387.795
2025-10-20 09:00:00,94.73,94.87,94.37,94.46,39192.168
2025-10-20 09:30:00,94.46,94.65,94.38,94.62,29991.806
2025-10-20 10:00:00,94.62,94.85,94.45,94.84,36244.985
2025-10-20 10:30:00,94.83,95.03,94.17,94.57,50799.533
2025-10-20 11:00:00,94.57,94.59,94.22,94.41,39764.959
2025-10-20 11:30:00,94.41,94.51,94.07,94.51,33232.567
2025-10-20 12:00:00,94.5,94.79,94.26,94.71,27880.543
2025-10-20 12:30:00,94.7,94.83,94.52,94.73,26995.313
2025-10-20 13:00:00,94.73,94.87,94.49,94.85,28591.59
2025-10-20 13:30:00,94.84,95.44,94.83,95.27,53729.136
2025-10-20 14:00:00,95.27,95.43,94.71,95.38,42789.647
2025-10-20 14:30:00,95.38,95.59,95.26,95.46,39788.438
2025-10-20 15:00:00,95.46,95.7,95.07,95.29,43804.588
2025-10-20 15:30:00,95.28,95.46,94.79,94.79,44971.906
2025-10-20 16:00:00,94.8,94.86,93.26,94.55,151809.295
2025-10-20 16:30:00,94.55,94.58,93.88,94.47,69989.644
2025-10-20 17:00:00,94.47,94.86,94.1,94.18,40654.307
2025-10-20 17:30:00,94.18,94.48,93.72,94.3,39490.427
2025-10-20 18:00:00,94.31,94.55,94.1,94.53,40650.153
2025-10-20 18:30:00,94.53,94.8,94.34,94.75,23443.147
2025-10-20 19:00:00,94.76,94.93,94.46,94.91,22495.317
2025-10-20 19:30:00,94.91,95.5,94.74,95.23,34899.173
2025-10-20 20:00:00,95.22,95.34,94.93,95.03,28803.342
2025-10-20 20:30:00,95.03,95.17,94.88,95.08,16689.418
2025-10-20 21:00:00,95.08,95.2,94.7,94.86,29614.592
2025-10-20 21:30:00,94.87,94.9,94.49,94.66,19039.863
2025-10-20 22:00:00,94.66,95.08,94.52,95.0,18252.98
2025-10-20 22:30:00,95.0,95.18,94.87,94.87,12445.083
2025-10-20 23:00:00,94.88,94.88,94.57,94.67,16224.53
2025-10-20 23:30:00,94.66,94.66,93.93,93.97,47790.156
2025-10-21 00:00:00,93.96,94.05,93.4,93.69,53108.061
2025-10-21 00:30:00,93.69,93.71,93.19,93.44,34963.059
2025-10-21 01:00:00,93.44,93.8,92.89,93.7,43971.85
2025-10-21 01:30:00,93.7,93.71,93.07,93.34,36535.8
2025-10-21 02:00:00,93.35,93.42,92.72,93.01,41585.68
2025-10-21 02:30:00,93.01,93.42,92.9,92.93,26191.339
2025-10-21 03:00:00,92.94,93.42,92.92,93.25,37759.943
2025-10-21 03:30:00,93.25,93.44,92.72,92.86,29953.385
2025-10-21 04:00:00,92.86,92.91,91.82,92.48,121121.164
2025-10-21 04:30:00,92.48,92.48,91.57,91.83,79726.606
2025-10-21 05:00:00,91.83,92.27,91.72,92.19,43103.705
2025-10-21 05:30:00,92.19,92.47,92.1,92.45,40615.791
2025-10-21 06:00:00,92.46,92.71,92.09,92.37,34947.203
2025-10-21 06:30:00,92.38,92.98,92.32,92.73,33125.372
2025-10-21 07:00:00,92.73,93.01,92.49,92.89,46266.791
2025-10-21 07:30:00,92.9,93.19,92.89,92.99,46781.837
2025-10-21 08:00:00,92.99,92.99,92.14,92.28,46149.749
2025-10-21 08:30:00,92.29,92.32,91.94,92.13,41795.662
2025-10-21 09:00:00,92.12,92.13,91.71,92.06,41072.494
2025-10-21 09:30:00,92.06,92.13,91.88,92.02,22990.843
2025-10-21 10:00:00,92.03,92.28,91.79,91.91,31350.571
2025-10-21 10:30:00,91.92,92.87,91.89,92.66,45926.218
2025-10-21 11:00:00,92.66,92.79,92.41,92.54,26729.03
2025-10-21 11:30:00,92.54,92.95,92.4,92.86,25653.486
2025-10-21 12:00:00,92.86,93.87,92.65,93.51,66989.815
2025-10-21 12:30:00,93.51,93.6,92.84,92.91,53760.488
2025-10-21 13:00:00,92.9,93.08,92.32,93.02,55443.859
2025-10-21 13:30:00,93.02,93.45,92.52,92.99,62517.801
2025-10-21 14:00:00,93.0,94.89,92.99,94.0,160089.187
2025-10-21 14:30:00,94.0,95.53,93.99,95.38,124571.604
2025-10-21 15:00:00,95.38,96.5,94.98,96.09,203510.207
2025-10-21 15:30:00,96.09,96.57,95.5,96.24,124536.014
2025-10-21 16:00:00,96.24,96.69,95.8,96.48,98867.462
2025-10-21 16:30:00,96.49,96.72,95.33,95.66,149734.305
2025-10-21 17:00:00,95.67,96.46,94.86,96.38,192374.216
2025-10-21 17:30:00,96.38,96.92,96.07,96.31,98803.498
2025-10-21 18:00:00,96.32,96.9,96.05,96.28,78223.408
2025-10-21 18:30:00,96.29,96.43,95.81,96.43,43272.666
2025-10-21 19:00:00,96.42,96.8,96.25,96.46,44866.93
2025-10-21 19:30:00,96.45,96.45,96.03,96.05,34050.638
2025-10-21 20:00:00,96.06,96.12,94.87,95.61,108156.135
2025-10-21 20:30:00,95.61,95.86,95.35,95.62,35843.342
2025-10-21 21:00:00,95.62,95.81,94.29,95.06,90500.231
2025-10-21 21:30:00,95.04,95.61,94.87,95.53,24524.73
2025-10-21 22:00:00,95.52,95.66,94.54,94.61,52641.442
2025-10-21 22:30:00,94.61,95.0,94.08,94.4,104852.13
2025-10-21 23:00:00,94.4,94.78,94.22,94.22,38251.139
2025-10-21 23:30:00,94.22,94.22,92.35,92.42,143788.055
2025-10-22 00:00:00,92.42,92.87,92.1,92.4,115430.762
2025-10-22 00:30:00,92.41,92.72,91.88,92.38,84362.941
2025-10-22 01:00:00,92.38,92.85,92.17,92.54,58408.321
2025-10-22 01:30:00,92.54,92.81,92.3,92.73,35235.316
2025-10-22 02:00:00,92.74,93.22,92.66,93.14,38339.314
2025-10-22 02:30:00,93.14,93.15,92.77,92.96,26111.525
2025-10-22 03:00:00,92.97,92.98,92.39,92.65,40982.664
2025-10-22 03:30:00,92.65,92.93,92.51,92.88,27808.898
2025-10-22 04:00:00,92.88,93.26,92.8,92.86,50160.764
2025-10-22 04:30:00,92.87,93.39,92.85,93.08,38767.691
2025-10-22 05:00:00,93.09,93.09,91.9,92.28,65724.287
2025-10-22 05:30:00,92.27,92.69,92.12,92.62,37560.746
2025-10-22 06:00:00,92.61,92.68,92.4,92.49,19869.496
2025-10-22 06:30:00,92.48,92.77,92.35,92.45,34447.936
2025-10-22 07:00:00,92.45,92.7,92.17,92.66,36843.726
2025-10-22 07:30:00,92.67,93.21,92.62,93.1,43047.873
2025-10-22 08:00:00,93.1,93.1,92.53,92.63,29896.171
2025-10-22 08:30:00,92.62,92.64,92.28,92.34,29956.887
2025-10-22 09:00:00,92.35,92.42,91.8,92.23,59388.82
2025-10-22 09:30:00,92.22,92.37,91.72,92.02,59388.864
2025-10-22 10:00:00,92.03,92.23,91.91,92.06,35115.499
2025-10-22 10:30:00,92.05,92.11,91.69,91.8,44265.729
2025-10-22 11:00:00,91.81,92.85,90.88,92.25,192625.45
2025-10-22 11:30:00,92.26,92.41,91.95,92.23,34742.573
2025-10-22 12:00:00,92.23,92.75,92.03,92.61,38578.216
2025-10-22 12:30:00,92.61,92.93,92.51,92.83,46319.934
2025-10-22 13:00:00,92.84,93.47,92.67,93.26,61831.091
2025-10-22 13:30:00,93.27,93.71,92.56,93.46,93315.001
2025-10-22 14:00:00,93.46,93.51,92.0,92.38,127968.091
2025-10-22 14:30:00,92.37,93.42,91.81,93.42,129983.378
2025-10-22 15:00:00,93.43,93.63,92.05,92.33,97530.981
2025-10-22 15:30:00,92.34,93.05,92.17,92.86,57888.21
2025-10-22 16:00:00,92.87,92.99,92.33,92.85,35774.178
2025-10-22 16:30:00,92.85,94.41,92.15,94.28,201455.649
2025-10-22 17:00:00,94.27,94.28,93.28,93.82,122655.717
2025-10-22 17:30:00,93.81,94.43,93.52,93.52,90022.886
2025-10-22 18:00:00,93.52,94.22,93.26,94.19,65512.435
2025-10-22 18:30:00,94.18,94.44,93.78,94.05,39223.905
2025-10-22 19:00:00,94.05,94.92,94.03,94.52,58587.494
2025-10-22 19:30:00,94.53,94.55,93.08,93.78,70466.185
2025-10-22 20:00:00,93.78,93.97,92.9,92.95,42407.029
2025-10-22 20:30:00,92.94,93.54,92.19,92.57,68124.104
2025-10-22 21:00:00,92.56,92.57,90.15,90.18,298390.882
2025-10-22 21:30:00,90.17,90.86,89.83,90.76,98779.05
2025-10-22 22:00:00,90.76,91.28,90.32,90.61,75908.824
2025-10-22 22:30:00,90.62,91.18,90.5,90.82,49135.957
2025-10-22 23:00:00,90.82,92.18,90.76,91.86,63632.718
2025-10-22 23:30:00,91.85,92.29,91.6,91.83,51242.645
2025-10-23 00:00:00,91.83,92.47,91.74,92.32,36910.46
2025-10-23 00:30:00,92.33,92.57,92.15,92.43,27881.727
2025-10-23 01:00:00,92.42,92.77,92.12,92.42,42070.961
2025-10-23 01:30:00,92.42,92.73,92.23,92.31,32947.334
2025-10-23 02:00:00,92.31,92.37,92.06,92.11,15772.353
2025-10-23 02:30:00,92.12,92.39,92.03,92.27,33387.771
2025-10-23 03:00:00,92.27,92.79,92.26,92.73,22760.264
2025-10-23 03:30:00,92.73,92.89,92.4,92.53,20945.384
2025-10-23 04:00:00,92.54,92.66,92.08,92.29,25510.013
2025-10-23 04:30:00,92.3,92.65,92.15,92.16,17584.506
2025-10-23 05:00:00,92.17,92.66,92.1,92.47,28954.767
2025-10-23 05:30:00,92.47,92.77,92.31,92.74,17449.363
2025-10-23 06:00:00,92.74,93.99,92.64,93.6,85786.678
2025-10-23 06:30:00,93.61,93.9,93.46,93.78,36937.817
2025-10-23 07:00:00,93.78,93.8,93.05,93.29,29893.064
2025-10-23 07:30:00,93.3,93.43,92.98,93.27,21617.846
2025-10-23 08:00:00,93.28,93.65,93.27,93.5,32224.453
2025-10-23 08:30:00,93.5,93.82,93.38,93.53,28383.962
2025-10-23 09:00:00,93.54,93.61,93.16,93.41,22630.758
2025-10-23 09:30:00,93.4,93.51,93.27,93.28,15271.089
2025-10-23 10:00:00,93.28,93.73,93.23,93.58,23006.962
2025-10-23 10:30:00,93.57,93.74,93.45,93.59,24320.032
2025-10-23 11:00:00,93.58,93.93,93.41,93.65,28003.632
2025-10-23 11:30:00,93.65,93.67,93.11,93.24,41171.68
2025-10-23 12:00:00,93.23,93.44,92.51,93.07,67602.867
2025-10-23 12:30:00,93.08,93.23,92.78,93.22,31491.132
2025-10-23 13:00:00,93.22,93.27,92.81,93.27,23711.168
2025-10-23 13:30:00,93.27,93.81,93.18,93.48,64335.046
2025-10-23 14:00:00,93.49,93.52,92.84,93.38,54375.094
2025-10-23 14:30:00,93.38,93.83,93.31,93.48,39791.643
2025-10-23 15:00:00,93.49,94.12,93.26,94.01,59271.373
2025-10-23 15:30:00,94.02,94.44,93.84,93.99,49967.936
2025-10-23 16:00:00,93.99,94.23,93.61,93.62,40881.988
2025-10-23 16:30:00,93.62,94.56,93.54,94.42,51436.17
2025-10-23 17:00:00,94.42,94.44,93.53,94.01,44386.386
2025-10-23 17:30:00,94.02,94.74,93.99,94.56,78171.658
2025-10-23 18:00:00,94.55,94.6,93.96,94.05,59824.484
2025-10-23 18:30:00,94.05,94.12,93.74,93.9,59039.367
2025-10-23 19:00:00,93.9,93.92,93.48,93.87,29720.413
2025-10-23 19:30:00,93.87,93.88,93.69,93.82,14050.231
2025-10-23 20:00:00,93.81,93.83,93.48,93.78,21327.618
2025-10-23 20:30:00,93.78,93.88,92.86,93.21,47841.227
2025-10-23 21:00:00,93.2,93.53,93.1,93.39,22564.998
2025-10-23 21:30:00,93.39,93.54,93.29,93.41,16562.947
2025-10-23 22:00:00,93.41,93.69,93.37,93.61,16148.701
2025-10-23 22:30:00,93.62,93.83,93.55,93.69,20864.973
2025-10-23 23:00:00,93.7,93.91,93.63,93.89,14873.565
2025-10-23 23:30:00,93.89,94.0,93.74,93.96,15481.259
2025-10-24 00:00:00,93.97,94.2,93.87,94.06,31147.297
2025-10-24 00:30:00,94.06,94.53,93.97,94.39,29553.715
2025-10-24 01:00:00,94.38,94.52,94.11,94.18,17429.53
2025-10-24 01:30:00,94.18,94.86,94.08,94.84,33250.805
2025-10-24 02:00:00,94.83,95.12,94.78,95.01,49244.06
2025-10-24 02:30:00,95.0,95.24,94.7,95.08,36816.085
2025-10-24 03:00:00,95.08,95.21,94.43,94.53,34814.365
2025-10-24 03:30:00,94.53,94.76,94.42,94.72,15863.426
2025-10-24 04:00:00,94.71,94.88,94.42,94.76,27943.365
2025-10-24 04:30:00,94.77,95.34,94.73,95.21,43681.817
2025-10-24 05:00:00,95.21,95.46,94.95,95.42,36642.766
2025-10-24 05:30:00,95.42,95.74,95.41,95.58,33222.788
2025-10-24 06:00:00,95.58,95.94,95.51,95.9,32202.987
2025-10-24 06:30:00,95.9,96.03,95.74,95.98,28550.064
2025-10-24 07:00:00,95.98,96.05,95.7,95.96,37492.665
2025-10-24 07:30:00,95.95,96.08,95.39,96.04,54432.584
